# Blender 5.2.0 LTS
# www.blender.org
mtllib attempt at true boneclaw side.mtl
o 72187924429918
v 1.581753 0.171673 -0.161501
v 1.564844 -0.016797 0.144610
v 1.564844 -0.016797 -0.144610
v 1.581753 0.171673 0.161501
v 1.571396 -0.204447 0.144610
v 1.571396 -0.204447 -0.144610
v 1.601412 -0.391277 0.161501
v 1.601412 -0.391277 -0.161501
v -1.494942 -0.017266 -0.000000
v -1.494927 -0.017696 0.040516
v -1.495513 -0.000924 -0.000000
v -1.494927 -0.017696 -0.040516
v -1.494524 -0.029252 0.028953
v -1.494524 -0.029252 -0.028953
v -1.493513 -0.058187 0.040946
v -1.493513 -0.058187 -0.040946
v -1.493513 -0.058187 0.057298
v -1.493513 -0.058187 -0.057298
v -1.492099 -0.098679 0.040516
v -1.492099 -0.098679 -0.040516
v -1.492503 -0.087123 0.028953
v -1.492503 -0.087123 -0.028953
v -1.492084 -0.099108 0.000000
v -1.491513 -0.115450 0.000000
v -1.309429 -0.022788 0.028953
v -1.493513 -0.058187 0.040946
v -1.494524 -0.029252 0.028953
v -1.308419 -0.051724 0.040946
v -1.492503 -0.087123 0.028953
v -1.309848 -0.010803 -0.000000
v -1.494942 -0.017266 -0.000000
v -1.307409 -0.080659 0.028953
v -1.309429 -0.022788 -0.028953
v -1.494524 -0.029252 -0.028953
v -1.492084 -0.099108 0.000000
v -1.308419 -0.051724 -0.040946
v -1.493513 -0.058187 -0.040946
v -1.307409 -0.080659 -0.028953
v -1.492503 -0.087123 -0.028953
v -1.306990 -0.092645 0.000000
v 0.871295 0.220907 -0.107673
v 0.878413 0.017088 0.138594
v 0.878413 0.017088 -0.138594
v 0.871967 0.201669 -0.138594
v 0.871295 0.220907 0.107673
v 0.871967 0.201669 0.138594
v 0.879140 -0.003750 -0.127847
v 0.879140 -0.003750 0.127847
v 0.884283 -0.151010 0.091463
v 0.883624 -0.132137 0.127847
v 0.884283 -0.151010 -0.091463
v 0.883624 -0.132137 -0.127847
v -1.292345 -0.007001 -0.000000
v -0.842305 -0.004220 0.031208
v -0.842756 0.008700 -0.000000
v -1.291894 -0.019920 0.031208
v -1.291894 -0.019920 -0.031208
v -0.841216 -0.035409 0.044135
v -0.842305 -0.004220 -0.031208
v -1.290805 -0.051109 0.044135
v -1.290805 -0.051109 -0.044135
v -0.840127 -0.066598 0.031208
v -0.841216 -0.035409 -0.044135
v -1.289716 -0.082298 0.031208
v -1.289716 -0.082298 -0.031208
v -0.839675 -0.079517 0.000000
v -0.840127 -0.066598 -0.031208
v -1.289264 -0.095217 0.000000
v -0.859423 -0.036044 0.056162
v -0.860809 0.003644 0.039713
v -0.858037 -0.075733 0.039713
v -0.858037 -0.075733 -0.039713
v -0.857463 -0.092172 0.000000
v -0.860809 0.003644 -0.039713
v -0.861383 0.020083 -0.000000
v -0.859423 -0.036044 -0.056162
v -0.843901 -0.016901 0.021697
v -0.845682 0.034101 0.026784
v -0.843901 -0.016901 -0.021697
v -0.844652 0.004612 0.037758
v -0.845682 0.034101 -0.026784
v -0.844652 0.004612 -0.037758
v -0.847463 0.085104 0.021697
v -0.846712 0.063591 0.037758
v -0.847685 0.091437 -0.000000
v -0.847463 0.085104 -0.021697
v -0.846712 0.063591 -0.037758
v 1.490020 -0.395167 0.161501
v 1.490020 -0.395167 -0.161501
v 1.601412 -0.391277 -0.161501
v 1.601412 -0.391277 0.161501
v 1.581753 0.171673 -0.161501
v 1.564844 -0.016797 -0.144610
v 1.470361 0.167783 -0.161501
v 1.476914 -0.019868 -0.144610
v 1.571396 -0.204447 -0.144610
v 1.483467 -0.207517 -0.144610
v 1.490020 -0.395167 -0.161501
v 1.601412 -0.391277 -0.161501
v 1.564844 -0.016797 0.144610
v 1.470361 0.167783 0.161501
v 1.476914 -0.019868 0.144610
v 1.581753 0.171673 0.161501
v 1.483467 -0.207517 0.144610
v 1.571396 -0.204447 0.144610
v 1.490020 -0.395167 0.161501
v 1.601412 -0.391277 0.161501
v 0.445750 -0.150411 -0.113971
v 0.445750 -0.150411 0.113971
v 0.316002 -0.154942 -0.113971
v 0.464934 -0.103751 0.113971
v 0.464934 -0.103751 -0.113971
v 0.316002 -0.154942 0.113971
v 0.293611 -0.109734 -0.113971
v 0.293611 -0.109734 0.113971
v 0.871295 0.220907 0.107673
v 0.871295 0.220907 -0.107673
v 0.790306 0.218079 -0.107673
v 0.790306 0.218079 0.107673
v 0.790977 0.198841 -0.138594
v 0.871967 0.201669 0.138594
v 0.871967 0.201669 -0.138594
v 0.878413 0.017088 -0.138594
v 0.797423 0.014259 -0.138594
v 0.790977 0.198841 0.138594
v 0.797423 0.014259 0.138594
v 0.878413 0.017088 0.138594
v 1.581753 0.171673 0.161501
v 1.581753 0.171673 -0.161501
v 1.470361 0.167783 -0.161501
v 1.470361 0.167783 0.161501
v 0.798151 -0.006578 -0.127847
v 0.879140 -0.003750 -0.127847
v 0.802634 -0.134966 -0.127847
v 0.883624 -0.132137 -0.127847
v 0.803293 -0.153838 -0.091463
v 0.884283 -0.151010 -0.091463
v 0.803293 -0.153838 0.091463
v 0.884283 -0.151010 0.091463
v 0.802634 -0.134966 0.127847
v 0.883624 -0.132137 0.127847
v 0.798151 -0.006578 0.127847
v 0.879140 -0.003750 0.127847
v -0.601751 0.093684 -0.021697
v -0.847463 0.085104 -0.021697
v -0.847685 0.091437 -0.000000
v -0.601000 0.072171 -0.037758
v -0.846712 0.063591 -0.037758
v -0.601972 0.100017 -0.000000
v -0.847463 0.085104 0.021697
v -0.601751 0.093684 0.021697
v -0.846712 0.063591 0.037758
v -0.601000 0.072171 0.037758
v 0.879140 -0.003750 0.127847
v 0.797423 0.014259 0.138594
v 0.798151 -0.006578 0.127847
v 0.878413 0.017088 0.138594
v 0.879140 -0.003750 -0.127847
v 0.798151 -0.006578 -0.127847
v 0.878413 0.017088 -0.138594
v 0.797423 0.014259 -0.138594
v -0.555478 0.037084 -0.121057
v -0.552680 -0.043030 -0.121057
v -0.579907 -0.003876 -0.121057
v -0.122024 -0.027992 -0.121057
v -0.124822 0.052123 -0.121057
v -0.097594 0.012967 -0.121057
v -0.552680 -0.043030 0.121057
v -0.124822 0.052123 0.121057
v -0.555478 0.037084 0.121057
v -0.579907 -0.003876 0.121057
v -0.122024 -0.027992 0.121057
v -0.097594 0.012967 0.121057
v 1.298291 -0.093106 0.000000
v 1.105272 -0.099846 0.000000
v 1.297927 -0.082684 -0.084053
v 1.104908 -0.089425 -0.084053
v 1.104908 -0.089425 0.084053
v 1.297927 -0.082684 0.084053
v 0.312794 -0.063074 -0.113971
v 0.316002 -0.154942 -0.113971
v 0.293611 -0.109734 -0.113971
v 0.445750 -0.150411 -0.113971
v 0.442542 -0.058543 -0.113971
v 0.464934 -0.103751 -0.113971
v 0.316002 -0.154942 0.113971
v 0.442542 -0.058543 0.113971
v 0.312794 -0.063074 0.113971
v 0.293611 -0.109734 0.113971
v 0.445750 -0.150411 0.113971
v 0.464934 -0.103751 0.113971
v 0.523690 0.081395 0.100481
v -0.057897 0.061086 0.100481
v 0.526713 -0.005167 0.100481
v -0.054874 -0.025477 0.100481
v 0.523690 0.081395 -0.100481
v -0.054874 -0.025477 -0.100481
v -0.057897 0.061086 -0.100481
v 0.526713 -0.005167 -0.100481
v 1.297927 -0.082684 -0.084053
v 1.104908 -0.089425 -0.084053
v 1.295203 -0.004664 -0.097421
v 1.102183 -0.011404 -0.097421
v 1.292478 0.073355 -0.084053
v 1.099459 0.066615 -0.084053
v 1.295203 -0.004664 0.097421
v 1.102183 -0.011404 0.097421
v 1.297927 -0.082684 0.084053
v 1.104908 -0.089425 0.084053
v 1.292478 0.073355 0.084053
v 1.099459 0.066615 0.084053
v 0.688770 0.174108 0.072413
v -0.544021 0.131058 0.072413
v 0.690867 0.114061 0.072413
v -0.541924 0.071011 0.072413
v 0.688770 0.174108 -0.072413
v -0.541924 0.071011 -0.072413
v -0.544021 0.131058 -0.072413
v 0.690867 0.114061 -0.072413
v -0.124822 0.052123 0.121057
v -0.097594 0.012967 -0.121057
v -0.124822 0.052123 -0.121057
v -0.097594 0.012967 0.121057
v -0.555478 0.037084 0.121057
v -0.555478 0.037084 -0.121057
v -0.579907 -0.003876 0.121057
v -0.579907 -0.003876 -0.121057
v 1.099095 0.077036 -0.000000
v 1.292478 0.073355 0.084053
v 1.292114 0.083776 -0.000000
v 1.099459 0.066615 0.084053
v 1.099459 0.066615 -0.084053
v 1.292478 0.073355 -0.084053
v -0.601000 0.072171 -0.037758
v -0.845682 0.034101 -0.026784
v -0.846712 0.063591 -0.037758
v -0.599970 0.042681 -0.026784
v -0.844652 0.004612 -0.037758
v -0.598940 0.013192 -0.037758
v -0.601000 0.072171 0.037758
v -0.846712 0.063591 0.037758
v -0.599970 0.042681 0.026784
v -0.845682 0.034101 0.026784
v -0.598940 0.013192 0.037758
v -0.844652 0.004612 0.037758
v -0.552680 -0.043030 -0.121057
v -0.122024 -0.027992 -0.121057
v -0.122024 -0.027992 0.121057
v -0.097594 0.012967 0.121057
v -0.097594 0.012967 -0.121057
v -0.552680 -0.043030 0.121057
v -0.579907 -0.003876 -0.121057
v -0.579907 -0.003876 0.121057
v -0.843901 -0.016901 0.021697
v -0.598189 -0.008321 0.021697
v -0.598940 0.013192 0.037758
v -0.844652 0.004612 0.037758
v -0.844652 0.004612 -0.037758
v -0.598940 0.013192 -0.037758
v -0.598189 -0.008321 -0.021697
v -0.843901 -0.016901 -0.021697
v -0.860809 0.003644 -0.039713
v -0.594937 0.029388 -0.000000
v -0.594363 0.012949 -0.039713
v -0.861383 0.020083 -0.000000
v -0.859423 -0.036044 -0.056162
v -0.594363 0.012949 0.039713
v -0.592977 -0.026740 -0.056162
v -0.860809 0.003644 0.039713
v -0.858037 -0.075733 -0.039713
v -0.592977 -0.026740 0.056162
v -0.591591 -0.066429 -0.039713
v -0.859423 -0.036044 0.056162
v -0.857463 -0.092172 0.000000
v -0.591591 -0.066429 0.039713
v -0.591017 -0.082868 0.000000
v -0.858037 -0.075733 0.039713
v 0.523690 0.081395 -0.100481
v 0.523690 0.081395 0.100481
v 0.526713 -0.005167 -0.100481
v 0.526713 -0.005167 0.100481
v -0.057897 0.061086 0.100481
v -0.054874 -0.025477 -0.100481
v -0.057897 0.061086 -0.100481
v -0.054874 -0.025477 0.100481
v 0.688770 0.174108 -0.072413
v 0.688770 0.174108 0.072413
v 0.690867 0.114061 -0.072413
v 0.690867 0.114061 0.072413
v -0.544021 0.131058 0.072413
v -0.541924 0.071011 -0.072413
v -0.544021 0.131058 -0.072413
v -0.541924 0.071011 0.072413
v -1.492099 -0.098679 0.040516
v -1.281649 -0.091330 0.040516
v -1.283063 -0.050838 0.057298
v -1.491513 -0.115450 0.000000
v -1.493513 -0.058187 0.057298
v -1.281064 -0.108101 0.000000
v -1.284477 -0.010347 0.040516
v -1.492099 -0.098679 -0.040516
v -1.494927 -0.017696 0.040516
v -1.281649 -0.091330 -0.040516
v -1.285063 0.006425 -0.000000
v -1.493513 -0.058187 -0.057298
v -1.495513 -0.000924 -0.000000
v -1.283063 -0.050838 -0.057298
v -1.284477 -0.010347 -0.040516
v -1.494927 -0.017696 -0.040516
v 0.442542 -0.058543 -0.113971
v 0.442542 -0.058543 0.113971
v 0.464934 -0.103751 -0.113971
v 0.464934 -0.103751 0.113971
v 0.312794 -0.063074 0.113971
v 0.312794 -0.063074 -0.113971
v 0.293611 -0.109734 0.113971
v 0.293611 -0.109734 -0.113971
v -0.599970 0.042681 -0.026784
v -0.598189 -0.008321 -0.021697
v -0.598940 0.013192 -0.037758
v -0.598189 -0.008321 0.021697
v -0.601751 0.093684 -0.021697
v -0.601000 0.072171 -0.037758
v -0.601972 0.100017 -0.000000
v -0.599970 0.042681 0.026784
v -0.598940 0.013192 0.037758
v -0.601751 0.093684 0.021697
v -0.601000 0.072171 0.037758
v 0.797423 0.014259 -0.138594
v 0.790306 0.218079 -0.107673
v 0.790977 0.198841 -0.138594
v 0.790306 0.218079 0.107673
v 0.797423 0.014259 0.138594
v 0.790977 0.198841 0.138594
v 0.798151 -0.006578 0.127847
v 0.798151 -0.006578 -0.127847
v 0.803293 -0.153838 -0.091463
v 0.802634 -0.134966 -0.127847
v 0.803293 -0.153838 0.091463
v 0.802634 -0.134966 0.127847
v -1.281649 -0.091330 -0.040516
v -1.281649 -0.091330 0.040516
v -1.281064 -0.108101 0.000000
v -1.284477 -0.010347 -0.040516
v -1.283063 -0.050838 -0.057298
v -1.284477 -0.010347 0.040516
v -1.283063 -0.050838 0.057298
v -1.285063 0.006425 -0.000000
v 1.470361 0.167783 -0.161501
v 1.476914 -0.019868 -0.144610
v 1.470361 0.167783 0.161501
v 1.476914 -0.019868 0.144610
v 1.483467 -0.207517 -0.144610
v 1.483467 -0.207517 0.144610
v 1.490020 -0.395167 -0.161501
v 1.490020 -0.395167 0.161501
v 1.382458 -0.238457 -0.051286
v 1.370646 -0.312131 -0.000048
v 1.367382 -0.307458 -0.061673
v 1.390600 -0.233249 -0.000048
v 1.370646 -0.312131 -0.000048
v 1.382458 -0.238457 0.043286
v 1.367382 -0.307458 0.053674
v 1.390600 -0.233249 -0.000048
v 1.369770 -0.297741 0.114182
v 1.367382 -0.307458 0.053674
v 1.372167 -0.244974 0.072862
v 1.382458 -0.238457 0.043286
v 1.372167 -0.244974 0.072862
v 1.407716 -0.267664 0.119065
v 1.384252 -0.237213 0.070414
v 1.367382 -0.307458 -0.061673
v 1.369770 -0.297741 -0.122180
v 1.372167 -0.244974 -0.080862
v 1.382458 -0.238457 -0.051286
v 1.407716 -0.267664 -0.127064
v 1.372167 -0.244974 -0.080862
v 1.384252 -0.237213 -0.078413
v 1.407716 -0.267664 -0.127064
v 1.429580 -0.207902 -0.124480
v 1.463075 -0.298332 -0.058473
v 1.501584 -0.376736 0.000553
v 1.495306 -0.374476 -0.070440
v 1.467338 -0.287852 0.000553
v 1.501584 -0.376736 0.000553
v 1.463075 -0.298332 0.050474
v 1.495306 -0.374476 0.062442
v 1.467338 -0.287852 0.000553
v -1.231931 -0.073938 -0.043398
v -1.208157 -0.058243 -0.018202
v -1.208226 -0.055948 -0.022133
v -1.238356 -0.090534 -0.025075
v -1.208321 -0.052764 -0.024350
v -1.229948 -0.051622 -0.050363
v -1.231930 -0.073938 0.043398
v -1.208157 -0.058243 0.018203
v -1.238356 -0.090534 0.025077
v -1.208226 -0.055948 0.022133
v -1.208321 -0.052764 0.024350
v -1.229948 -0.051622 0.050364
v 1.385995 -0.236086 -0.160531
v 1.429580 -0.207902 -0.124480
v 1.407716 -0.267664 -0.127064
v -1.208059 -0.061545 0.000000
v -1.238260 -0.096032 0.000000
v -1.238356 -0.090534 0.025077
v -1.208157 -0.058243 0.018203
v -1.208157 -0.058243 -0.018202
v -1.238356 -0.090534 -0.025075
v -1.208059 -0.061545 0.000000
v -1.238260 -0.096032 0.000000
v 1.298465 -0.067708 -0.083758
v 1.253823 -0.125015 -0.101260
v 1.282721 -0.068133 -0.085192
v 1.257053 -0.116014 -0.128791
v 1.491020 -0.363575 0.126748
v 1.495306 -0.374476 0.062442
v 1.457645 -0.311519 0.079148
v 1.463075 -0.298332 0.050474
v 1.282721 -0.068133 0.077018
v 1.257053 -0.116014 0.120618
v 1.253823 -0.125015 0.093088
v 1.298465 -0.067708 0.075585
v 1.495306 -0.374476 -0.070440
v 1.491020 -0.363575 -0.126078
v 1.457645 -0.311519 -0.078479
v 1.463075 -0.298332 -0.058473
v 1.407716 -0.267664 0.119065
v 1.384252 -0.237213 0.070414
v 1.429580 -0.207902 0.121512
v 1.385995 -0.236086 0.152531
v 1.407716 -0.267664 0.119065
v 1.429580 -0.207902 0.121512
v 1.506958 -0.309177 -0.134765
v 1.487465 -0.237278 -0.120926
v 1.463950 -0.295932 -0.078717
v -1.206210 -0.123618 0.000000
v -1.238356 -0.090534 0.025077
v -1.238260 -0.096032 0.000000
v -1.206373 -0.118158 0.027522
v -1.238356 -0.090534 -0.025075
v -1.206210 -0.123618 0.000000
v -1.238260 -0.096032 0.000000
v -1.206373 -0.118158 -0.027521
v 1.506958 -0.309177 -0.134765
v 1.457645 -0.311519 -0.078479
v 1.491020 -0.363575 -0.126078
v 1.463950 -0.295932 -0.078717
v 1.464854 -0.293677 0.170927
v 1.506958 -0.309177 0.132373
v 1.487465 -0.237278 0.124998
v -1.164215 -0.079711 -0.039174
v -1.142632 -0.065171 -0.017090
v -1.142665 -0.063629 -0.020026
v -1.169390 -0.092850 -0.023440
v -1.142711 -0.061637 -0.021570
v -1.162472 -0.061682 -0.044970
v -1.164215 -0.079711 0.039174
v -1.142632 -0.065171 0.017090
v -1.169390 -0.092850 0.023440
v -1.142665 -0.063629 0.020026
v -1.142711 -0.061637 0.021570
v -1.162472 -0.061682 0.044970
v 1.506958 -0.309177 0.132373
v 1.463950 -0.295932 0.076326
v 1.487465 -0.237278 0.124998
v -1.141337 -0.122825 0.000000
v -1.169390 -0.092850 0.023440
v -1.169341 -0.097379 0.000000
v -1.141443 -0.118059 0.027102
v -1.169390 -0.092850 -0.023440
v -1.141337 -0.122825 0.000000
v -1.169341 -0.097379 0.000000
v -1.141443 -0.118059 -0.027101
v 1.464854 -0.293677 -0.173320
v 1.487465 -0.237278 -0.120926
v 1.506958 -0.309177 -0.134765
v 1.506958 -0.309177 0.132373
v 1.457645 -0.311519 0.079148
v 1.463950 -0.295932 0.076326
v 1.491020 -0.363575 0.126748
v -1.142573 -0.067783 0.000000
v -1.169341 -0.097379 0.000000
v -1.169390 -0.092850 0.023440
v -1.142632 -0.065171 0.017090
v -1.142632 -0.065171 -0.017090
v -1.169390 -0.092850 -0.023440
v -1.142573 -0.067783 0.000000
v -1.169341 -0.097379 0.000000
v -1.229948 -0.051622 -0.050363
v -1.208321 -0.052764 -0.024350
v -1.209227 -0.022366 -0.046021
v -1.229948 -0.051622 0.050364
v -1.209227 -0.022366 0.046022
v -1.208321 -0.052764 0.024350
v 1.454135 0.168762 -0.000000
v 1.409086 0.165521 0.047604
v 1.454043 0.159924 -0.000000
v 1.418522 0.187047 0.040032
v 1.454135 0.168762 -0.000000
v 1.409086 0.165521 -0.047604
v 1.418522 0.187047 -0.040031
v 1.454043 0.159924 -0.000000
v -1.164215 -0.079711 0.039174
v -1.142731 -0.060749 0.064544
v -1.162472 -0.061682 0.044970
v -1.141991 -0.093697 0.054854
v -1.169390 -0.092850 0.023440
v -1.141443 -0.118059 0.027102
v -1.142731 -0.060749 -0.064543
v -1.164215 -0.079711 -0.039174
v -1.162472 -0.061682 -0.044970
v -1.141991 -0.093697 -0.054853
v -1.169390 -0.092850 -0.023440
v -1.141443 -0.118059 -0.027101
v 1.491020 -0.363575 0.126748
v 1.464854 -0.293677 0.170927
v 1.431601 -0.376481 0.158664
v 1.506958 -0.309177 0.132373
v 1.421361 -0.402384 0.066697
v 1.491020 -0.363575 0.126748
v 1.495306 -0.374476 0.062442
v 1.491020 -0.363575 -0.126078
v 1.464854 -0.293677 -0.173320
v 1.506958 -0.309177 -0.134765
v 1.431601 -0.376482 -0.157996
v 1.491020 -0.363575 -0.126078
v 1.421361 -0.402384 -0.074696
v 1.495306 -0.374476 -0.070440
v -1.072330 -0.049431 0.000000
v -1.106306 -0.087946 0.000000
v -1.106443 -0.082119 0.033624
v -1.072448 -0.046069 0.022179
v -1.072448 -0.046069 -0.022179
v -1.106443 -0.082119 -0.033624
v -1.072330 -0.049431 0.000000
v -1.106306 -0.087946 0.000000
v 1.298465 -0.067708 -0.083758
v 1.244464 -0.132066 0.000083
v 1.253823 -0.125015 -0.101260
v 1.298022 -0.067761 0.000083
v 1.244464 -0.132066 0.000083
v 1.298465 -0.067708 0.075585
v 1.253823 -0.125015 0.093088
v 1.298022 -0.067761 0.000083
v -1.231930 -0.073938 0.043398
v -1.208355 -0.051595 0.068258
v -1.229948 -0.051622 0.050364
v -1.207222 -0.089614 0.057655
v -1.238356 -0.090534 0.025077
v -1.206373 -0.118158 0.027522
v -1.208355 -0.051595 -0.068257
v -1.231931 -0.073938 -0.043398
v -1.229948 -0.051622 -0.050363
v -1.207222 -0.089614 -0.057654
v -1.238356 -0.090534 -0.025075
v -1.206373 -0.118158 -0.027521
v -1.069857 -0.120246 0.000000
v -1.106443 -0.082119 0.033624
v -1.106306 -0.087946 0.000000
v -1.070071 -0.114113 0.040223
v -1.106443 -0.082119 -0.033624
v -1.069857 -0.120246 0.000000
v -1.106306 -0.087946 0.000000
v -1.070071 -0.114113 -0.040222
v -1.072517 -0.044085 -0.021010
v -1.099993 -0.065128 -0.044652
v -1.072448 -0.046069 -0.022179
v -1.106443 -0.082119 -0.033624
v 1.425703 0.155912 -0.000000
v 1.405475 0.134313 0.032767
v 1.438221 0.135457 -0.000000
v 1.404744 0.155180 0.020970
v -1.099993 -0.065128 0.044652
v -1.072517 -0.044085 0.021010
v -1.072448 -0.046069 0.022179
v -1.106443 -0.082119 0.033624
v 1.425703 0.155912 -0.000000
v 1.405475 0.134313 -0.032767
v 1.404744 0.155180 -0.020970
v 1.438221 0.135457 -0.000000
v -1.162472 -0.061682 -0.044970
v -1.142711 -0.061637 -0.021570
v -1.143300 -0.035370 -0.043398
v -1.162472 -0.061682 0.044970
v -1.143300 -0.035370 0.043398
v -1.142711 -0.061637 0.021570
v 0.942938 -0.392546 -0.000001
v 0.895360 -0.457748 0.095096
v 0.894780 -0.461399 -0.000001
v 0.935402 -0.393926 0.099812
v 0.935402 -0.393926 -0.099813
v 0.942938 -0.392546 -0.000001
v 0.895360 -0.457748 -0.095098
v 0.894780 -0.461399 -0.000001
v -1.142731 -0.060749 0.064544
v -1.143300 -0.035370 0.043398
v -1.162472 -0.061682 0.044970
v -1.142731 -0.060749 -0.064543
v -1.162472 -0.061682 -0.044970
v -1.143300 -0.035370 -0.043398
v 1.282721 -0.068133 -0.085192
v 1.241308 -0.023576 -0.100441
v 1.298465 -0.067708 -0.083758
v 1.245763 -0.028190 -0.127422
v -0.993235 -0.122365 0.000000
v -1.022604 -0.091171 0.023086
v -1.022486 -0.096070 0.000000
v -0.993413 -0.117263 0.025646
v -1.022604 -0.091171 -0.023086
v -0.993235 -0.122365 0.000000
v -1.022486 -0.096070 0.000000
v -0.993413 -0.117263 -0.025645
v 1.241308 -0.023576 0.092267
v 1.282721 -0.068133 0.077018
v 1.298465 -0.067708 0.075585
v 1.245763 -0.028190 0.119250
v 1.461165 0.202891 -0.000000
v 1.418522 0.187047 0.040032
v 1.454135 0.168762 -0.000000
v 1.433594 0.213076 0.029393
v 1.459021 0.229930 0.016130
v 1.471909 0.220229 -0.000000
v -0.995216 -0.065625 0.000000
v -1.022486 -0.096070 0.000000
v -1.022604 -0.091171 0.023086
v -0.995336 -0.062204 0.018518
v -0.995336 -0.062204 -0.018518
v -1.022604 -0.091171 -0.023086
v -0.995216 -0.065625 0.000000
v -1.022486 -0.096070 0.000000
v -1.098039 -0.041898 -0.044584
v -1.072517 -0.044085 -0.021010
v -1.072606 -0.041522 -0.020346
v -1.099993 -0.065128 -0.044652
v -1.098039 -0.041898 0.044584
v -1.072517 -0.044085 0.021010
v -1.099993 -0.065128 0.044652
v -1.072606 -0.041522 0.020346
v -0.645511 -0.111891 -0.065366
v -0.648412 -0.115723 -0.000048
v -0.656579 -0.045087 -0.061186
v -0.660729 -0.041327 -0.000048
v -0.648412 -0.115723 -0.000048
v -0.656579 -0.045087 0.053186
v -0.660729 -0.041327 -0.000048
v -0.645511 -0.111891 0.057367
v -1.016721 -0.075858 -0.041198
v -0.995336 -0.062204 -0.018518
v -0.995431 -0.059482 -0.023720
v -1.022604 -0.091171 -0.023086
v -1.016721 -0.075858 0.041198
v -0.995336 -0.062204 0.018518
v -1.022604 -0.091171 0.023086
v -0.995431 -0.059482 0.023721
v -0.995431 -0.059482 -0.023720
v -1.015027 -0.055587 -0.046144
v -1.016721 -0.075858 -0.041198
v -0.995570 -0.055476 -0.025670
v -0.995431 -0.059482 0.023721
v -1.015027 -0.055587 0.046144
v -0.995570 -0.055476 0.025670
v -1.016721 -0.075858 0.041198
v -1.106443 -0.082119 0.033624
v -1.071166 -0.082770 0.064013
v -1.099993 -0.065128 0.044652
v -1.070071 -0.114113 0.040223
v -1.071166 -0.082770 -0.064012
v -1.106443 -0.082119 -0.033624
v -1.099993 -0.065128 -0.044652
v -1.070071 -0.114113 -0.040222
v -1.208355 -0.051595 0.068258
v -1.209227 -0.022366 0.046022
v -1.229948 -0.051622 0.050364
v -1.208355 -0.051595 -0.068257
v -1.229948 -0.051622 -0.050363
v -1.209227 -0.022366 -0.046021
v 1.495306 -0.374476 -0.070440
v 1.419320 -0.407626 0.000553
v 1.421361 -0.402384 -0.074696
v 1.501584 -0.376736 0.000553
v 1.419320 -0.407626 0.000553
v 1.495306 -0.374476 0.062442
v 1.421361 -0.402384 0.066697
v 1.501584 -0.376736 0.000553
v -1.016721 -0.075858 0.041198
v -0.995615 -0.054188 0.063940
v -1.015027 -0.055587 0.046144
v -0.994367 -0.089949 0.056141
v -0.945807 -0.064869 -0.040965
v -0.920476 -0.047190 -0.016906
v -0.920537 -0.045502 -0.019910
v -0.951627 -0.080269 -0.024003
v -0.920613 -0.043366 -0.021458
v -0.944044 -0.043758 -0.047186
v -0.995615 -0.054188 -0.063939
v -1.016721 -0.075858 -0.041198
v -1.015027 -0.055587 -0.046144
v -0.994367 -0.089949 -0.056140
v -0.945807 -0.064869 0.040965
v -0.920476 -0.047190 0.016906
v -0.951627 -0.080269 0.024003
v -0.920537 -0.045502 0.019910
v -0.920613 -0.043366 0.021458
v -0.944044 -0.043758 0.047186
v -0.920369 -0.050192 0.000000
v -0.951502 -0.085581 0.000000
v -0.951627 -0.080269 0.024003
v -0.920476 -0.047190 0.016906
v -0.920476 -0.047190 -0.016906
v -0.951627 -0.080269 -0.024003
v -0.920369 -0.050192 0.000000
v -0.951502 -0.085581 0.000000
v -0.994367 -0.089949 0.056141
v -1.022604 -0.091171 0.023086
v -0.993413 -0.117263 0.025646
v -1.016721 -0.075858 0.041198
v -1.099993 -0.065128 0.044652
v -1.072646 -0.040379 0.064859
v -1.098039 -0.041898 0.044584
v -1.071166 -0.082770 0.064013
v -0.994367 -0.089949 -0.056140
v -1.022604 -0.091171 -0.023086
v -1.016721 -0.075858 -0.041198
v -0.993413 -0.117263 -0.025645
v -1.072646 -0.040379 -0.064859
v -1.099993 -0.065128 -0.044652
v -1.098039 -0.041898 -0.044584
v -1.071166 -0.082770 -0.064012
v 1.095065 -0.126817 -0.057476
v 1.052747 -0.183599 -0.000335
v 1.052039 -0.178845 -0.060902
v 1.100679 -0.125835 -0.000335
v 1.100679 -0.125835 -0.000335
v 1.052039 -0.178845 0.052902
v 1.052747 -0.183599 -0.000335
v 1.095065 -0.126817 0.049477
v 1.461165 0.202891 -0.000000
v 1.418522 0.187047 -0.040031
v 1.433594 0.213076 -0.029393
v 1.454135 0.168762 -0.000000
v 1.459021 0.229930 -0.016131
v 1.471909 0.220229 -0.000000
v 1.459021 0.229930 -0.016131
v 1.498876 0.236873 -0.000000
v -1.015027 -0.055587 -0.046144
v -0.995570 -0.055476 -0.025670
v -0.996570 -0.026842 -0.039793
v -1.015027 -0.055587 0.046144
v -0.996570 -0.026842 0.039794
v -0.995570 -0.055476 0.025670
v 1.038245 -0.079785 -0.149141
v 1.087267 -0.120546 -0.113582
v 1.048661 -0.155296 -0.139270
v 1.076044 -0.073444 -0.118110
v 1.052039 -0.178845 -0.060902
v 1.095065 -0.126817 -0.057476
v -0.918052 -0.115141 0.000000
v -0.951627 -0.080269 0.024003
v -0.951502 -0.085581 0.000000
v -0.918251 -0.109540 0.028096
v -0.951627 -0.080269 -0.024003
v -0.918052 -0.115141 0.000000
v -0.951502 -0.085581 0.000000
v -0.918251 -0.109540 -0.028096
v 1.038245 -0.079785 0.141142
v 1.087267 -0.120546 0.105582
v 1.076044 -0.073444 0.110111
v 1.048661 -0.155296 0.131270
v 1.052039 -0.178845 0.052902
v 1.095065 -0.126817 0.049477
v -1.098039 -0.041898 -0.044584
v -1.072606 -0.041522 -0.020346
v -1.073786 -0.007728 -0.042043
v 1.300034 -0.066014 -0.169258
v 1.352987 -0.059237 -0.128721
v 1.306153 -0.104955 -0.133944
v -1.098039 -0.041898 0.044584
v -1.073786 -0.007728 0.042043
v -1.072606 -0.041522 0.020346
v -0.647353 -0.043646 -0.120884
v -0.645511 -0.111891 -0.065366
v -0.656579 -0.045087 -0.061186
v -0.631050 -0.092999 -0.149886
v -0.584395 -0.032722 -0.160531
v -0.614649 -0.008951 -0.125570
v -0.645511 -0.111891 0.057367
v -0.647353 -0.043647 0.112885
v -0.656579 -0.045087 0.053186
v -0.631050 -0.092999 0.141886
v -0.584395 -0.032722 0.152531
v -0.614649 -0.008951 0.117571
v 1.300034 -0.066013 0.165338
v 1.306153 -0.104955 0.130022
v 1.352987 -0.059237 0.126646
v -1.072646 -0.040379 0.064859
v -1.073786 -0.007728 0.042043
v -1.098039 -0.041898 0.044584
v -1.072646 -0.040379 -0.064859
v -1.098039 -0.041898 -0.044584
v -1.073786 -0.007728 -0.042043
v -0.945807 -0.064869 0.040965
v -0.920648 -0.042371 0.068626
v -0.944044 -0.043758 0.047186
v -0.919269 -0.081043 0.058143
v -0.920649 -0.042371 -0.068626
v -0.945807 -0.064869 -0.040965
v -0.944044 -0.043758 -0.047186
v -0.919269 -0.081043 -0.058142
v -0.919269 -0.081043 0.058143
v -0.951627 -0.080269 0.024003
v -0.918251 -0.109540 0.028096
v -0.945807 -0.064869 0.040965
v -0.919269 -0.081043 -0.058142
v -0.951627 -0.080269 -0.024003
v -0.945807 -0.064869 -0.040965
v -0.918251 -0.109540 -0.028096
v -0.944044 -0.043758 -0.047186
v -0.920613 -0.043366 -0.021458
v -0.921713 -0.012550 -0.041973
v -0.944044 -0.043758 0.047186
v -0.921713 -0.012550 0.041974
v -0.920613 -0.043366 0.021458
v -0.995615 -0.054188 0.063940
v -0.996570 -0.026842 0.039794
v -1.015027 -0.055587 0.046144
v -0.995615 -0.054188 -0.063939
v -1.015027 -0.055587 -0.046144
v -0.996570 -0.026842 -0.039793
v 0.880223 -0.220711 -0.000001
v 0.840193 -0.283782 0.094334
v 0.842820 -0.286742 -0.000001
v 0.870729 -0.222967 0.094908
v 0.870729 -0.222967 -0.094910
v 0.880223 -0.220711 -0.000001
v 0.840194 -0.283781 -0.094334
v 0.842820 -0.286742 -0.000001
v 1.114935 0.184620 -0.000000
v 1.091058 0.169293 0.028195
v 1.118626 0.163380 -0.000000
v 1.095253 0.188844 0.020130
v 1.114935 0.184620 -0.000000
v 1.091058 0.169293 -0.028194
v 1.095253 0.188844 -0.020130
v 1.118626 0.163380 -0.000000
v -0.920648 -0.042371 0.068626
v -0.921713 -0.012550 0.041974
v -0.944044 -0.043758 0.047186
v -0.920649 -0.042371 -0.068626
v -0.944044 -0.043758 -0.047186
v -0.921713 -0.012550 -0.041973
v 1.241308 -0.023576 -0.100441
v 1.230714 -0.019091 0.000083
v 1.298465 -0.067708 -0.083758
v 1.298022 -0.067761 0.000083
v 1.230714 -0.019091 0.000083
v 1.298465 -0.067708 0.075585
v 1.298022 -0.067761 0.000083
v 1.241308 -0.023576 0.092267
v 1.017833 0.220451 -0.000000
v 0.983900 0.207312 0.036624
v 1.020440 0.197360 -0.000000
v 0.987675 0.226940 0.030850
v 1.017833 0.220451 -0.000000
v 0.983900 0.207312 -0.036624
v 0.987675 0.226940 -0.030849
v 1.020440 0.197360 -0.000000
v 0.981055 0.193373 0.018405
v 1.008014 0.171142 -0.000000
v 0.999459 0.193572 -0.000000
v 0.980534 0.170182 0.027602
v 0.981055 0.193373 -0.018405
v 1.008014 0.171142 -0.000000
v 0.980534 0.170182 -0.027602
v 0.999459 0.193572 -0.000000
v 0.656496 -0.465270 -0.098225
v 0.693970 -0.379379 -0.055701
v 0.660053 -0.469666 0.011170
v 0.691613 -0.382311 0.011170
v 0.660053 -0.469666 0.011170
v 0.691613 -0.382311 0.011170
v 0.693970 -0.379379 0.049611
v 0.656496 -0.465270 0.081871
v 1.306153 -0.104955 0.130022
v 1.297917 -0.066285 0.078686
v 1.352987 -0.059237 0.126646
v -0.467725 0.143655 -0.002534
v -0.414375 0.209076 0.055059
v -0.414518 0.215262 -0.002534
v -0.462146 0.144375 0.051371
v -0.414375 0.209076 -0.053158
v -0.467725 0.143655 -0.002534
v -0.414518 0.215262 -0.002534
v -0.462146 0.144375 -0.049471
v 0.656496 -0.465270 0.081871
v 0.694449 -0.378372 0.063695
v 0.671208 -0.451408 0.106544
v 0.693970 -0.379379 0.049611
v 0.694449 -0.378372 -0.066399
v 0.656496 -0.465270 -0.098225
v 0.671208 -0.451408 -0.115068
v 0.693970 -0.379379 -0.055701
v -0.455580 0.139806 -0.097974
v -0.414375 0.209076 -0.053158
v -0.413543 0.178449 -0.123545
v -0.462146 0.144375 -0.049471
v -0.411537 0.111100 -0.132931
v -0.450099 0.109620 -0.102106
v -0.414375 0.209076 0.055059
v -0.455580 0.139806 0.093240
v -0.413543 0.178449 0.118812
v -0.462146 0.144375 0.051371
v -0.411537 0.111100 0.130540
v -0.450099 0.109620 0.099714
v -0.475598 -0.160895 0.066697
v -0.528604 -0.101081 0.125254
v -0.535793 -0.109316 0.061880
v -0.476846 -0.133070 0.158664
v -0.480364 -0.043908 0.170927
v -0.525382 -0.045357 0.130651
v -0.475598 -0.160895 -0.074696
v -0.528604 -0.101081 -0.124584
v -0.476846 -0.133070 -0.157996
v -0.535793 -0.109316 -0.069880
v -0.480364 -0.043908 -0.173320
v -0.525382 -0.045357 -0.133043
v 0.725511 0.184658 -0.002413
v 0.673051 0.246096 -0.002413
v 0.673182 0.240473 0.049945
v 0.720312 0.184748 0.046982
v 0.720312 0.184748 -0.045473
v 0.673182 0.240473 -0.048434
v 0.725511 0.184658 -0.002413
v 0.673051 0.246096 -0.002413
v 1.125036 0.216230 0.032591
v 1.143019 0.176002 -0.000000
v 1.153691 0.200708 -0.000000
v 1.104986 0.195069 0.041201
v 1.153691 0.200708 -0.000000
v 1.143019 0.176002 -0.000000
v 1.125036 0.216230 -0.032590
v 1.104986 0.195069 -0.041200
v 1.016236 0.271399 0.012430
v 1.020594 0.250956 -0.000000
v 1.027058 0.265283 -0.000000
v 0.998505 0.255965 0.022650
v 0.987675 0.226940 0.030850
v 1.017833 0.220451 -0.000000
v 0.730986 -0.412419 0.097808
v 0.763515 -0.346050 0.099615
v 0.712076 -0.373219 0.134411
v 0.730986 -0.412419 -0.097807
v 0.712076 -0.373219 -0.134411
v 0.763515 -0.346050 -0.099615
v 1.295319 -0.026723 -0.132367
v 1.352987 -0.059237 -0.128721
v 1.300034 -0.066014 -0.169258
v 1.145605 0.236623 0.023929
v 1.153691 0.200708 -0.000000
v 1.167154 0.226222 -0.000000
v 1.125036 0.216230 0.032591
v 1.167154 0.226222 -0.000000
v 1.153691 0.200708 -0.000000
v 1.145605 0.236623 -0.023929
v 1.125036 0.216230 -0.032590
v 1.095065 -0.126817 -0.057476
v 1.087267 -0.120546 -0.113582
v 1.040457 -0.096074 -0.075269
v 1.038898 -0.083992 -0.047845
v 1.076044 -0.073444 -0.118110
v 1.040457 -0.096074 -0.075269
v 1.038531 -0.081841 -0.072998
v 1.076044 -0.073444 -0.118110
v 1.031122 -0.028371 -0.109745
v 0.675762 0.151405 -0.120956
v 0.714194 0.179666 -0.090215
v 0.710720 0.151113 -0.094130
v 0.673939 0.212631 -0.112422
v 0.673182 0.240473 -0.048434
v 0.720312 0.184748 -0.045473
v 1.087267 -0.120546 0.105582
v 1.095065 -0.126817 0.049477
v 1.040457 -0.096073 0.067270
v 1.038898 -0.083992 0.039845
v 1.040457 -0.096073 0.067270
v 1.076044 -0.073444 0.110111
v 1.038531 -0.081841 0.064998
v 1.076044 -0.073444 0.110111
v 1.031122 -0.028372 0.106410
v 1.027058 0.265283 -0.000000
v 1.016236 0.271399 -0.012430
v 1.045987 0.280712 -0.000000
v 1.020594 0.250956 -0.000000
v 1.016236 0.271399 -0.012430
v 0.998505 0.255965 -0.022650
v 0.987675 0.226940 -0.030849
v 1.017833 0.220451 -0.000000
v 0.675762 0.151405 0.118564
v 0.714194 0.179666 0.085696
v 0.673939 0.212631 0.107902
v 0.710719 0.151113 0.091739
v 0.673182 0.240473 0.049945
v 0.720312 0.184748 0.046982
v 0.821099 -0.234757 0.135485
v 0.802653 -0.283703 0.108822
v 0.840193 -0.283782 0.094334
v 0.870729 -0.222967 0.094908
v 0.870729 -0.222967 -0.094910
v 0.840194 -0.283781 -0.094334
v 0.821099 -0.234757 -0.135485
v 0.802653 -0.283703 -0.108822
v 1.295319 -0.026723 0.128446
v 1.300034 -0.066013 0.165338
v 1.352987 -0.059237 0.126646
v -0.475598 -0.160895 -0.074696
v -0.475316 -0.166513 0.000553
v -0.535793 -0.109316 -0.069880
v -0.542343 -0.109066 0.000553
v -0.475316 -0.166513 0.000553
v -0.535793 -0.109316 0.061880
v -0.542343 -0.109066 0.000553
v -0.475598 -0.160895 0.066697
v -0.557583 0.236008 0.025914
v -0.568842 0.270043 -0.000000
v -0.587744 0.242495 -0.000000
v -0.546754 0.265033 0.019026
v -0.546754 0.265033 -0.019026
v -0.557583 0.236008 -0.025913
v -0.568842 0.270043 -0.000000
v -0.587744 0.242495 -0.000000
v 0.585523 -0.334997 0.000000
v 0.629559 -0.252418 0.000000
v 0.627067 -0.247298 0.073634
v 0.587056 -0.328366 0.092490
v 0.587056 -0.328366 -0.092490
v 0.627067 -0.247298 -0.073634
v 0.585523 -0.334997 0.000000
v 0.629559 -0.252418 0.000000
v 0.935402 -0.393926 0.099812
v 0.851359 -0.453812 0.130118
v 0.895360 -0.457748 0.095096
v 0.876829 -0.401801 0.168871
v 0.851359 -0.453812 0.130118
v 0.800520 -0.413571 0.176474
v 0.807219 -0.455202 0.124054
v 0.800520 -0.413571 0.176474
v 0.744586 -0.420489 0.099847
v 0.935402 -0.393926 -0.099813
v 0.851359 -0.453812 -0.130118
v 0.876829 -0.401801 -0.168871
v 0.895360 -0.457748 -0.095098
v 0.800520 -0.413571 -0.176474
v 0.851359 -0.453812 -0.130118
v 0.807219 -0.455202 -0.124054
v 0.744586 -0.420489 -0.099848
v 0.800520 -0.413571 -0.176474
v 0.850937 0.213685 0.023186
v 0.869862 0.237075 -0.000000
v 0.851458 0.236877 0.015460
v 0.878417 0.214647 -0.000000
v 0.869862 0.237075 -0.000000
v 0.850937 0.213685 -0.023186
v 0.851458 0.236877 -0.015460
v 0.878417 0.214647 -0.000000
v -0.581490 0.170264 -0.000000
v -0.589970 0.114331 -0.000000
v -0.562490 0.115291 0.023186
v -0.563086 0.170461 0.015460
v -0.562490 0.115291 -0.023186
v -0.581490 0.170264 -0.000000
v -0.563086 0.170461 -0.015460
v -0.589970 0.114331 -0.000000
v 0.706541 -0.374120 -0.042767
v 0.730986 -0.412419 -0.097807
v 0.763515 -0.346050 -0.099615
v 0.706541 -0.374120 0.042768
v 0.763515 -0.346050 0.099615
v 0.730986 -0.412419 0.097808
v 1.038898 -0.083992 -0.047845
v 1.100679 -0.125835 -0.000335
v 1.095065 -0.126817 -0.057476
v 1.037620 -0.074412 -0.000335
v -0.323318 0.146086 -0.002332
v -0.278047 0.201600 0.046539
v -0.278169 0.206850 -0.002332
v -0.318584 0.146698 0.043410
v -0.278047 0.201600 -0.045290
v -0.323318 0.146086 -0.002332
v -0.278169 0.206850 -0.002332
v -0.318584 0.146698 -0.042161
v 1.100679 -0.125835 -0.000335
v 1.038898 -0.083992 0.039845
v 1.095065 -0.126817 0.049477
v 1.037620 -0.074412 -0.000335
v -0.535793 -0.109316 0.061880
v -0.479647 -0.063137 0.079148
v -0.480083 -0.048883 0.050474
v -0.528604 -0.101081 0.125254
v -0.479647 -0.063137 0.079148
v -0.525382 -0.045357 0.130651
v -0.480267 -0.046335 0.076326
v -0.560241 0.184398 0.030764
v -0.587744 0.242495 -0.000000
v -0.602324 0.183206 -0.000000
v -0.557583 0.236008 0.025914
v 1.038245 -0.079785 0.141142
v 1.076044 -0.073444 0.110111
v 1.031122 -0.028372 0.106410
v -0.525382 -0.045357 0.130651
v -0.480364 -0.043908 0.170927
v -0.482796 0.016806 0.124998
v -0.557583 0.236008 -0.025913
v -0.560241 0.184398 -0.030763
v -0.587744 0.242495 -0.000000
v -0.602324 0.183206 -0.000000
v 0.664496 -0.288107 0.092964
v 0.706480 -0.226596 0.094441
v 0.651274 -0.246293 0.132247
v 0.664496 -0.288107 -0.092964
v 0.651274 -0.246293 -0.132247
v 0.706480 -0.226595 -0.094441
v -0.525382 -0.045357 -0.133043
v -0.482796 0.016806 -0.120926
v -0.480364 -0.043908 -0.173320
v 0.888235 0.263955 -0.000000
v 0.868908 0.299469 0.019026
v 0.858077 0.270443 0.025914
v 0.890996 0.294460 -0.000000
v 0.854303 0.250816 0.030764
v 0.888235 0.263955 -0.000000
v 0.890843 0.240864 -0.000000
v -0.535793 -0.109316 -0.069880
v -0.542343 -0.109066 0.000553
v -0.480083 -0.048883 -0.058473
v -0.480480 -0.037576 0.000553
v -0.479647 -0.063137 -0.078479
v -0.535793 -0.109316 -0.069880
v -0.480083 -0.048883 -0.058473
v -0.528604 -0.101081 -0.124584
v -0.479647 -0.063137 -0.078479
v -0.525382 -0.045357 -0.133043
v -0.480267 -0.046335 -0.078717
v -0.482796 0.016806 -0.120926
v -0.525382 -0.045357 -0.133043
v 0.888235 0.263955 -0.000000
v 0.854303 0.250816 -0.030763
v 0.858077 0.270443 -0.025913
v 0.890843 0.240864 -0.000000
v 0.888235 0.263955 -0.000000
v 0.868908 0.299469 -0.019026
v 0.890996 0.294460 -0.000000
v -0.542343 -0.109066 0.000553
v -0.480083 -0.048883 0.050474
v -0.480480 -0.037576 0.000553
v -0.535793 -0.109316 0.061880
v 1.038245 -0.079785 -0.149141
v 1.031122 -0.028371 -0.109745
v 1.076044 -0.073444 -0.118110
v -0.368570 -0.118590 0.143059
v -0.406050 -0.111277 0.105553
v -0.367494 -0.144314 0.112782
v -0.401721 -0.098101 0.120141
v -0.401785 -0.096276 -0.123250
v -0.368634 -0.116765 -0.146168
v -0.406050 -0.111277 -0.102842
v -0.367493 -0.144314 -0.110071
v 1.167524 0.248301 0.013132
v 1.167154 0.226222 -0.000000
v 1.177211 0.239435 -0.000000
v 1.145605 0.236623 0.023929
v -0.546754 0.265033 0.019026
v -0.539844 0.286583 -0.000000
v -0.568842 0.270043 -0.000000
v -0.529022 0.280468 0.010442
v -0.368570 -0.118590 0.143059
v -0.370887 -0.059655 0.148900
v -0.401721 -0.098101 0.120141
v -0.399721 -0.060584 0.121995
v -0.370887 -0.059655 -0.151353
v -0.401785 -0.096276 -0.123250
v -0.399721 -0.060584 -0.124446
v -0.368634 -0.116765 -0.146168
v -0.313013 0.142820 -0.083318
v -0.278047 0.201600 -0.045290
v -0.277341 0.175612 -0.105016
v -0.318584 0.146698 -0.042161
v -0.275639 0.118461 -0.112982
v -0.308361 0.117204 -0.086824
v -0.275639 0.118461 -0.112982
v -0.274299 0.073611 -0.094346
v 0.586300 0.177980 -0.002332
v 0.537334 0.235328 -0.002332
v 0.537456 0.230078 0.046539
v 0.581447 0.178064 0.043776
v 0.581447 0.178064 -0.042525
v 0.537456 0.230078 -0.045290
v 0.586300 0.177980 -0.002332
v 0.537334 0.235328 -0.002332
v 0.851359 -0.453812 -0.130118
v 0.810849 -0.410981 -0.076638
v 0.807219 -0.455202 -0.124054
v 0.805417 -0.411221 -0.056153
v 0.807219 -0.455202 0.124054
v 0.805417 -0.411221 0.056152
v 0.810849 -0.410981 0.076638
v 0.851359 -0.453812 0.130118
v -0.278047 0.201600 0.046539
v -0.313013 0.142820 0.078939
v -0.277341 0.175612 0.100638
v -0.318584 0.146698 0.043410
v -0.275640 0.118461 0.110590
v -0.308361 0.117204 0.084433
v -0.274299 0.073611 0.087757
v -0.275640 0.118461 0.110590
v -0.367493 -0.144314 -0.110071
v -0.367050 -0.155482 -0.001058
v -0.406050 -0.111277 -0.102842
v -0.409982 -0.118684 -0.001058
v -0.367050 -0.155482 -0.001058
v -0.406050 -0.111277 0.105553
v -0.409982 -0.118684 -0.001058
v -0.367494 -0.144314 0.112782
v 0.539864 0.146939 -0.112982
v 0.575736 0.173320 -0.084289
v 0.572494 0.146668 -0.087942
v 0.538162 0.204090 -0.105018
v 0.537456 0.230078 -0.045290
v 0.581447 0.178064 -0.042525
v 0.539864 0.146940 0.110590
v 0.575736 0.173320 0.079910
v 0.538162 0.204090 0.100638
v 0.572494 0.146668 0.085550
v 0.537456 0.230078 0.046539
v 0.581447 0.178064 0.043776
v -0.529022 0.280468 -0.010442
v -0.539844 0.286583 -0.000000
v -0.499270 0.289780 -0.000000
v -0.539844 0.286583 -0.000000
v -0.546754 0.265033 -0.019026
v -0.568842 0.270043 -0.000000
v -0.399721 -0.060584 -0.124446
v -0.372444 -0.020767 -0.122970
v -0.370887 -0.059655 -0.151353
v -0.399721 -0.060584 0.121995
v -0.370887 -0.059655 0.148900
v -0.372444 -0.020767 0.120519
v -0.257976 -0.157582 -0.063011
v -0.302683 -0.094952 -0.124396
v -0.259462 -0.121665 -0.154276
v -0.308244 -0.114508 -0.058988
v -0.262398 -0.047207 -0.161034
v -0.299993 -0.048418 -0.125956
v -0.257976 -0.157582 0.055065
v -0.302683 -0.094952 0.116450
v -0.308244 -0.114508 0.051042
v -0.259461 -0.121665 0.146330
v -0.262398 -0.047207 0.157168
v -0.299993 -0.048418 0.122089
v -0.480267 -0.046335 0.076326
v -0.525382 -0.045357 0.130651
v -0.482796 0.016806 0.124998
v -0.190821 0.152521 -0.002413
v -0.142321 0.211995 0.049945
v -0.142452 0.217618 -0.002413
v -0.185749 0.153176 0.046593
v -0.142321 0.211995 -0.048434
v -0.190821 0.152521 -0.002413
v -0.142452 0.217618 -0.002413
v -0.185749 0.153176 -0.045083
v 0.645625 -0.246396 -0.042079
v 0.664496 -0.288107 -0.092964
v 0.706480 -0.226595 -0.094441
v 0.645625 -0.246396 0.042080
v 0.706480 -0.226596 0.094441
v 0.664496 -0.288107 0.092964
v 1.306153 -0.104955 -0.133944
v 1.352987 -0.059237 -0.128721
v 1.297917 -0.066285 -0.082606
v 1.282721 -0.068133 -0.085192
v 1.306153 -0.104955 -0.133944
v 1.257053 -0.116014 -0.128791
v -0.257976 -0.157582 -0.063011
v -0.257396 -0.172142 -0.000171
v -0.308244 -0.114508 -0.058988
v -0.313370 -0.124168 -0.000171
v -0.257396 -0.172142 -0.000171
v -0.308244 -0.114508 0.051042
v -0.313370 -0.124168 -0.000171
v -0.257976 -0.157582 0.055065
v 1.157835 0.257167 -0.000000
v 1.167524 0.248301 0.013132
v 1.200362 0.250822 -0.000000
v -0.179780 0.149022 -0.089175
v -0.142321 0.211995 -0.048434
v -0.141564 0.184153 -0.112422
v -0.185749 0.153176 -0.045083
v -0.139741 0.122927 -0.120956
v -0.174797 0.121579 -0.092933
v -0.406050 -0.111277 -0.102842
v -0.409982 -0.118684 -0.001058
v -0.370367 -0.072569 -0.085725
v -0.370357 -0.072895 -0.001058
v -0.409982 -0.118684 -0.001058
v -0.370367 -0.072569 0.088437
v -0.370357 -0.072895 -0.001058
v -0.406050 -0.111277 0.105553
v -0.142321 0.211995 0.049945
v -0.179780 0.149022 0.084656
v -0.141564 0.184153 0.107902
v -0.185749 0.153176 0.046593
v -0.139741 0.122926 0.118564
v -0.174797 0.121579 0.090542
v 1.177211 0.239435 -0.000000
v 1.167524 0.248301 -0.013132
v 1.200362 0.250822 -0.000000
v 1.167154 0.226222 -0.000000
v 1.167524 0.248301 -0.013132
v 1.145605 0.236623 -0.023929
v -0.467725 0.143655 -0.002534
v -0.410129 0.073385 -0.002534
v -0.410562 0.085825 0.042642
v -0.462146 0.144375 0.051371
v -0.462146 0.144375 -0.049471
v -0.410562 0.085825 -0.040741
v -0.467725 0.143655 -0.002534
v -0.410129 0.073385 -0.002534
v -0.299993 -0.048418 0.122089
v -0.262398 -0.047207 0.157168
v -0.264429 0.003495 0.120419
v -0.299993 -0.048418 -0.125956
v -0.264429 0.003495 -0.122516
v -0.262398 -0.047207 -0.161034
v -0.370428 -0.071973 -0.091623
v -0.406050 -0.111277 -0.102842
v -0.370367 -0.072569 -0.085725
v -0.401785 -0.096276 -0.123250
v 1.297917 -0.066285 -0.082606
v 1.352987 -0.059237 -0.128721
v 1.295319 -0.026723 -0.132367
v 0.458690 0.176158 -0.002534
v 0.400984 0.243740 -0.002534
v 0.401128 0.237554 0.055059
v 0.452971 0.176257 0.051801
v 0.452971 0.176257 -0.049901
v 0.401128 0.237554 -0.053158
v 0.458690 0.176158 -0.002534
v 0.400984 0.243740 -0.002534
v -0.401721 -0.098101 0.120141
v -0.370364 -0.073796 0.088514
v -0.406050 -0.111277 0.105553
v 0.651274 -0.246293 0.132247
v 0.622830 -0.307434 0.103080
v 0.664496 -0.288107 0.092964
v 0.574868 -0.270999 0.133781
v -0.462146 0.144375 0.051371
v -0.411163 0.101497 0.057953
v -0.455580 0.139806 0.093240
v -0.410562 0.085825 0.042642
v -0.411163 0.101497 0.057953
v -0.450099 0.109620 0.099714
v 0.640522 -0.408312 -0.136779
v 0.692795 -0.437306 -0.105391
v 0.671208 -0.451408 -0.115068
v 0.609279 -0.421715 -0.122351
v 0.712076 -0.373219 -0.134411
v 0.730986 -0.412419 -0.097807
v 0.640522 -0.408312 -0.136779
v 0.656496 -0.465270 -0.098225
v 0.584911 -0.434879 -0.079682
v 0.671208 -0.451408 -0.115068
v 0.574868 -0.270999 -0.133781
v 0.651274 -0.246293 -0.132247
v 0.622830 -0.307434 -0.103080
v 0.664496 -0.288107 -0.092964
v 1.459021 0.229930 0.016130
v 1.471909 0.220229 -0.000000
v 1.498876 0.236873 -0.000000
v 0.640522 -0.408312 0.136781
v 0.671208 -0.451408 0.106544
v 0.692795 -0.437306 0.105391
v 0.609279 -0.421715 0.116365
v 0.712076 -0.373219 0.134411
v 0.640522 -0.408312 0.136781
v 0.730986 -0.412419 0.097808
v 0.656496 -0.465270 0.081871
v 0.671208 -0.451408 0.106544
v 0.584911 -0.434879 0.067806
v 0.886639 0.314902 0.010442
v 0.890996 0.294460 -0.000000
v 0.897461 0.308787 -0.000000
v 0.868908 0.299469 0.019026
v -0.411163 0.101497 -0.062687
v -0.462146 0.144375 -0.049471
v -0.455580 0.139806 -0.097974
v -0.410562 0.085825 -0.040741
v -0.450099 0.109620 -0.102106
v -0.411619 0.113770 -0.060527
v 0.802653 -0.283703 -0.108822
v 0.762561 -0.248663 -0.072030
v 0.763084 -0.288733 -0.100038
v 0.757698 -0.249343 -0.055848
v 0.763084 -0.288733 0.100037
v 0.757698 -0.249343 0.055847
v 0.762561 -0.248663 0.072030
v 0.802653 -0.283703 0.108822
v 0.403966 0.139578 -0.132931
v 0.446241 0.170667 -0.099118
v 0.442419 0.139258 -0.103423
v 0.401961 0.206927 -0.123545
v 0.401128 0.237554 -0.053158
v 0.452971 0.176257 -0.049901
v 0.403965 0.139578 0.130540
v 0.446241 0.170667 0.094385
v 0.401961 0.206927 0.118812
v 0.442419 0.139258 0.101033
v 0.401128 0.237554 0.055059
v 0.452971 0.176257 0.051801
v -0.186568 -0.091443 -0.122302
v -0.141096 -0.119548 -0.151656
v -0.192419 -0.112019 -0.096422
v -0.139533 -0.157336 -0.103179
v -0.144187 -0.041212 -0.162431
v -0.186568 -0.091443 -0.122302
v -0.183738 -0.042485 -0.127046
v -0.141096 -0.119548 -0.151656
v -0.141096 -0.119548 0.143656
v -0.192419 -0.112019 0.088422
v -0.139533 -0.157335 0.095180
v -0.186568 -0.091443 0.114303
v -0.141096 -0.119548 0.143656
v -0.144187 -0.041212 0.158510
v -0.186568 -0.091443 0.114303
v -0.183738 -0.042485 0.123125
v 0.725511 0.184658 -0.002413
v 0.676648 0.128426 0.038658
v 0.677041 0.117118 -0.002413
v 0.720312 0.184748 0.046982
v 0.725511 0.184658 -0.002413
v 0.676648 0.128426 -0.037147
v 0.720312 0.184748 -0.045473
v 0.677041 0.117118 -0.002413
v -0.401785 -0.096276 -0.123250
v -0.370825 -0.061210 -0.098795
v -0.399721 -0.060584 -0.124446
v -0.370428 -0.071973 -0.091623
v -0.370825 -0.061210 0.096343
v -0.401721 -0.098101 0.120141
v -0.399721 -0.060584 0.121995
v -0.370364 -0.073796 0.088514
v -0.261709 -0.064468 -0.000171
v -0.308244 -0.114508 0.051042
v -0.261721 -0.064044 0.041517
v -0.313370 -0.124168 -0.000171
v -0.308244 -0.114508 0.051042
v -0.261800 -0.063265 0.075217
v -0.302683 -0.094952 0.116450
v -0.261800 -0.063265 0.075217
v -0.299993 -0.048418 0.122089
v -0.262318 -0.049234 0.074771
v -0.539844 0.286583 -0.000000
v -0.529022 0.280468 0.010442
v -0.499270 0.289780 -0.000000
v -0.261800 -0.063265 -0.083164
v -0.308244 -0.114508 -0.058988
v -0.261721 -0.064044 -0.049463
v -0.302683 -0.094952 -0.124396
v -0.261800 -0.063265 -0.083164
v -0.299993 -0.048418 -0.125956
v -0.262318 -0.049234 -0.078638
v -0.411619 0.113770 0.058135
v -0.409957 0.058245 0.083422
v -0.450099 0.109620 0.099714
v -0.139533 -0.157336 -0.103179
v -0.138923 -0.172653 0.000000
v -0.192419 -0.112019 -0.096422
v -0.197810 -0.122181 0.000000
v -0.138923 -0.172653 0.000000
v -0.192419 -0.112019 0.088422
v -0.197810 -0.122181 0.000000
v -0.139533 -0.157335 0.095180
v -0.450099 0.109620 -0.102106
v -0.411537 0.111100 -0.132931
v -0.409957 0.058245 -0.090760
v 0.714194 0.179666 0.085696
v 0.676103 0.142676 0.052576
v 0.720312 0.184748 0.046982
v 0.676648 0.128426 0.038658
v 0.676103 0.142676 0.052576
v 0.710719 0.151113 0.091739
v 0.676103 0.142676 -0.057096
v 0.714194 0.179666 -0.090215
v 0.720312 0.184748 -0.045473
v 0.676648 0.128426 -0.037147
v 0.675687 0.153832 -0.055133
v 0.710720 0.151113 -0.094130
v 0.675762 0.151405 -0.120956
v 0.710720 0.151113 -0.094130
v 0.677198 0.103354 -0.093728
v -0.308244 -0.114508 -0.058988
v -0.313370 -0.124168 -0.000171
v -0.261721 -0.064044 -0.049463
v -0.261709 -0.064468 -0.000171
v 1.446133 0.239630 -0.000000
v 1.459021 0.229930 0.016130
v 1.498876 0.236873 -0.000000
v -0.059973 0.157894 -0.002534
v -0.006624 0.223315 0.055059
v -0.006767 0.229501 -0.002534
v -0.054395 0.158614 0.051371
v -0.006624 0.223315 -0.053158
v -0.059973 0.157894 -0.002534
v -0.006767 0.229501 -0.002534
v -0.054395 0.158614 -0.049471
v -0.183738 -0.042485 0.123125
v -0.144187 -0.041212 0.158510
v -0.146323 0.012130 0.121398
v -0.411619 0.113770 -0.060527
v -0.450099 0.109620 -0.102106
v -0.409957 0.058245 -0.090760
v -0.183738 -0.042485 -0.127046
v -0.146323 0.012130 -0.123548
v -0.144187 -0.041212 -0.162431
v -0.450099 0.109620 0.099714
v -0.409957 0.058245 0.083422
v -0.411537 0.111100 0.130540
v 0.897461 0.308787 -0.000000
v 0.886639 0.314902 -0.010442
v 0.916390 0.324216 -0.000000
v 0.890996 0.294460 -0.000000
v 0.886639 0.314902 -0.010442
v 0.868908 0.299469 -0.019026
v 0.675762 0.151405 0.118564
v 0.677198 0.103354 0.086839
v 0.710719 0.151113 0.091739
v -0.047828 0.154045 -0.097974
v -0.006624 0.223315 -0.053158
v -0.005790 0.192688 -0.123545
v -0.054395 0.158614 -0.049471
v -0.003786 0.125339 -0.132931
v -0.042346 0.123859 -0.102106
v -0.006624 0.223315 0.055059
v -0.047828 0.154045 0.093240
v -0.005790 0.192688 0.118812
v -0.054395 0.158614 0.051371
v -0.003786 0.125339 0.130540
v -0.042347 0.123859 0.099714
v 1.306153 -0.104955 0.130022
v 1.282721 -0.068133 0.077018
v 1.297917 -0.066285 0.078686
v 1.257053 -0.116014 0.120618
v 0.802653 -0.283703 0.108822
v 0.821099 -0.234757 0.135485
v 0.753496 -0.251876 0.134152
v 0.763084 -0.288733 0.100037
v 0.753495 -0.251876 -0.134153
v 0.821099 -0.234757 -0.135485
v 0.802653 -0.283703 -0.108822
v 0.763084 -0.288733 -0.100038
v -0.323318 0.146086 -0.002332
v -0.274445 0.086459 -0.002332
v -0.274812 0.097013 0.036003
v -0.318584 0.146698 0.043410
v -0.318584 0.146698 -0.042161
v -0.274812 0.097013 -0.034754
v -0.323318 0.146086 -0.002332
v -0.274445 0.086459 -0.002332
v -0.262318 -0.049234 -0.078638
v -0.264429 0.003495 -0.122516
v -0.299993 -0.048418 -0.125956
v -0.370825 -0.061210 -0.098795
v -0.372444 -0.020767 -0.122970
v -0.399721 -0.060584 -0.124446
v -0.370825 -0.061210 0.096343
v -0.399721 -0.060584 0.121995
v -0.372444 -0.020767 0.120519
v -0.262318 -0.049234 0.074771
v -0.299993 -0.048418 0.122089
v -0.264429 0.003495 0.120419
v 0.875816 0.321018 -0.000000
v 0.886639 0.314902 0.010442
v 0.916390 0.324216 -0.000000
v 0.317759 0.170419 -0.002413
v 0.265300 0.231857 -0.002413
v 0.265430 0.226234 0.049945
v 0.312561 0.170509 0.046982
v 0.312561 0.170509 -0.045473
v 0.265430 0.226234 -0.048434
v 0.317759 0.170419 -0.002413
v 0.265300 0.231857 -0.002413
v 0.817753 -0.178240 -0.000001
v 0.870729 -0.222967 0.094908
v 0.880223 -0.220711 -0.000001
v 0.808225 -0.180627 0.090542
v 0.817753 -0.178240 -0.000001
v 0.870729 -0.222967 -0.094910
v 0.808225 -0.180627 -0.090542
v 0.880223 -0.220711 -0.000001
v -0.318584 0.146698 0.043410
v -0.275321 0.110315 0.048997
v -0.313013 0.142820 0.078939
v -0.274812 0.097013 0.036003
v -0.275321 0.110315 0.048997
v -0.308361 0.117204 0.084433
v 0.539864 0.146939 -0.112982
v 0.572494 0.146668 -0.087942
v 0.541204 0.102089 -0.092586
v -0.614649 -0.008951 0.117571
v -0.584395 -0.032722 0.152531
v -0.552649 0.008343 0.115977
v -0.275321 0.110315 -0.053375
v -0.318584 0.146698 -0.042161
v -0.313013 0.142820 -0.083318
v -0.274812 0.097013 -0.034754
v -0.308361 0.117204 -0.086824
v -0.275709 0.120728 -0.051542
v 0.701803 -0.377125 0.062074
v 0.692795 -0.437306 0.105391
v 0.694449 -0.378372 0.063695
v 0.671208 -0.451408 0.106544
v 0.730986 -0.412419 0.097808
v 0.706541 -0.374120 0.042768
v 0.068873 -0.247927 -0.000001
v 0.008126 -0.197530 0.110270
v 0.000711 -0.199461 -0.000001
v 0.076329 -0.245851 0.103901
v 0.068873 -0.247927 -0.000001
v 0.008126 -0.197530 -0.110271
v 0.076329 -0.245851 -0.103901
v 0.000711 -0.199461 -0.000001
v 1.016236 0.271399 0.012430
v 1.027058 0.265283 -0.000000
v 1.045987 0.280712 -0.000000
v 0.710719 0.151113 0.091739
v 0.677198 0.103354 0.086839
v 0.675687 0.153832 0.052742
v 0.268010 0.137166 -0.120956
v 0.306442 0.165427 -0.090215
v 0.302969 0.136874 -0.094130
v 0.266188 0.198392 -0.112422
v 0.265430 0.226234 -0.048434
v 0.312561 0.170509 -0.045473
v 1.369770 -0.297741 -0.122180
v 1.385995 -0.236086 -0.160531
v 1.407716 -0.267664 -0.127064
v 1.321962 -0.277437 -0.149886
v 1.302044 -0.290452 -0.065366
v 1.367382 -0.307458 -0.061673
v 0.268010 0.137165 0.118564
v 0.306442 0.165427 0.085696
v 0.266187 0.198392 0.107902
v 0.302968 0.136874 0.091739
v 0.265430 0.226234 0.049945
v 0.312561 0.170509 0.046982
v 1.385995 -0.236086 0.152531
v 1.369770 -0.297741 0.114182
v 1.407716 -0.267664 0.119065
v 1.321962 -0.277437 0.141886
v 1.302044 -0.290452 0.057367
v 1.367382 -0.307458 0.053674
v 0.584911 -0.434879 -0.079682
v 0.660053 -0.469666 0.011170
v 0.578628 -0.439809 0.011170
v 0.656496 -0.465270 -0.098225
v 0.660053 -0.469666 0.011170
v 0.584911 -0.434879 0.067806
v 0.578628 -0.439809 0.011170
v 0.656496 -0.465270 0.081871
v 0.539864 0.146940 0.110590
v 0.541204 0.102089 0.085998
v 0.572494 0.146668 0.085550
v 0.878542 -0.339177 -0.000001
v 0.935402 -0.393926 0.099812
v 0.942938 -0.392546 -0.000001
v 0.870955 -0.340697 0.094046
v 0.710720 0.151113 -0.094130
v 0.675687 0.153832 -0.055133
v 0.677198 0.103354 -0.093728
v 0.878542 -0.339177 -0.000001
v 0.935402 -0.393926 -0.099813
v 0.870955 -0.340696 -0.094047
v 0.942938 -0.392546 -0.000001
v 0.141186 -0.167972 0.176474
v 0.107770 -0.225361 0.131850
v 0.150382 -0.210339 0.128468
v 0.065957 -0.185347 0.168871
v 0.141186 -0.167972 0.176474
v 0.196456 -0.156939 0.099847
v 0.076329 -0.245851 0.103901
v 0.008126 -0.197530 0.110270
v 0.107770 -0.225361 0.131850
v -0.192419 -0.112019 -0.096422
v -0.197810 -0.122181 0.000000
v -0.143474 -0.058925 -0.080420
v -0.143459 -0.059372 0.000000
v -0.197810 -0.122181 0.000000
v -0.143474 -0.058925 0.072421
v -0.143459 -0.059372 0.000000
v -0.192419 -0.112019 0.088422
v 0.141186 -0.167970 -0.176474
v 0.107770 -0.225360 -0.131850
v 0.065956 -0.185347 -0.168871
v 0.150382 -0.210339 -0.128468
v 0.141186 -0.167970 -0.176474
v 0.196457 -0.156939 -0.099848
v 0.076329 -0.245851 -0.103901
v 0.107770 -0.225360 -0.131850
v 0.008126 -0.197530 -0.110271
v 1.005414 0.277515 -0.000000
v 1.016236 0.271399 0.012430
v 1.045987 0.280712 -0.000000
v 0.586300 0.177980 -0.002332
v 0.540691 0.125491 0.036003
v 0.541057 0.114937 -0.002332
v 0.581447 0.178064 0.043776
v 0.586300 0.177980 -0.002332
v 0.540691 0.125491 -0.034754
v 0.581447 0.178064 -0.042525
v 0.541057 0.114937 -0.002332
v -0.560241 0.184398 0.030764
v -0.602324 0.183206 -0.000000
v -0.581490 0.170264 -0.000000
v -0.563086 0.170461 0.015460
v -0.614649 -0.008951 -0.125570
v -0.552648 0.008343 -0.118945
v -0.584395 -0.032722 -0.160531
v -0.581490 0.170264 -0.000000
v -0.560241 0.184398 -0.030763
v -0.563086 0.170461 -0.015460
v -0.602324 0.183206 -0.000000
v 0.574868 -0.270999 0.133781
v 0.587056 -0.328366 0.092490
v 0.622830 -0.307434 0.103080
v 0.510323 -0.286965 0.100452
v 0.587056 -0.328366 -0.092490
v 0.510323 -0.286965 -0.100452
v 0.574868 -0.270999 -0.133781
v 0.622830 -0.307434 -0.103080
v -0.143556 -0.058106 -0.081794
v -0.192419 -0.112019 -0.096422
v -0.143474 -0.058925 -0.080420
v -0.186568 -0.091443 -0.122302
v -0.143556 -0.058106 -0.081794
v -0.183738 -0.042485 -0.127046
v -0.144102 -0.043345 -0.079316
v -0.174797 0.121579 -0.092933
v -0.139741 0.122927 -0.120956
v -0.138305 0.074876 -0.092398
v 1.313802 -0.223766 -0.061186
v 1.372167 -0.244974 -0.080862
v 1.322982 -0.225473 -0.120884
v 1.382458 -0.238457 -0.051286
v 1.313802 -0.223766 0.053186
v 1.372167 -0.244974 0.072862
v 1.382458 -0.238457 0.043286
v 1.322982 -0.225473 0.112885
v -0.192419 -0.112019 0.088422
v -0.143556 -0.058106 0.073795
v -0.143474 -0.058925 0.072421
v -0.186568 -0.091443 0.114303
v -0.183738 -0.042485 0.123125
v -0.144102 -0.043344 0.075396
v -0.183738 -0.042485 0.123125
v -0.146323 0.012130 0.121398
v 1.295319 -0.026723 0.128446
v 1.297917 -0.066285 0.078686
v 1.282721 -0.068133 0.077018
v 1.245763 -0.028190 0.119250
v 1.295319 -0.026723 0.128446
v 1.352987 -0.059237 0.126646
v 0.575736 0.173320 0.079910
v 0.540182 0.138793 0.048997
v 0.581447 0.178064 0.043776
v 0.540691 0.125491 0.036003
v 0.540182 0.138793 0.048997
v 0.572494 0.146668 0.085550
v 0.541204 0.102089 0.085998
v 0.539794 0.149206 0.049151
v -0.656579 -0.045087 0.053186
v -0.594483 -0.045698 0.072862
v -0.586943 -0.036132 0.043286
v -0.647353 -0.043647 0.112885
v -0.594483 -0.045698 0.072862
v -0.614649 -0.008951 0.117571
v -0.585664 -0.034363 0.070414
v 0.084433 0.160325 -0.002332
v 0.129704 0.215839 0.046539
v 0.129582 0.221089 -0.002332
v 0.089168 0.160937 0.043410
v 0.129704 0.215839 -0.045290
v 0.084433 0.160325 -0.002332
v 0.129582 0.221089 -0.002332
v 0.089168 0.160937 -0.042161
v -0.656579 -0.045087 -0.061186
v -0.594483 -0.045698 -0.080862
v -0.647353 -0.043646 -0.120884
v -0.586943 -0.036132 -0.051286
v -0.614649 -0.008951 -0.125570
v -0.594483 -0.045698 -0.080862
v -0.585664 -0.034363 -0.078413
v 0.540182 0.138793 -0.053375
v 0.575736 0.173320 -0.084289
v 0.581447 0.178064 -0.042525
v 0.540691 0.125491 -0.034754
v 0.539794 0.149206 -0.051542
v 0.572494 0.146668 -0.087942
v 0.541204 0.102089 -0.092586
v -0.174797 0.121579 0.090542
v -0.138305 0.074876 0.085509
v -0.139741 0.122926 0.118564
v 0.692795 -0.437306 -0.105391
v 0.694449 -0.378372 -0.066399
v 0.671208 -0.451408 -0.115068
v 0.701803 -0.377125 -0.062074
v 0.730986 -0.412419 -0.097807
v 0.706541 -0.374120 -0.042767
v -0.144102 -0.043345 -0.079316
v -0.146323 0.012130 -0.123548
v -0.183738 -0.042485 -0.127046
v -0.585664 -0.034363 -0.078413
v -0.552648 0.008343 -0.118945
v -0.614649 -0.008951 -0.125570
v -0.275709 0.120728 0.049151
v -0.274299 0.073611 0.087757
v -0.308361 0.117204 0.084433
v 0.808225 -0.180627 0.090542
v 0.821099 -0.234757 0.135485
v 0.870729 -0.222967 0.094908
v 0.782581 -0.199419 0.110014
v 0.808225 -0.180627 -0.090542
v 0.821099 -0.234757 -0.135485
v 0.782581 -0.199419 -0.110014
v 0.870729 -0.222967 -0.094910
v 1.167524 0.248301 0.013132
v 1.177211 0.239435 -0.000000
v 1.200362 0.250822 -0.000000
v -0.190821 0.152521 -0.002413
v -0.138462 0.088640 -0.002413
v -0.138855 0.099948 0.038658
v -0.185749 0.153176 0.046593
v -0.185749 0.153176 -0.045083
v -0.138855 0.099948 -0.037147
v -0.190821 0.152521 -0.002413
v -0.138462 0.088640 -0.002413
v 0.094738 0.157059 -0.083318
v 0.129704 0.215839 -0.045290
v 0.130411 0.189851 -0.105018
v 0.089168 0.160937 -0.042161
v 0.132112 0.132700 -0.112982
v 0.099390 0.131443 -0.086824
v 0.132112 0.132700 -0.112982
v 0.133452 0.087850 -0.091956
v -0.275709 0.120728 -0.051542
v -0.308361 0.117204 -0.086824
v -0.274299 0.073611 -0.094346
v 0.129704 0.215839 0.046539
v 0.094738 0.157059 0.078939
v 0.130411 0.189851 0.100638
v 0.089168 0.160937 0.043410
v 0.132112 0.132701 0.110590
v 0.099390 0.131443 0.084433
v 0.133452 0.087850 0.085366
v 0.132112 0.132701 0.110590
v -0.185749 0.153176 0.046593
v -0.139400 0.114198 0.052576
v -0.179780 0.149022 0.084656
v -0.138855 0.099948 0.038658
v -0.139400 0.114198 0.052576
v -0.174797 0.121579 0.090542
v 0.886639 0.314902 0.010442
v 0.897461 0.308787 -0.000000
v 0.916390 0.324216 -0.000000
v -0.139400 0.114198 -0.057096
v -0.185749 0.153176 -0.045083
v -0.179780 0.149022 -0.089175
v -0.138855 0.099948 -0.037147
v -0.174797 0.121579 -0.092933
v -0.139816 0.125354 -0.055133
v 0.178548 0.163741 -0.002332
v 0.129582 0.221089 -0.002332
v 0.129704 0.215839 0.046539
v 0.173695 0.163825 0.043776
v 0.173695 0.163825 -0.042525
v 0.129704 0.215839 -0.045290
v 0.178548 0.163741 -0.002332
v 0.129582 0.221089 -0.002332
v 1.167524 0.248301 -0.013132
v 1.157835 0.257167 -0.000000
v 1.200362 0.250822 -0.000000
v 1.157835 0.257167 -0.000000
v 1.145605 0.236623 -0.023929
v 1.124056 0.247026 -0.000000
v -0.585664 -0.034363 0.070414
v -0.614649 -0.008951 0.117571
v -0.552649 0.008343 0.115977
v 0.403966 0.139578 -0.132931
v 0.442419 0.139258 -0.103423
v 0.405545 0.086723 -0.092698
v 0.132112 0.132701 0.110590
v 0.167984 0.159081 0.079910
v 0.130411 0.189851 0.100638
v 0.164743 0.132430 0.085550
v 0.129704 0.215839 0.046539
v 0.173695 0.163825 0.043776
v 0.132112 0.132700 -0.112982
v 0.167984 0.159081 -0.084289
v 0.164743 0.132429 -0.087942
v 0.130411 0.189851 -0.105018
v 0.129704 0.215839 -0.045290
v 0.173695 0.163825 -0.042525
v 0.805417 -0.411221 -0.056153
v 0.744586 -0.420489 -0.099848
v 0.807219 -0.455202 -0.124054
v 0.805417 -0.411221 0.056152
v 0.807219 -0.455202 0.124054
v 0.744586 -0.420489 0.099847
v 0.403965 0.139578 0.130540
v 0.405545 0.086723 0.085358
v 0.442419 0.139258 0.101033
v 0.458690 0.176158 -0.002534
v 0.404941 0.114303 0.042642
v 0.405374 0.101863 -0.002534
v 0.452971 0.176257 0.051801
v 0.458690 0.176158 -0.002534
v 0.404941 0.114303 -0.040741
v 0.452971 0.176257 -0.049901
v 0.405374 0.101863 -0.002534
v -0.656579 -0.045087 -0.061186
v -0.660729 -0.041327 -0.000048
v -0.586943 -0.036132 -0.051286
v -0.580993 -0.028515 -0.000048
v -0.660729 -0.041327 -0.000048
v -0.586943 -0.036132 0.043286
v -0.580993 -0.028515 -0.000048
v -0.656579 -0.045087 0.053186
v 0.622830 -0.307434 -0.103080
v 0.627067 -0.247298 -0.073634
v 0.587056 -0.328366 -0.092490
v 0.640468 -0.248711 -0.060714
v 0.622830 -0.307434 0.103080
v 0.627067 -0.247298 0.073634
v 0.640468 -0.248711 0.060714
v 0.587056 -0.328366 0.092490
v 0.446241 0.170667 0.094385
v 0.404340 0.129975 0.057953
v 0.452971 0.176257 0.051801
v 0.404941 0.114303 0.042642
v 0.404340 0.129975 0.057953
v 0.442419 0.139258 0.101033
v -0.139816 0.125354 0.052742
v -0.138305 0.074876 0.085509
v -0.174797 0.121579 0.090542
v 0.404340 0.129975 -0.062687
v 0.446241 0.170667 -0.099118
v 0.452971 0.176257 -0.049901
v 0.404941 0.114303 -0.040741
v 0.403884 0.142248 -0.060527
v 0.442419 0.139258 -0.103423
v -0.042346 0.123859 -0.102106
v -0.003786 0.125339 -0.132931
v -0.002206 0.072484 -0.089951
v 0.008126 -0.197530 0.110270
v 0.065957 -0.185347 0.168871
v 0.043343 -0.130922 0.105061
v 0.087513 -0.131596 0.130118
v 0.087513 -0.131596 -0.130118
v 0.065956 -0.185347 -0.168871
v 0.043343 -0.130922 -0.105061
v 0.008126 -0.197530 -0.110271
v -0.139816 0.125354 -0.055133
v -0.174797 0.121579 -0.092933
v -0.138305 0.074876 -0.092398
v 1.409086 0.165521 0.047604
v 1.425703 0.155912 -0.000000
v 1.454043 0.159924 -0.000000
v 1.404744 0.155180 0.020970
v 1.425703 0.155912 -0.000000
v 1.404744 0.155180 -0.020970
v 1.409086 0.165521 -0.047604
v 1.454043 0.159924 -0.000000
v 0.442419 0.139258 0.101033
v 0.405545 0.086723 0.085358
v 0.403884 0.142248 0.058135
v 0.268010 0.137166 -0.120956
v 0.302969 0.136874 -0.094130
v 0.269446 0.089115 -0.093094
v 0.216930 0.166760 -0.002413
v 0.265430 0.226234 0.049945
v 0.265300 0.231857 -0.002413
v 0.222003 0.167415 0.046593
v 0.265430 0.226234 -0.048434
v 0.216930 0.166760 -0.002413
v 0.265300 0.231857 -0.002413
v 0.222003 0.167415 -0.045083
v -0.042347 0.123859 0.099714
v -0.002206 0.072484 0.082613
v -0.003786 0.125339 0.130540
v 0.510323 -0.286965 -0.100452
v 0.587056 -0.328366 -0.092490
v 0.508611 -0.293512 0.000000
v 0.585523 -0.334997 0.000000
v 0.508611 -0.293512 0.000000
v 0.585523 -0.334997 0.000000
v 0.587056 -0.328366 0.092490
v 0.510323 -0.286965 0.100452
v 0.265430 0.226234 0.049945
v 0.227971 0.163261 0.084656
v 0.266187 0.198392 0.107902
v 0.222003 0.167415 0.046593
v 0.268010 0.137165 0.118564
v 0.232955 0.135818 0.090542
v 0.886639 0.314902 -0.010442
v 0.875816 0.321018 -0.000000
v 0.916390 0.324216 -0.000000
v 0.875816 0.321018 -0.000000
v 0.868908 0.299469 -0.019026
v 0.846819 0.304478 -0.000000
v 0.442419 0.139258 -0.103423
v 0.403884 0.142248 -0.060527
v 0.405545 0.086723 -0.092698
v 0.268010 0.137165 0.118564
v 0.269446 0.089115 0.086206
v 0.302968 0.136874 0.091739
v 0.000711 -0.199461 -0.000001
v 0.043343 -0.130922 0.105061
v 0.043652 -0.127238 -0.000001
v 0.008126 -0.197530 0.110270
v 0.008126 -0.197530 -0.110271
v 0.000711 -0.199461 -0.000001
v 0.043343 -0.130922 -0.105061
v 0.043652 -0.127238 -0.000001
v 0.763084 -0.288733 0.100037
v 0.753496 -0.251876 0.134152
v 0.703797 -0.262886 0.099054
v 0.763084 -0.288733 -0.100038
v 0.703797 -0.262886 -0.099054
v 0.753495 -0.251876 -0.134153
v 0.076329 -0.245851 -0.103901
v 0.107770 -0.225360 -0.131850
v 0.124021 -0.172559 -0.085993
v 0.131078 -0.171318 -0.076638
v 0.107770 -0.225360 -0.131850
v 0.150382 -0.210339 -0.128468
v 0.136477 -0.170679 -0.056153
v 0.196457 -0.156939 -0.099848
v 0.983900 0.207312 0.036624
v 0.999459 0.193572 -0.000000
v 1.020440 0.197360 -0.000000
v 0.981055 0.193373 0.018405
v 0.124021 -0.172559 0.085993
v 0.107770 -0.225361 0.131850
v 0.076329 -0.245851 0.103901
v 0.131078 -0.171318 0.076638
v 0.107770 -0.225361 0.131850
v 0.150382 -0.210339 0.128468
v 0.136477 -0.170679 0.056152
v 0.196456 -0.156939 0.099847
v 0.983900 0.207312 -0.036624
v 0.999459 0.193572 -0.000000
v 0.981055 0.193373 -0.018405
v 1.020440 0.197360 -0.000000
v -0.059973 0.157894 -0.002534
v -0.002377 0.087624 -0.002534
v -0.002811 0.100064 0.042642
v -0.054395 0.158614 0.051371
v -0.054395 0.158614 -0.049471
v -0.002811 0.100064 -0.040741
v -0.059973 0.157894 -0.002534
v -0.002377 0.087624 -0.002534
v 0.851359 -0.453812 0.130118
v 0.817978 -0.410265 0.077837
v 0.895360 -0.457748 0.095096
v 0.810849 -0.410981 0.076638
v 0.810849 -0.410981 -0.076638
v 0.851359 -0.453812 -0.130118
v 0.817978 -0.410265 -0.077837
v 0.895360 -0.457748 -0.095098
v 0.664496 -0.288107 -0.092964
v 0.640468 -0.248711 -0.060714
v 0.622830 -0.307434 -0.103080
v 0.645625 -0.246396 -0.042079
v 1.311137 -0.218841 -0.000048
v 1.382458 -0.238457 0.043286
v 1.390600 -0.233249 -0.000048
v 1.313802 -0.223766 0.053186
v 0.645625 -0.246396 0.042080
v 0.664496 -0.288107 0.092964
v 0.640468 -0.248711 0.060714
v 0.622830 -0.307434 0.103080
v 0.068873 -0.247927 -0.000001
v 0.124021 -0.172559 0.085993
v 0.076329 -0.245851 0.103901
v 0.120778 -0.173592 -0.000001
v 0.124021 -0.172559 -0.085993
v 0.068873 -0.247927 -0.000001
v 0.076329 -0.245851 -0.103901
v 0.120778 -0.173592 -0.000001
v 1.313802 -0.223766 -0.061186
v 1.311137 -0.218841 -0.000048
v 1.382458 -0.238457 -0.051286
v 1.390600 -0.233249 -0.000048
v 0.227971 0.163261 -0.089175
v 0.265430 0.226234 -0.048434
v 0.266188 0.198392 -0.112422
v 0.222003 0.167415 -0.045083
v 0.268010 0.137166 -0.120956
v 0.232955 0.135818 -0.092933
v 0.268010 0.137166 -0.120956
v 0.269446 0.089115 -0.093094
v 0.050938 0.161919 -0.002534
v -0.006767 0.229501 -0.002534
v -0.006624 0.223315 0.055059
v 0.045219 0.162018 0.051801
v 0.045219 0.162018 -0.049901
v -0.006624 0.223315 -0.053158
v 0.050938 0.161919 -0.002534
v -0.006767 0.229501 -0.002534
v -0.003786 0.125339 0.130540
v 0.038489 0.156428 0.094385
v -0.005790 0.192688 0.118812
v 0.034668 0.125019 0.101033
v -0.006624 0.223315 0.055059
v 0.045219 0.162018 0.051801
v -0.054395 0.158614 0.051371
v -0.003411 0.115736 0.057953
v -0.047828 0.154045 0.093240
v -0.002811 0.100064 0.042642
v -0.003411 0.115736 0.057953
v -0.042347 0.123859 0.099714
v -0.003786 0.125339 -0.132931
v 0.038489 0.156428 -0.099118
v 0.034668 0.125019 -0.103423
v -0.005790 0.192688 -0.123545
v -0.006624 0.223315 -0.053158
v 0.045219 0.162018 -0.049901
v -0.003411 0.115736 -0.062687
v -0.054395 0.158614 -0.049471
v -0.047828 0.154045 -0.097974
v -0.002811 0.100064 -0.040741
v -0.042346 0.123859 -0.102106
v -0.003868 0.128009 -0.060527
v 0.141186 -0.167972 0.176474
v 0.087513 -0.131596 0.130118
v 0.065957 -0.185347 0.168871
v 0.131431 -0.126949 0.124054
v 1.145605 0.236623 0.023929
v 1.157835 0.257167 -0.000000
v 1.124056 0.247026 -0.000000
v 1.167524 0.248301 0.013132
v 0.131432 -0.126949 -0.124054
v 0.141186 -0.167970 -0.176474
v 0.087513 -0.131596 -0.130118
v 0.065956 -0.185347 -0.168871
v -0.003868 0.128009 0.058135
v -0.002206 0.072484 0.082613
v -0.042347 0.123859 0.099714
v 1.365356 -0.203615 -0.125570
v 1.429580 -0.207902 -0.124480
v 1.385995 -0.236086 -0.160531
v -0.578235 -0.106223 -0.061673
v -0.648412 -0.115723 -0.000048
v -0.645511 -0.111891 -0.065366
v -0.573604 -0.109546 -0.000048
v -0.648412 -0.115723 -0.000048
v -0.578235 -0.106223 0.053674
v -0.645511 -0.111891 0.057367
v -0.573604 -0.109546 -0.000048
v -0.003868 0.128009 -0.060527
v -0.042346 0.123859 -0.102106
v -0.002206 0.072484 -0.089951
v 0.802653 -0.283703 0.108822
v 0.762561 -0.248663 0.072030
v 0.840193 -0.283782 0.094334
v 0.132112 0.132700 -0.112982
v 0.164743 0.132429 -0.087942
v 0.133452 0.087850 -0.091956
v 0.317759 0.170419 -0.002413
v 0.268897 0.114187 0.038658
v 0.269290 0.102879 -0.002413
v 0.312561 0.170509 0.046982
v 0.317759 0.170419 -0.002413
v 0.268897 0.114187 -0.037147
v 0.312561 0.170509 -0.045473
v 0.269290 0.102879 -0.002413
v 0.132112 0.132701 0.110590
v 0.133452 0.087850 0.085366
v 0.164743 0.132430 0.085550
v 1.016236 0.271399 -0.012430
v 1.005414 0.277515 -0.000000
v 1.045987 0.280712 -0.000000
v 1.005414 0.277515 -0.000000
v 0.998505 0.255965 -0.022650
v 0.976416 0.260974 -0.000000
v 0.868908 0.299469 0.019026
v 0.875816 0.321018 -0.000000
v 0.846819 0.304478 -0.000000
v 0.886639 0.314902 0.010442
v 0.627067 -0.247298 -0.073634
v 0.543520 -0.213840 0.000000
v 0.629559 -0.252418 0.000000
v 0.545344 -0.207401 -0.093416
v 0.543520 -0.213840 0.000000
v 0.627067 -0.247298 0.073634
v 0.629559 -0.252418 0.000000
v 0.545344 -0.207401 0.093416
v 0.306442 0.165427 0.085696
v 0.268351 0.128437 0.052576
v 0.312561 0.170509 0.046982
v 0.268897 0.114187 0.038658
v 0.268351 0.128437 0.052576
v 0.302968 0.136874 0.091739
v 0.268351 0.128437 -0.057096
v 0.306442 0.165427 -0.090215
v 0.312561 0.170509 -0.045473
v 0.268897 0.114187 -0.037147
v 0.267936 0.139593 -0.055133
v 0.302969 0.136874 -0.094130
v 0.651274 -0.246293 0.132247
v 0.590786 -0.212953 0.104454
v 0.574868 -0.270999 0.133781
v 0.636833 -0.203579 0.096271
v 0.706480 -0.226596 0.094441
v 1.446133 0.239630 -0.000000
v 1.459021 0.229930 -0.016131
v 1.433594 0.213076 -0.029393
v 1.406023 0.223260 -0.000000
v 1.446133 0.239630 -0.000000
v 1.498876 0.236873 -0.000000
v 0.651274 -0.246293 -0.132247
v 0.590786 -0.212953 -0.104452
v 0.636833 -0.203579 -0.096271
v 0.574868 -0.270999 -0.133781
v 0.706480 -0.226595 -0.094441
v 0.854303 0.250816 0.030764
v 0.869862 0.237075 -0.000000
v 0.890843 0.240864 -0.000000
v 0.851458 0.236877 0.015460
v 0.869862 0.237075 -0.000000
v 0.851458 0.236877 -0.015460
v 0.854303 0.250816 -0.030763
v 0.890843 0.240864 -0.000000
v 0.840194 -0.283781 -0.094334
v 0.766550 -0.247715 -0.078262
v 0.802653 -0.283703 -0.108822
v 0.401128 0.237554 0.055059
v 0.359923 0.168284 0.093240
v 0.401961 0.206927 0.118812
v 0.353357 0.172853 0.051371
v 0.403965 0.139578 0.130540
v 0.365404 0.138097 0.099714
v 0.359923 0.168284 -0.097974
v 0.401128 0.237554 -0.053158
v 0.401961 0.206927 -0.123545
v 0.353357 0.172853 -0.049471
v 0.403966 0.139578 -0.132931
v 0.365405 0.138098 -0.102106
v 0.347779 0.172131 -0.002534
v 0.401128 0.237554 0.055059
v 0.400984 0.243740 -0.002534
v 0.353357 0.172853 0.051371
v 0.401128 0.237554 -0.053158
v 0.347779 0.172131 -0.002534
v 0.400984 0.243740 -0.002534
v 0.353357 0.172853 -0.049471
v 0.131431 -0.126949 0.124054
v 0.141186 -0.167972 0.176474
v 0.196456 -0.156939 0.099847
v 0.131432 -0.126949 -0.124054
v 0.196457 -0.156939 -0.099848
v 0.141186 -0.167970 -0.176474
v 1.367382 -0.307458 -0.061673
v 1.298036 -0.293102 -0.000048
v 1.302044 -0.290452 -0.065366
v 1.370646 -0.312131 -0.000048
v 1.298036 -0.293102 -0.000048
v 1.367382 -0.307458 0.053674
v 1.302044 -0.290452 0.057367
v 1.370646 -0.312131 -0.000048
v 0.302968 0.136874 0.091739
v 0.269446 0.089115 0.086206
v 0.267936 0.139593 0.052742
v 1.365356 -0.203615 0.117571
v 1.385995 -0.236086 0.152531
v 1.429580 -0.207902 0.121512
v 0.302969 0.136874 -0.094130
v 0.267936 0.139593 -0.055133
v 0.269446 0.089115 -0.093094
v 0.894780 -0.461399 -0.000001
v 0.817978 -0.410265 0.077837
v 0.821289 -0.409474 -0.000001
v 0.895360 -0.457748 0.095096
v 0.895360 -0.457748 -0.095098
v 0.894780 -0.461399 -0.000001
v 0.817978 -0.410265 -0.077837
v 0.821289 -0.409474 -0.000001
v 0.232955 0.135818 0.090542
v 0.269446 0.089115 0.086206
v 0.268010 0.137165 0.118564
v 0.757698 -0.249343 -0.055848
v 0.703797 -0.262886 -0.099054
v 0.763084 -0.288733 -0.100038
v 0.757698 -0.249343 0.055847
v 0.763084 -0.288733 0.100037
v 0.703797 -0.262886 0.099054
v 0.089168 0.160937 -0.042161
v 0.132939 0.111252 -0.034754
v 0.084433 0.160325 -0.002332
v 0.133307 0.100698 -0.002332
v 0.084433 0.160325 -0.002332
v 0.133307 0.100698 -0.002332
v 0.132939 0.111252 0.036003
v 0.089168 0.160937 0.043410
v -0.144187 -0.041212 -0.162431
v -0.146323 0.012130 -0.123548
v -0.104861 -0.038510 -0.128558
v -0.144187 -0.041212 0.158510
v -0.104861 -0.038510 0.124637
v -0.146323 0.012130 0.121398
v -0.139741 0.122926 0.118564
v -0.101309 0.151188 0.085696
v -0.141564 0.184153 0.107902
v -0.104784 0.122635 0.091739
v -0.142321 0.211995 0.049945
v -0.095191 0.156270 0.046982
v -0.139741 0.122927 -0.120956
v -0.101309 0.151188 -0.090215
v -0.104783 0.122635 -0.094130
v -0.141564 0.184153 -0.112422
v -0.142321 0.211995 -0.048434
v -0.095191 0.156270 -0.045473
v -0.089992 0.156180 -0.002413
v -0.142452 0.217618 -0.002413
v -0.142321 0.211995 0.049945
v -0.095191 0.156270 0.046982
v -0.095191 0.156270 -0.045473
v -0.142321 0.211995 -0.048434
v -0.089992 0.156180 -0.002413
v -0.142452 0.217618 -0.002413
v 0.089168 0.160937 0.043410
v 0.132431 0.124554 0.048997
v 0.094738 0.157059 0.078939
v 0.132939 0.111252 0.036003
v 0.132431 0.124554 0.048997
v 0.099390 0.131443 0.084433
v 0.132431 0.124554 -0.053375
v 0.089168 0.160937 -0.042161
v 0.094738 0.157059 -0.083318
v 0.132939 0.111252 -0.034754
v 0.099390 0.131443 -0.086824
v 0.132042 0.134967 -0.051542
v 0.636833 -0.203579 -0.096271
v 0.645625 -0.246396 -0.042079
v 0.706480 -0.226595 -0.094441
v 0.636833 -0.203579 0.096271
v 0.706480 -0.226596 0.094441
v 0.645625 -0.246396 0.042080
v -0.003786 0.125339 -0.132931
v 0.034668 0.125019 -0.103423
v -0.002206 0.072484 -0.089951
v -0.144187 -0.041212 -0.162431
v -0.098094 -0.087849 -0.123615
v -0.141096 -0.119548 -0.151656
v -0.104861 -0.038510 -0.128558
v -0.090275 -0.108392 -0.097208
v -0.139533 -0.157336 -0.103179
v -0.098094 -0.087849 0.115616
v -0.144187 -0.041212 0.158510
v -0.141096 -0.119548 0.143656
v -0.104861 -0.038510 0.124637
v -0.090275 -0.108392 0.089209
v -0.139533 -0.157335 0.095180
v -0.579212 -0.096264 -0.122180
v -0.584395 -0.032722 -0.160531
v -0.553415 -0.055287 -0.127064
v -0.631050 -0.092999 -0.149886
v -0.579212 -0.096264 -0.122180
v -0.645511 -0.111891 -0.065366
v -0.578235 -0.106223 -0.061673
v 0.998505 0.255965 0.022650
v 1.005414 0.277515 -0.000000
v 0.976416 0.260974 -0.000000
v 1.016236 0.271399 0.012430
v -0.003786 0.125339 0.130540
v -0.002206 0.072484 0.082613
v 0.034668 0.125019 0.101033
v 0.842820 -0.286742 -0.000001
v 0.766550 -0.247715 0.078262
v 0.772295 -0.246349 -0.000001
v 0.840193 -0.283782 0.094334
v 0.840194 -0.283781 -0.094334
v 0.842820 -0.286742 -0.000001
v 0.766550 -0.247715 -0.078262
v 0.772295 -0.246349 -0.000001
v -0.584395 -0.032722 0.152531
v -0.579212 -0.096264 0.114182
v -0.553415 -0.055287 0.119065
v -0.631050 -0.092999 0.141886
v -0.645511 -0.111891 0.057367
v -0.579212 -0.096264 0.114182
v -0.578235 -0.106223 0.053674
v 0.132042 0.134967 0.049151
v 0.133452 0.087850 0.085366
v 0.099390 0.131443 0.084433
v 0.132042 0.134967 -0.051542
v 0.099390 0.131443 -0.086824
v 0.133452 0.087850 -0.091956
v 1.245763 -0.028190 -0.127422
v 1.282721 -0.068133 -0.085192
v 1.295319 -0.026723 -0.132367
v 1.297917 -0.066285 -0.082606
v 1.384252 -0.237213 0.070414
v 1.365356 -0.203615 0.117571
v 1.429580 -0.207902 0.121512
v 0.178548 0.163741 -0.002332
v 0.132939 0.111252 -0.034754
v 0.173695 0.163825 -0.042525
v 0.133307 0.100698 -0.002332
v 0.178548 0.163741 -0.002332
v 0.132939 0.111252 0.036003
v 0.133307 0.100698 -0.002332
v 0.173695 0.163825 0.043776
v -0.090275 -0.108392 -0.097208
v -0.138923 -0.172653 0.000000
v -0.139533 -0.157336 -0.103179
v -0.084068 -0.118329 0.000000
v -0.138923 -0.172653 0.000000
v -0.090275 -0.108392 0.089209
v -0.139533 -0.157335 0.095180
v -0.084068 -0.118329 0.000000
v 0.167984 0.159081 0.079910
v 0.132431 0.124554 0.048997
v 0.173695 0.163825 0.043776
v 0.132939 0.111252 0.036003
v 0.132431 0.124554 0.048997
v 0.164743 0.132430 0.085550
v 1.125036 0.216230 0.032591
v 1.124056 0.247026 -0.000000
v 1.089747 0.233177 -0.000000
v 1.145605 0.236623 0.023929
v 1.124056 0.247026 -0.000000
v 1.145605 0.236623 -0.023929
v 1.125036 0.216230 -0.032590
v 1.089747 0.233177 -0.000000
v 0.087513 -0.131596 -0.130118
v 0.131078 -0.171318 -0.076638
v 0.131432 -0.126949 -0.124054
v 0.136477 -0.170679 -0.056153
v 0.365405 0.138098 -0.102106
v 0.403966 0.139578 -0.132931
v 0.405545 0.086723 -0.092698
v 0.131431 -0.126949 0.124054
v 0.136477 -0.170679 0.056152
v 0.131078 -0.171318 0.076638
v 0.087513 -0.131596 0.130118
v 0.132431 0.124554 -0.053375
v 0.167984 0.159081 -0.084289
v 0.173695 0.163825 -0.042525
v 0.132939 0.111252 -0.034754
v 0.132042 0.134967 -0.051542
v 0.164743 0.132429 -0.087942
v 0.133452 0.087850 -0.091956
v 0.164743 0.132430 0.085550
v 0.133452 0.087850 0.085366
v 0.132042 0.134967 0.049151
v 0.574868 -0.270999 0.133781
v 0.545344 -0.207401 0.093416
v 0.510323 -0.286965 0.100452
v 0.590786 -0.212953 0.104454
v 0.365404 0.138097 0.099714
v 0.405545 0.086723 0.085358
v 0.403965 0.139578 0.130540
v 0.574868 -0.270999 -0.133781
v 0.545344 -0.207401 -0.093416
v 0.590786 -0.212953 -0.104452
v 0.510323 -0.286965 -0.100452
v -0.262398 -0.047207 -0.161034
v -0.264429 0.003495 -0.122516
v -0.225019 -0.044639 -0.127455
v 1.433594 0.213076 0.029393
v 1.446133 0.239630 -0.000000
v 1.406023 0.223260 -0.000000
v 1.459021 0.229930 0.016130
v 0.492185 0.174564 -0.002332
v 0.537456 0.230078 0.046539
v 0.537334 0.235328 -0.002332
v 0.496919 0.175176 0.043410
v 0.537456 0.230078 -0.045290
v 0.492185 0.174564 -0.002332
v 0.537334 0.235328 -0.002332
v 0.496919 0.175176 -0.042161
v -0.262398 -0.047207 0.157168
v -0.225019 -0.044639 0.123588
v -0.264429 0.003495 0.120419
v 0.043652 -0.127238 -0.000001
v 0.124021 -0.172559 0.085993
v 0.120778 -0.173592 -0.000001
v 0.043343 -0.130922 0.105061
v 0.043343 -0.130922 -0.105061
v 0.043652 -0.127238 -0.000001
v 0.124021 -0.172559 -0.085993
v 0.120778 -0.173592 -0.000001
v -0.139741 0.122927 -0.120956
v -0.104783 0.122635 -0.094130
v -0.138305 0.074876 -0.092398
v 0.136477 -0.170679 -0.056153
v 0.196457 -0.156939 -0.099848
v 0.131432 -0.126949 -0.124054
v -0.139741 0.122926 0.118564
v -0.138305 0.074876 0.085509
v -0.104784 0.122635 0.091739
v 0.136477 -0.170679 0.056152
v 0.131431 -0.126949 0.124054
v 0.196456 -0.156939 0.099847
v 1.384252 -0.237213 -0.078413
v 1.429580 -0.207902 -0.124480
v 1.365356 -0.203615 -0.125570
v 0.838086 -0.358808 0.131850
v 0.800520 -0.413571 0.176474
v 0.876829 -0.401801 0.168871
v 0.794480 -0.370639 0.128468
v 0.800520 -0.413571 0.176474
v 0.744586 -0.420489 0.099847
v 0.870955 -0.340697 0.094046
v 0.935402 -0.393926 0.099812
v 0.838086 -0.358808 0.131850
v 1.300034 -0.066014 -0.169258
v 1.257053 -0.116014 -0.128791
v 1.221728 -0.075940 -0.158025
v 1.306153 -0.104955 -0.133944
v 1.200773 -0.080211 -0.107485
v 1.253823 -0.125015 -0.101260
v 0.838086 -0.358808 -0.131850
v 0.800520 -0.413571 -0.176474
v 0.794480 -0.370639 -0.128468
v 0.876829 -0.401801 -0.168871
v 0.800520 -0.413571 -0.176474
v 0.744586 -0.420489 -0.099848
v 0.870955 -0.340696 -0.094047
v 0.838086 -0.358808 -0.131850
v 0.935402 -0.393926 -0.099813
v 0.712076 -0.373219 0.134411
v 0.638287 -0.354091 0.106795
v 0.640522 -0.408312 0.136781
v 0.682190 -0.338361 0.097847
v 0.763515 -0.346050 0.099615
v 0.638287 -0.354091 -0.106794
v 0.712076 -0.373219 -0.134411
v 0.640522 -0.408312 -0.136779
v 0.682190 -0.338361 -0.097847
v 0.763515 -0.346050 -0.099615
v 0.087513 -0.131596 0.130118
v 0.131078 -0.171318 0.076638
v 0.043343 -0.130922 0.105061
v 0.222003 0.167415 -0.045083
v 0.268897 0.114187 -0.037147
v 0.216930 0.166760 -0.002413
v 0.269290 0.102879 -0.002413
v 0.216930 0.166760 -0.002413
v 0.269290 0.102879 -0.002413
v 0.268897 0.114187 0.038658
v 0.222003 0.167415 0.046593
v 0.502490 0.171298 -0.083318
v 0.537456 0.230078 -0.045290
v 0.538162 0.204090 -0.105018
v 0.496919 0.175176 -0.042161
v 0.539864 0.146939 -0.112982
v 0.507142 0.145682 -0.086824
v 0.539864 0.146939 -0.112982
v 0.541204 0.102089 -0.092586
v 0.537456 0.230078 0.046539
v 0.502490 0.171298 0.078939
v 0.538162 0.204090 0.100638
v 0.496919 0.175176 0.043410
v 0.539864 0.146940 0.110590
v 0.507142 0.145682 0.084433
v 0.541204 0.102089 0.085998
v 0.539864 0.146940 0.110590
v 0.043343 -0.130922 -0.105061
v 0.124021 -0.172559 -0.085993
v 0.087513 -0.131596 -0.130118
v 0.640468 -0.248711 -0.060714
v 0.590786 -0.212953 -0.104452
v 0.627067 -0.247298 -0.073634
v 0.545344 -0.207401 -0.093416
v 0.267936 0.139593 0.052742
v 0.269446 0.089115 0.086206
v 0.232955 0.135818 0.090542
v 0.590786 -0.212953 0.104454
v 0.627067 -0.247298 0.073634
v 0.545344 -0.207401 0.093416
v 0.640468 -0.248711 0.060714
v -0.275640 0.118461 0.110590
v -0.239767 0.144842 0.079910
v -0.277341 0.175612 0.100638
v -0.243009 0.118190 0.085550
v -0.278047 0.201600 0.046539
v -0.234056 0.149586 0.043776
v -0.275639 0.118461 -0.112982
v -0.239767 0.144842 -0.084289
v -0.243009 0.118190 -0.087942
v -0.277341 0.175612 -0.105016
v -0.278047 0.201600 -0.045290
v -0.234056 0.149586 -0.042525
v 0.222003 0.167415 0.046593
v 0.268351 0.128437 0.052576
v 0.227971 0.163261 0.084656
v 0.268897 0.114187 0.038658
v 0.268351 0.128437 0.052576
v 0.232955 0.135818 0.090542
v 0.267936 0.139593 -0.055133
v 0.232955 0.135818 -0.092933
v 0.269446 0.089115 -0.093094
v 0.268351 0.128437 -0.057096
v 0.222003 0.167415 -0.045083
v 0.227971 0.163261 -0.089175
v 0.268897 0.114187 -0.037147
v 0.232955 0.135818 -0.092933
v 0.267936 0.139593 -0.055133
v -0.229203 0.149502 -0.002332
v -0.278169 0.206850 -0.002332
v -0.278047 0.201600 0.046539
v -0.234056 0.149586 0.043776
v -0.234056 0.149586 -0.042525
v -0.278047 0.201600 -0.045290
v -0.229203 0.149502 -0.002332
v -0.278169 0.206850 -0.002332
v -0.257396 -0.172142 -0.000171
v -0.211156 -0.111062 0.051510
v -0.257976 -0.157582 0.055065
v -0.205255 -0.120508 -0.000171
v -0.211156 -0.111062 -0.059457
v -0.257396 -0.172142 -0.000171
v -0.257976 -0.157582 -0.063011
v -0.205255 -0.120508 -0.000171
v -0.262398 -0.047207 -0.161034
v -0.218589 -0.091536 -0.125734
v -0.259462 -0.121665 -0.154276
v -0.225019 -0.044639 -0.127455
v -0.257976 -0.157582 -0.063011
v -0.211156 -0.111062 -0.059457
v 0.034668 0.125019 0.101033
v -0.002206 0.072484 0.082613
v -0.003868 0.128009 0.058135
v -0.218589 -0.091536 0.117786
v -0.262398 -0.047207 0.157168
v -0.259461 -0.121665 0.146330
v -0.225019 -0.044639 0.123588
v -0.257976 -0.157582 0.055065
v -0.211156 -0.111062 0.051510
v 0.050938 0.161919 -0.002534
v -0.002811 0.100064 -0.040741
v 0.045219 0.162018 -0.049901
v -0.002377 0.087624 -0.002534
v 0.050938 0.161919 -0.002534
v -0.002811 0.100064 0.042642
v -0.002377 0.087624 -0.002534
v 0.045219 0.162018 0.051801
v 0.034668 0.125019 -0.103423
v -0.003868 0.128009 -0.060527
v -0.002206 0.072484 -0.089951
v 0.782581 -0.199419 0.110014
v 0.753496 -0.251876 0.134152
v 0.821099 -0.234757 0.135485
v 0.744388 -0.213791 0.102910
v 0.703797 -0.262886 0.099054
v 0.782581 -0.199419 -0.110014
v 0.753495 -0.251876 -0.134153
v 0.744388 -0.213792 -0.102910
v 0.703797 -0.262886 -0.099054
v 0.821099 -0.234757 -0.135485
v -0.370887 -0.059655 -0.151353
v -0.372444 -0.020767 -0.122970
v -0.342216 -0.057685 -0.125597
v -0.370887 -0.059655 0.148900
v -0.342216 -0.057685 0.123144
v -0.372444 -0.020767 0.120519
v -0.275639 0.118461 -0.112982
v -0.243009 0.118190 -0.087942
v -0.274299 0.073611 -0.094346
v 0.038489 0.156428 0.094385
v -0.003411 0.115736 0.057953
v 0.045219 0.162018 0.051801
v -0.002811 0.100064 0.042642
v -0.003411 0.115736 0.057953
v 0.034668 0.125019 0.101033
v -0.275640 0.118461 0.110590
v -0.274299 0.073611 0.087757
v -0.243009 0.118190 0.085550
v -0.003411 0.115736 -0.062687
v 0.038489 0.156428 -0.099118
v 0.045219 0.162018 -0.049901
v -0.002811 0.100064 -0.040741
v -0.003868 0.128009 -0.060527
v 0.034668 0.125019 -0.103423
v -0.480364 -0.043908 -0.173320
v -0.482796 0.016806 -0.120926
v -0.435602 -0.040833 -0.134765
v 0.673182 0.240473 0.049945
v 0.635723 0.177500 0.084656
v 0.673939 0.212631 0.107902
v 0.629754 0.181654 0.046593
v 0.675762 0.151405 0.118564
v 0.640706 0.150057 0.090542
v 0.693970 -0.379379 -0.055701
v 0.591983 -0.361658 0.011170
v 0.691613 -0.382311 0.011170
v 0.598393 -0.356818 -0.073390
v 0.691613 -0.382311 0.011170
v 0.591983 -0.361658 0.011170
v 0.598393 -0.356818 0.063032
v 0.693970 -0.379379 0.049611
v -0.143474 -0.058925 -0.080420
v -0.084068 -0.118329 0.000000
v -0.090275 -0.108392 -0.097208
v -0.143459 -0.059372 0.000000
v -0.084068 -0.118329 0.000000
v -0.143474 -0.058925 0.072421
v -0.090275 -0.108392 0.089209
v -0.143459 -0.059372 0.000000
v -0.480364 -0.043908 0.170927
v -0.435602 -0.040833 0.132373
v -0.482796 0.016806 0.124998
v -0.337219 -0.095481 0.121166
v -0.370887 -0.059655 0.148900
v -0.368570 -0.118590 0.143059
v -0.342216 -0.057685 0.123144
v -0.331583 -0.108633 0.106394
v -0.367494 -0.144314 0.112782
v 0.624682 0.180999 -0.002413
v 0.673182 0.240473 0.049945
v 0.673051 0.246096 -0.002413
v 0.629754 0.181654 0.046593
v 0.673182 0.240473 -0.048434
v 0.624682 0.180999 -0.002413
v 0.673051 0.246096 -0.002413
v 0.629754 0.181654 -0.045083
v -0.370887 -0.059655 -0.151353
v -0.337283 -0.093656 -0.124275
v -0.368634 -0.116765 -0.146168
v -0.342216 -0.057685 -0.125597
v -0.331583 -0.108633 -0.103683
v -0.367493 -0.144314 -0.110071
v 0.858077 0.270443 0.025914
v 0.846819 0.304478 -0.000000
v 0.827918 0.276930 -0.000000
v 0.868908 0.299469 0.019026
v 0.868908 0.299469 -0.019026
v 0.858077 0.270443 -0.025913
v 0.846819 0.304478 -0.000000
v 0.827918 0.276930 -0.000000
v -0.104861 -0.038510 0.124637
v -0.144102 -0.043344 0.075396
v -0.146323 0.012130 0.121398
v 0.403884 0.142248 0.058135
v 0.405545 0.086723 0.085358
v 0.365404 0.138097 0.099714
v 0.403884 0.142248 -0.060527
v 0.365405 0.138098 -0.102106
v 0.405545 0.086723 -0.092698
v -0.411537 0.111100 0.130540
v -0.369262 0.142189 0.094385
v -0.413543 0.178449 0.118812
v -0.373084 0.110780 0.101033
v -0.414375 0.209076 0.055059
v -0.362532 0.147779 0.051801
v 0.682190 -0.338361 -0.097847
v 0.706541 -0.374120 -0.042767
v 0.763515 -0.346050 -0.099615
v 0.682190 -0.338361 0.097847
v 0.763515 -0.346050 0.099615
v 0.706541 -0.374120 0.042768
v 1.089747 0.233177 -0.000000
v 1.104986 0.195069 0.041201
v 1.125036 0.216230 0.032591
v 1.061434 0.205527 -0.000000
v 0.353357 0.172853 -0.049471
v 0.404941 0.114303 -0.040741
v 0.347779 0.172131 -0.002534
v 0.405374 0.101863 -0.002534
v 1.125036 0.216230 -0.032590
v 1.104986 0.195069 -0.041200
v 1.089747 0.233177 -0.000000
v 1.061434 0.205527 -0.000000
v 0.347779 0.172131 -0.002534
v 0.405374 0.101863 -0.002534
v 0.404941 0.114303 0.042642
v 0.353357 0.172853 0.051371
v 0.635723 0.177500 -0.089175
v 0.673182 0.240473 -0.048434
v 0.673939 0.212631 -0.112422
v 0.629754 0.181654 -0.045083
v 0.675762 0.151405 -0.120956
v 0.640706 0.150057 -0.092933
v 0.675762 0.151405 -0.120956
v 0.677198 0.103354 -0.093728
v -0.411537 0.111100 -0.132931
v -0.369262 0.142189 -0.099118
v -0.373084 0.110780 -0.103423
v -0.413543 0.178449 -0.123545
v -0.414375 0.209076 -0.053158
v -0.362532 0.147779 -0.049901
v -0.143474 -0.058925 -0.080420
v -0.090275 -0.108392 -0.097208
v -0.143556 -0.058106 -0.081794
v -0.098094 -0.087849 -0.123615
v -0.104861 -0.038510 -0.128558
v -0.143556 -0.058106 -0.081794
v -0.144102 -0.043345 -0.079316
v -0.104861 -0.038510 -0.128558
v -0.146323 0.012130 -0.123548
v 0.640706 0.150057 0.090542
v 0.677198 0.103354 0.086839
v 0.675762 0.151405 0.118564
v -0.143556 -0.058106 0.073795
v -0.098094 -0.087849 0.115616
v -0.090275 -0.108392 0.089209
v -0.143474 -0.058925 0.072421
v -0.104861 -0.038510 0.124637
v -0.144102 -0.043344 0.075396
v 0.854303 0.250816 0.030764
v 0.827918 0.276930 -0.000000
v 0.812221 0.249622 -0.000000
v 0.858077 0.270443 0.025914
v -0.411537 0.111100 0.130540
v -0.409957 0.058245 0.083422
v -0.373084 0.110780 0.101033
v 0.353357 0.172853 0.051371
v 0.404340 0.129975 0.057953
v 0.359923 0.168284 0.093240
v 0.404941 0.114303 0.042642
v 0.404340 0.129975 0.057953
v 0.365404 0.138097 0.099714
v 0.827918 0.276930 -0.000000
v 0.858077 0.270443 -0.025913
v 0.854303 0.250816 -0.030763
v 0.812221 0.249622 -0.000000
v -0.356813 0.147680 -0.002534
v -0.414518 0.215262 -0.002534
v -0.414375 0.209076 0.055059
v -0.362532 0.147779 0.051801
v -0.362532 0.147779 -0.049901
v -0.414375 0.209076 -0.053158
v -0.356813 0.147680 -0.002534
v -0.414518 0.215262 -0.002534
v -0.411537 0.111100 -0.132931
v -0.373084 0.110780 -0.103423
v -0.409957 0.058245 -0.090760
v 0.404340 0.129975 -0.062687
v 0.353357 0.172853 -0.049471
v 0.359923 0.168284 -0.097974
v 0.404941 0.114303 -0.040741
v 0.365405 0.138098 -0.102106
v 0.403884 0.142248 -0.060527
v -0.331583 -0.108633 -0.103683
v -0.367050 -0.155482 -0.001058
v -0.367493 -0.144314 -0.110071
v -0.327057 -0.115878 -0.001058
v -0.367050 -0.155482 -0.001058
v -0.331583 -0.108633 0.106394
v -0.367494 -0.144314 0.112782
v -0.327057 -0.115878 -0.001058
v -0.104784 0.122635 0.091739
v -0.138305 0.074876 0.085509
v -0.139816 0.125354 0.052742
v -0.104783 0.122635 -0.094130
v -0.139816 0.125354 -0.055133
v -0.138305 0.074876 -0.092398
v -0.089992 0.156180 -0.002413
v -0.138855 0.099948 -0.037147
v -0.095191 0.156270 -0.045473
v -0.138462 0.088640 -0.002413
v -0.089992 0.156180 -0.002413
v -0.138855 0.099948 0.038658
v -0.138462 0.088640 -0.002413
v -0.095191 0.156270 0.046982
v -0.261721 -0.064044 -0.049463
v -0.205255 -0.120508 -0.000171
v -0.211156 -0.111062 -0.059457
v -0.261709 -0.064468 -0.000171
v -0.205255 -0.120508 -0.000171
v -0.261721 -0.064044 0.041517
v -0.211156 -0.111062 0.051510
v -0.261709 -0.064468 -0.000171
v -0.101309 0.151188 0.085696
v -0.139400 0.114198 0.052576
v -0.095191 0.156270 0.046982
v -0.138855 0.099948 0.038658
v -0.139400 0.114198 0.052576
v -0.104784 0.122635 0.091739
v -0.139400 0.114198 -0.057096
v -0.101309 0.151188 -0.090215
v -0.095191 0.156270 -0.045473
v -0.138855 0.099948 -0.037147
v -0.139816 0.125354 -0.055133
v -0.104783 0.122635 -0.094130
v -0.480364 -0.043908 -0.173320
v -0.427902 -0.096992 -0.126078
v -0.476846 -0.133070 -0.157996
v -0.435602 -0.040833 -0.134765
v -0.475598 -0.160895 -0.074696
v -0.419532 -0.105188 -0.070440
v 0.539794 0.149206 -0.051542
v 0.507142 0.145682 -0.086824
v 0.541204 0.102089 -0.092586
v 0.539794 0.149206 0.049151
v 0.541204 0.102089 0.085998
v 0.507142 0.145682 0.084433
v 0.823457 0.212728 -0.000000
v 0.850937 0.213685 0.023186
v 0.833054 0.236678 -0.000000
v 0.851458 0.236877 0.015460
v -0.427902 -0.096992 0.126748
v -0.480364 -0.043908 0.170927
v -0.476846 -0.133070 0.158664
v -0.435602 -0.040833 0.132373
v -0.475598 -0.160895 0.066697
v -0.419532 -0.105188 0.062442
v 0.850937 0.213685 -0.023186
v 0.833054 0.236678 -0.000000
v 0.851458 0.236877 -0.015460
v 0.823457 0.212728 -0.000000
v -0.218589 -0.091536 0.117786
v -0.211156 -0.111062 0.051510
v -0.261800 -0.063265 0.075217
v -0.261721 -0.064044 0.041517
v -0.261800 -0.063265 0.075217
v -0.225019 -0.044639 0.123588
v -0.262318 -0.049234 0.074771
v -0.225019 -0.044639 0.123588
v -0.264429 0.003495 0.120419
v -0.419532 -0.105188 -0.070440
v -0.475316 -0.166513 0.000553
v -0.475598 -0.160895 -0.074696
v -0.412879 -0.104684 0.000553
v -0.475316 -0.166513 0.000553
v -0.419532 -0.105188 0.062442
v -0.475598 -0.160895 0.066697
v -0.412879 -0.104684 0.000553
v 0.640522 -0.408312 -0.136779
v 0.614903 -0.355574 -0.101784
v 0.638287 -0.354091 -0.106794
v 0.609279 -0.421715 -0.122351
v 0.584911 -0.434879 -0.079682
v 0.598393 -0.356818 -0.073390
v -0.211156 -0.111062 -0.059457
v -0.218589 -0.091536 -0.125734
v -0.261800 -0.063265 -0.083164
v -0.261721 -0.064044 -0.049463
v -0.225019 -0.044639 -0.127455
v -0.261800 -0.063265 -0.083164
v -0.262318 -0.049234 -0.078638
v -0.225019 -0.044639 -0.127455
v -0.264429 0.003495 -0.122516
v -0.560241 0.184398 0.030764
v -0.544683 0.170660 -0.000000
v -0.523701 0.174448 -0.000000
v -0.563086 0.170461 0.015460
v -0.544683 0.170660 -0.000000
v -0.563086 0.170461 -0.015460
v -0.560241 0.184398 -0.030763
v -0.523701 0.174448 -0.000000
v 0.987675 0.226940 0.030850
v 0.976416 0.260974 -0.000000
v 0.957515 0.233428 -0.000000
v 0.998505 0.255965 0.022650
v 0.638287 -0.354091 0.106795
v 0.694449 -0.378372 0.063695
v 0.614903 -0.355574 0.096659
v 0.701803 -0.377125 0.062074
v 0.694449 -0.378372 0.063695
v 0.598393 -0.356818 0.063032
v 0.693970 -0.379379 0.049611
v 0.682190 -0.338361 0.097847
v 0.638287 -0.354091 0.106795
v 0.706541 -0.374120 0.042768
v 1.104986 0.195069 0.041201
v 1.114935 0.184620 -0.000000
v 1.143019 0.176002 -0.000000
v 1.095253 0.188844 0.020130
v 0.998505 0.255965 -0.022650
v 0.987675 0.226940 -0.030849
v 0.976416 0.260974 -0.000000
v 0.957515 0.233428 -0.000000
v 1.114935 0.184620 -0.000000
v 1.095253 0.188844 -0.020130
v 1.104986 0.195069 -0.041200
v 1.143019 0.176002 -0.000000
v 0.496919 0.175176 -0.042161
v 0.540691 0.125491 -0.034754
v 0.492185 0.174564 -0.002332
v 0.541057 0.114937 -0.002332
v 0.492185 0.174564 -0.002332
v 0.541057 0.114937 -0.002332
v 0.540691 0.125491 0.036003
v 0.496919 0.175176 0.043410
v 0.744388 -0.213792 -0.102910
v 0.703797 -0.262886 -0.099054
v 0.757698 -0.249343 -0.055848
v 0.762561 -0.248663 -0.072030
v 0.782581 -0.199419 -0.110014
v 0.636833 -0.203579 -0.096271
v 0.640468 -0.248711 -0.060714
v 0.645625 -0.246396 -0.042079
v 0.590786 -0.212953 -0.104452
v 0.744388 -0.213791 0.102910
v 0.757698 -0.249343 0.055847
v 0.703797 -0.262886 0.099054
v 0.762561 -0.248663 0.072030
v 0.782581 -0.199419 0.110014
v 0.640522 -0.408312 0.136781
v 0.614903 -0.355574 0.096659
v 0.609279 -0.421715 0.116365
v 0.638287 -0.354091 0.106795
v 0.584911 -0.434879 0.067806
v 0.598393 -0.356818 0.063032
v 0.636833 -0.203579 0.096271
v 0.640468 -0.248711 0.060714
v 0.590786 -0.212953 0.104454
v 0.645625 -0.246396 0.042080
v 1.052039 -0.178845 -0.060902
v 1.052747 -0.183599 -0.000335
v 0.996568 -0.140008 -0.057025
v 0.990979 -0.140341 -0.000335
v 1.052747 -0.183599 -0.000335
v 0.996568 -0.140008 0.049025
v 0.990979 -0.140341 -0.000335
v 1.052039 -0.178845 0.052902
v 0.496919 0.175176 0.043410
v 0.540182 0.138793 0.048997
v 0.502490 0.171298 0.078939
v 0.540691 0.125491 0.036003
v 0.540182 0.138793 0.048997
v 0.507142 0.145682 0.084433
v 0.540182 0.138793 -0.053375
v 0.496919 0.175176 -0.042161
v 0.502490 0.171298 -0.083318
v 0.540691 0.125491 -0.034754
v 0.507142 0.145682 -0.086824
v 0.539794 0.149206 -0.051542
v 0.701803 -0.377125 -0.062074
v 0.638287 -0.354091 -0.106794
v 0.694449 -0.378372 -0.066399
v 0.614903 -0.355574 -0.101784
v 0.682190 -0.338361 -0.097847
v 0.638287 -0.354091 -0.106794
v 0.706541 -0.374120 -0.042767
v 0.598393 -0.356818 -0.073390
v 0.694449 -0.378372 -0.066399
v 0.693970 -0.379379 -0.055701
v -0.342216 -0.057685 -0.125597
v -0.372444 -0.020767 -0.122970
v -0.370825 -0.061210 -0.098795
v -0.342216 -0.057685 0.123144
v -0.370825 -0.061210 0.096343
v -0.372444 -0.020767 0.120519
v -0.370367 -0.072569 -0.085725
v -0.327057 -0.115878 -0.001058
v -0.331583 -0.108633 -0.103683
v -0.370357 -0.072895 -0.001058
v -0.327057 -0.115878 -0.001058
v -0.370367 -0.072569 0.088437
v -0.331583 -0.108633 0.106394
v -0.370357 -0.072895 -0.001058
v 0.983900 0.207312 0.036624
v 0.957515 0.233428 -0.000000
v 0.941818 0.206119 -0.000000
v 0.987675 0.226940 0.030850
v 0.957515 0.233428 -0.000000
v 0.987675 0.226940 -0.030849
v 0.983900 0.207312 -0.036624
v 0.941818 0.206119 -0.000000
v -0.229203 0.149502 -0.002332
v -0.274812 0.097013 -0.034754
v -0.234056 0.149586 -0.042525
v -0.274445 0.086459 -0.002332
v 0.545344 -0.207401 -0.093416
v 0.510323 -0.286965 -0.100452
v 0.543520 -0.213840 0.000000
v 0.508611 -0.293512 0.000000
v 0.543520 -0.213840 0.000000
v 0.508611 -0.293512 0.000000
v 0.510323 -0.286965 0.100452
v 0.545344 -0.207401 0.093416
v -0.229203 0.149502 -0.002332
v -0.274812 0.097013 0.036003
v -0.274445 0.086459 -0.002332
v -0.234056 0.149586 0.043776
v 1.200773 -0.080211 -0.107485
v 1.245763 -0.028190 -0.127422
v 1.221728 -0.075940 -0.158025
v 1.241308 -0.023576 -0.100441
v 1.300034 -0.066014 -0.169258
v 1.295319 -0.026723 -0.132367
v 1.001995 -0.132409 -0.112379
v 1.052039 -0.178845 -0.060902
v 0.996568 -0.140008 -0.057025
v 1.048661 -0.155296 -0.139270
v 1.038245 -0.079785 -0.149141
v 1.001995 -0.132409 -0.112379
v 1.000094 -0.084767 -0.116724
v -0.275321 0.110315 -0.053375
v -0.239767 0.144842 -0.084289
v -0.234056 0.149586 -0.042525
v -0.274812 0.097013 -0.034754
v -0.275709 0.120728 -0.051542
v -0.243009 0.118190 -0.087942
v -0.274299 0.073611 -0.094346
v -0.239767 0.144842 0.079910
v -0.275321 0.110315 0.048997
v -0.234056 0.149586 0.043776
v -0.274812 0.097013 0.036003
v -0.275321 0.110315 0.048997
v -0.243009 0.118190 0.085550
v -0.274299 0.073611 0.087757
v -0.275709 0.120728 0.049151
v 1.052039 -0.178845 0.052902
v 1.001995 -0.132409 0.104380
v 0.996568 -0.140008 0.049025
v 1.048661 -0.155296 0.131270
v 1.038245 -0.079785 0.141142
v 1.001995 -0.132409 0.104380
v 1.000094 -0.084767 0.108725
v -0.562490 0.115291 0.023186
v -0.544683 0.170660 -0.000000
v -0.563086 0.170461 0.015460
v -0.535010 0.116250 -0.000000
v -0.544683 0.170660 -0.000000
v -0.562490 0.115291 -0.023186
v -0.563086 0.170461 -0.015460
v -0.535010 0.116250 -0.000000
v 0.675687 0.153832 -0.055133
v 0.640706 0.150057 -0.092933
v 0.677198 0.103354 -0.093728
v 0.675687 0.153832 0.052742
v 0.677198 0.103354 0.086839
v 0.640706 0.150057 0.090542
v 1.418522 0.187047 0.040032
v 1.406023 0.223260 -0.000000
v 1.382910 0.205331 -0.000000
v 1.433594 0.213076 0.029393
v 1.433594 0.213076 -0.029393
v 1.418522 0.187047 -0.040031
v 1.406023 0.223260 -0.000000
v 1.382910 0.205331 -0.000000
v -0.529022 0.280468 0.010442
v -0.518200 0.274352 -0.000000
v -0.499270 0.289780 -0.000000
v -0.527425 0.229519 -0.000000
v -0.546754 0.265033 0.019026
v -0.557583 0.236008 0.025914
v -0.524664 0.260025 -0.000000
v -0.560241 0.184398 0.030764
v -0.527425 0.229519 -0.000000
v -0.523701 0.174448 -0.000000
v -0.412879 -0.104684 0.000553
v -0.480083 -0.048883 0.050474
v -0.419532 -0.105188 0.062442
v -0.480480 -0.037576 0.000553
v -0.527425 0.229519 -0.000000
v -0.560241 0.184398 -0.030763
v -0.557583 0.236008 -0.025913
v -0.523701 0.174448 -0.000000
v -0.527425 0.229519 -0.000000
v -0.546754 0.265033 -0.019026
v -0.524664 0.260025 -0.000000
v -0.480083 -0.048883 -0.058473
v -0.412879 -0.104684 0.000553
v -0.419532 -0.105188 -0.070440
v -0.480480 -0.037576 0.000553
v -0.584395 -0.032722 0.152531
v -0.553415 -0.055287 0.119065
v -0.552649 0.008343 0.115977
v 1.200773 -0.080210 0.099313
v 1.245763 -0.028190 0.119250
v 1.241308 -0.023576 0.092267
v 1.221728 -0.075940 0.149852
v 1.300034 -0.066013 0.165338
v 1.295319 -0.026723 0.128446
v 1.244464 -0.132066 0.000083
v 1.200773 -0.080210 0.099313
v 1.185567 -0.082153 0.000083
v 1.253823 -0.125015 0.093088
v 1.253823 -0.125015 0.093088
v 1.257053 -0.116014 0.120618
v 1.221728 -0.075940 0.149852
v 1.300034 -0.066013 0.165338
v 1.306153 -0.104955 0.130022
v -0.370364 -0.073796 0.088514
v -0.337219 -0.095481 0.121166
v -0.331583 -0.108633 0.106394
v -0.370825 -0.061210 0.096343
v -0.342216 -0.057685 0.123144
v 1.063492 0.175207 -0.000000
v 1.091058 0.169293 0.028195
v 1.075570 0.193065 -0.000000
v 1.095253 0.188844 0.020130
v -0.370367 -0.072569 -0.085725
v -0.331583 -0.108633 -0.103683
v -0.370428 -0.071973 -0.091623
v -0.337283 -0.093656 -0.124275
v -0.370825 -0.061210 -0.098795
v -0.342216 -0.057685 -0.125597
v 1.091058 0.169293 -0.028194
v 1.075570 0.193065 -0.000000
v 1.095253 0.188844 -0.020130
v 1.063492 0.175207 -0.000000
v -0.584395 -0.032722 -0.160531
v -0.552648 0.008343 -0.118945
v -0.553415 -0.055287 -0.127064
v 1.000094 -0.084767 -0.116724
v 1.031122 -0.028371 -0.109745
v 1.038245 -0.079785 -0.149141
v 1.000094 -0.084767 0.108725
v 1.038245 -0.079785 0.141142
v 1.031122 -0.028372 0.106410
v 0.591983 -0.361658 0.011170
v 0.578628 -0.439809 0.011170
v 0.584911 -0.434879 0.067806
v 0.598393 -0.356818 0.063032
v 0.854303 0.250816 0.030764
v 0.812221 0.249622 -0.000000
v 0.833054 0.236678 -0.000000
v 0.851458 0.236877 0.015460
v 0.833054 0.236678 -0.000000
v 0.854303 0.250816 -0.030763
v 0.851458 0.236877 -0.015460
v 0.812221 0.249622 -0.000000
v 0.598393 -0.356818 -0.073390
v 0.584911 -0.434879 -0.079682
v 0.591983 -0.361658 0.011170
v 0.578628 -0.439809 0.011170
v -0.518200 0.274352 -0.000000
v -0.529022 0.280468 -0.010442
v -0.499270 0.289780 -0.000000
v -0.524664 0.260025 -0.000000
v -0.529022 0.280468 -0.010442
v -0.546754 0.265033 -0.019026
v 0.629754 0.181654 -0.045083
v 0.676648 0.128426 -0.037147
v 0.624682 0.180999 -0.002413
v 0.677041 0.117118 -0.002413
v 0.624682 0.180999 -0.002413
v 0.677041 0.117118 -0.002413
v 0.676648 0.128426 0.038658
v 0.629754 0.181654 0.046593
v 0.953055 0.169223 -0.000000
v 0.980534 0.170182 0.027602
v 0.962651 0.193175 -0.000000
v 0.981055 0.193373 0.018405
v 0.980534 0.170182 -0.027602
v 0.962651 0.193175 -0.000000
v 0.981055 0.193373 -0.018405
v 0.953055 0.169223 -0.000000
v -0.373084 0.110780 -0.103423
v -0.411619 0.113770 -0.060527
v -0.409957 0.058245 -0.090760
v -0.529022 0.280468 0.010442
v -0.524664 0.260025 -0.000000
v -0.518200 0.274352 -0.000000
v -0.546754 0.265033 0.019026
v -0.373084 0.110780 0.101033
v -0.409957 0.058245 0.083422
v -0.411619 0.113770 0.058135
v 1.423180 -0.276590 -0.133043
v 1.487465 -0.237278 -0.120926
v 1.464854 -0.293677 -0.173320
v 0.629754 0.181654 0.046593
v 0.676103 0.142676 0.052576
v 0.635723 0.177500 0.084656
v 0.676648 0.128426 0.038658
v 0.676103 0.142676 0.052576
v 0.640706 0.150057 0.090542
v 0.676103 0.142676 -0.057096
v 0.629754 0.181654 -0.045083
v 0.635723 0.177500 -0.089175
v 0.676648 0.128426 -0.037147
v 0.640706 0.150057 -0.092933
v 0.675687 0.153832 -0.055133
v -0.435602 -0.040833 -0.134765
v -0.482796 0.016806 -0.120926
v -0.480267 -0.046335 -0.078717
v -0.427902 -0.096992 0.126748
v -0.419532 -0.105188 0.062442
v -0.479647 -0.063137 0.079148
v -0.480083 -0.048883 0.050474
v -0.479647 -0.063137 0.079148
v -0.435602 -0.040833 0.132373
v -0.480267 -0.046335 0.076326
v -0.435602 -0.040833 0.132373
v -0.482796 0.016806 0.124998
v -0.356813 0.147680 -0.002534
v -0.410562 0.085825 -0.040741
v -0.362532 0.147779 -0.049901
v -0.410129 0.073385 -0.002534
v -0.356813 0.147680 -0.002534
v -0.410562 0.085825 0.042642
v -0.410129 0.073385 -0.002534
v -0.362532 0.147779 0.051801
v -0.419532 -0.105188 -0.070440
v -0.427902 -0.096992 -0.126078
v -0.479647 -0.063137 -0.078479
v -0.480083 -0.048883 -0.058473
v -0.435602 -0.040833 -0.134765
v -0.479647 -0.063137 -0.078479
v -0.480267 -0.046335 -0.078717
v 1.423180 -0.276590 0.130651
v 1.464854 -0.293677 0.170927
v 1.487465 -0.237278 0.124998
v -0.369262 0.142189 0.094385
v -0.411163 0.101497 0.057953
v -0.362532 0.147779 0.051801
v -0.410562 0.085825 0.042642
v -0.411163 0.101497 0.057953
v -0.373084 0.110780 0.101033
v -0.411163 0.101497 -0.062687
v -0.369262 0.142189 -0.099118
v -0.362532 0.147779 -0.049901
v -0.410562 0.085825 -0.040741
v -0.411619 0.113770 -0.060527
v -0.373084 0.110780 -0.103423
v 0.941818 0.206119 -0.000000
v 0.981055 0.193373 0.018405
v 0.983900 0.207312 0.036624
v 0.962651 0.193175 -0.000000
v 0.941818 0.206119 -0.000000
v 0.981055 0.193373 -0.018405
v 0.962651 0.193175 -0.000000
v 0.983900 0.207312 -0.036624
v -0.897213 -0.042088 0.047186
v -0.921713 -0.012550 0.041974
v -0.920648 -0.042371 0.068626
v -0.897213 -0.042088 -0.047186
v -0.920649 -0.042371 -0.068626
v -0.921713 -0.012550 -0.041973
v 0.838086 -0.358808 -0.131850
v 0.817978 -0.410265 -0.077837
v 0.870955 -0.340696 -0.094047
v 0.810849 -0.410981 -0.076638
v 0.838086 -0.358808 -0.131850
v 0.794480 -0.370639 -0.128468
v 0.805417 -0.411221 -0.056153
v 0.744586 -0.420489 -0.099848
v 0.817978 -0.410265 0.077837
v 0.838086 -0.358808 0.131850
v 0.870955 -0.340697 0.094046
v 0.810849 -0.410981 0.076638
v 0.838086 -0.358808 0.131850
v 0.794480 -0.370639 0.128468
v 0.805417 -0.411221 0.056152
v 0.744586 -0.420489 0.099847
v 0.762561 -0.248663 0.072030
v 0.782581 -0.199419 0.110014
v 0.808225 -0.180627 0.090542
v 0.766550 -0.247715 -0.078262
v 0.808225 -0.180627 -0.090542
v 0.782581 -0.199419 -0.110014
v 1.365356 -0.203615 0.117571
v 1.384252 -0.237213 0.070414
v 1.372167 -0.244974 0.072862
v 1.322982 -0.225473 0.112885
v 1.384252 -0.237213 -0.078413
v 1.365356 -0.203615 -0.125570
v 1.372167 -0.244974 -0.080862
v 1.322982 -0.225473 -0.120884
v -0.553415 -0.055287 -0.127064
v -0.552648 0.008343 -0.118945
v -0.585664 -0.034363 -0.078413
v -0.594483 -0.045698 -0.080862
v -0.553415 -0.055287 -0.127064
v -0.579212 -0.096264 -0.122180
v -0.553415 -0.055287 0.119065
v -0.585664 -0.034363 0.070414
v -0.552649 0.008343 0.115977
v -0.553415 -0.055287 0.119065
v -0.594483 -0.045698 0.072862
v -0.579212 -0.096264 0.114182
v 1.244464 -0.132066 0.000083
v 1.200773 -0.080211 -0.107485
v 1.253823 -0.125015 -0.101260
v 1.185567 -0.082153 0.000083
v -0.976152 -0.054229 0.046144
v -0.996570 -0.026842 0.039794
v -0.995615 -0.054188 0.063940
v 1.361291 0.165314 -0.000000
v 1.404744 0.155180 0.020970
v 1.409086 0.165521 0.047604
v 1.383788 0.154449 -0.000000
v 1.361291 0.165314 -0.000000
v 1.404744 0.155180 -0.020970
v 1.383788 0.154449 -0.000000
v 1.409086 0.165521 -0.047604
v -0.976152 -0.054229 -0.046144
v -0.995615 -0.054188 -0.063939
v -0.996570 -0.026842 -0.039793
v 0.817753 -0.178240 -0.000001
v 0.766550 -0.247715 0.078262
v 0.808225 -0.180627 0.090542
v 0.772295 -0.246349 -0.000001
v 0.766550 -0.247715 -0.078262
v 0.817753 -0.178240 -0.000001
v 0.808225 -0.180627 -0.090542
v 0.772295 -0.246349 -0.000001
v 1.409086 0.165521 0.047604
v 1.382910 0.205331 -0.000000
v 1.361291 0.165314 -0.000000
v 1.418522 0.187047 0.040032
v -0.919269 -0.081043 0.058143
v -0.918251 -0.109540 0.028096
v -0.887047 -0.077966 0.024003
v -0.893951 -0.063019 0.040965
v -0.920648 -0.042371 0.068626
v -0.897213 -0.042088 0.047186
v -0.918251 -0.109540 -0.028096
v -0.919269 -0.081043 -0.058142
v -0.887047 -0.077966 -0.024003
v -0.893951 -0.063019 -0.040965
v -0.920649 -0.042371 -0.068626
v -0.897213 -0.042088 -0.047186
v 1.382910 0.205331 -0.000000
v 1.418522 0.187047 -0.040031
v 1.409086 0.165521 -0.047604
v 1.361291 0.165314 -0.000000
v 1.040457 -0.096074 -0.075269
v 0.996568 -0.140008 -0.057025
v 1.038898 -0.083992 -0.047845
v 1.001995 -0.132409 -0.112379
v 0.996568 -0.140008 0.049025
v 1.040457 -0.096073 0.067270
v 1.038898 -0.083992 0.039845
v 1.001995 -0.132409 0.104380
v 1.000094 -0.084767 0.108725
v 1.038531 -0.081841 0.064998
v 1.040457 -0.096073 0.067270
v 1.001995 -0.132409 0.104380
v 1.001995 -0.132409 -0.112379
v 1.040457 -0.096074 -0.075269
v 1.000094 -0.084767 -0.116724
v 1.038531 -0.081841 -0.072998
v 1.038531 -0.081841 0.064998
v 1.000094 -0.084767 0.108725
v 1.031122 -0.028372 0.106410
v -1.071166 -0.082770 0.064013
v -1.043641 -0.063160 0.044652
v -1.072646 -0.040379 0.064859
v -1.047211 -0.040123 0.044584
v -1.073786 -0.007728 0.042043
v -1.072646 -0.040379 0.064859
v -1.072646 -0.040379 -0.064859
v -1.043641 -0.063160 -0.044652
v -1.071166 -0.082770 -0.064012
v -1.047211 -0.040123 -0.044584
v -1.072646 -0.040379 -0.064859
v -1.073786 -0.007728 -0.042043
v 1.095253 0.188844 0.020130
v 1.061434 0.205527 -0.000000
v 1.075570 0.193065 -0.000000
v 1.104986 0.195069 0.041201
v 1.038531 -0.081841 -0.072998
v 1.031122 -0.028371 -0.109745
v 1.000094 -0.084767 -0.116724
v 1.061434 0.205527 -0.000000
v 1.095253 0.188844 -0.020130
v 1.075570 0.193065 -0.000000
v 1.104986 0.195069 -0.041200
v -0.994367 -0.089949 0.056141
v -0.993413 -0.117263 0.025646
v -0.966112 -0.089198 0.023086
v -0.973050 -0.074333 0.041198
v -0.994367 -0.089949 0.056141
v -0.973050 -0.074333 0.041198
v -0.995615 -0.054188 0.063940
v -0.976152 -0.054229 0.046144
v -0.993413 -0.117263 -0.025645
v -0.994367 -0.089949 -0.056140
v -0.966112 -0.089198 -0.023086
v -0.973050 -0.074333 -0.041198
v -0.995615 -0.054188 -0.063939
v -0.973050 -0.074333 -0.041198
v -0.994367 -0.089949 -0.056140
v -0.976152 -0.054229 -0.046144
v -1.043641 -0.063160 0.044652
v -1.071166 -0.082770 0.064013
v -1.036021 -0.079660 0.033624
v -1.070071 -0.114113 0.040223
v -1.071166 -0.082770 -0.064012
v -1.036021 -0.079660 -0.033624
v -1.070071 -0.114113 -0.040222
v -1.043641 -0.063160 -0.044652
v -0.918052 -0.115141 0.000000
v -0.886795 -0.083272 0.000000
v -0.887047 -0.077966 0.024003
v -0.918251 -0.109540 0.028096
v -0.918251 -0.109540 -0.028096
v -0.887047 -0.077966 -0.024003
v -0.918052 -0.115141 0.000000
v -0.886795 -0.083272 0.000000
v -1.186695 -0.050780 0.049565
v -1.209227 -0.022366 0.046022
v -1.208355 -0.051595 0.068258
v -1.186695 -0.050780 -0.049564
v -1.208355 -0.051595 -0.068257
v -1.209227 -0.022366 -0.046021
v 0.990979 -0.140341 -0.000335
v 1.038898 -0.083992 0.039845
v 1.037620 -0.074412 -0.000335
v 0.996568 -0.140008 0.049025
v 0.996568 -0.140008 -0.057025
v 0.990979 -0.140341 -0.000335
v 1.038898 -0.083992 -0.047845
v 1.037620 -0.074412 -0.000335
v -0.578235 -0.106223 -0.061673
v -0.579212 -0.096264 -0.122180
v -0.594483 -0.045698 -0.080862
v -0.586943 -0.036132 -0.051286
v -0.579212 -0.096264 0.114182
v -0.578235 -0.106223 0.053674
v -0.594483 -0.045698 0.072862
v -0.586943 -0.036132 0.043286
v -0.573604 -0.109546 -0.000048
v -0.586943 -0.036132 0.043286
v -0.580993 -0.028515 -0.000048
v -0.586943 -0.036132 -0.051286
v -0.573604 -0.109546 -0.000048
v -0.578235 -0.106223 -0.061673
v -0.580993 -0.028515 -0.000048
v 0.878542 -0.339177 -0.000001
v 0.817978 -0.410265 0.077837
v 0.870955 -0.340697 0.094046
v 0.821289 -0.409474 -0.000001
v 0.817978 -0.410265 -0.077837
v 0.878542 -0.339177 -0.000001
v 0.870955 -0.340696 -0.094047
v 0.821289 -0.409474 -0.000001
v 1.372727 0.133170 -0.000000
v 1.404744 0.155180 0.020970
v 1.383788 0.154449 -0.000000
v 1.405475 0.134313 0.032767
v 1.404744 0.155180 -0.020970
v 1.405475 0.134313 -0.032767
v 1.372727 0.133170 -0.000000
v 1.383788 0.154449 -0.000000
v 1.381648 -0.327792 0.000553
v 1.463075 -0.298332 0.050474
v 1.467338 -0.287852 0.000553
v 1.387523 -0.330697 0.061880
v 1.387523 -0.330697 -0.069880
v 1.381648 -0.327792 0.000553
v 1.463075 -0.298332 -0.058473
v 1.467338 -0.287852 0.000553
v -0.993235 -0.122365 0.000000
v -0.965888 -0.094093 0.000000
v -0.966112 -0.089198 0.023086
v -0.993413 -0.117263 0.025646
v -0.993413 -0.117263 -0.025645
v -0.966112 -0.089198 -0.023086
v -0.993235 -0.122365 0.000000
v -0.965888 -0.094093 0.000000
v -1.122966 -0.060795 0.044970
v -1.143300 -0.035370 0.043398
v -1.142731 -0.060749 0.064544
v -0.920369 -0.050192 0.000000
v -0.887047 -0.077966 -0.024003
v -0.920476 -0.047190 -0.016906
v -0.886795 -0.083272 0.000000
v -1.122966 -0.060795 -0.044970
v -1.142731 -0.060749 -0.064543
v -1.143300 -0.035370 -0.043398
v -0.920369 -0.050192 0.000000
v -0.887047 -0.077966 0.024003
v -0.886795 -0.083272 0.000000
v -0.920476 -0.047190 0.016906
v -0.893951 -0.063019 -0.040965
v -0.920537 -0.045502 -0.019910
v -0.920476 -0.047190 -0.016906
v -0.887047 -0.077966 -0.024003
v -0.920613 -0.043366 -0.021458
v -0.897213 -0.042088 -0.047186
v -0.921713 -0.012550 -0.041973
v -1.072606 -0.041522 -0.020346
v -1.047211 -0.040123 -0.044584
v -1.073786 -0.007728 -0.042043
v -0.887047 -0.077966 0.024003
v -0.920476 -0.047190 0.016906
v -0.893951 -0.063019 0.040965
v -0.920537 -0.045502 0.019910
v -0.920613 -0.043366 0.021458
v -0.897213 -0.042088 0.047186
v -0.921713 -0.012550 0.041974
v -1.072606 -0.041522 0.020346
v -1.073786 -0.007728 0.042043
v -1.047211 -0.040123 0.044584
v -1.141991 -0.093697 0.054854
v -1.141443 -0.118059 0.027102
v -1.114656 -0.091620 0.023440
v -1.120416 -0.078728 0.039174
v -1.141443 -0.118059 -0.027101
v -1.141991 -0.093697 -0.054853
v -1.114656 -0.091620 -0.023440
v -1.120416 -0.078728 -0.039174
v -1.207222 -0.089614 0.057655
v -1.206373 -0.118158 0.027522
v -1.176186 -0.088399 0.024754
v -1.183449 -0.072520 0.042730
v -1.207222 -0.089614 0.057655
v -1.183449 -0.072520 0.042730
v -1.208355 -0.051595 0.068258
v -1.186695 -0.050780 0.049565
v -1.206373 -0.118158 -0.027521
v -1.207222 -0.089614 -0.057654
v -1.176186 -0.088399 -0.024754
v -1.183449 -0.072520 -0.042730
v -0.995336 -0.062204 -0.018518
v -0.966112 -0.089198 -0.023086
v -0.973050 -0.074333 -0.041198
v -0.995431 -0.059482 -0.023720
v -1.208355 -0.051595 -0.068257
v -1.183449 -0.072520 -0.042730
v -1.207222 -0.089614 -0.057654
v -1.186695 -0.050780 -0.049564
v -0.966112 -0.089198 0.023086
v -0.995336 -0.062204 0.018518
v -0.973050 -0.074333 0.041198
v -0.995431 -0.059482 0.023721
v -0.973050 -0.074333 -0.041198
v -0.976152 -0.054229 -0.046144
v -0.995431 -0.059482 -0.023720
v -0.995570 -0.055476 -0.025670
v -0.976152 -0.054229 -0.046144
v -0.996570 -0.026842 -0.039793
v -0.976152 -0.054229 0.046144
v -0.995431 -0.059482 0.023721
v -0.995570 -0.055476 0.025670
v -0.973050 -0.074333 0.041198
v -0.996570 -0.026842 0.039794
v -0.976152 -0.054229 0.046144
v -1.069857 -0.120246 0.000000
v -1.035751 -0.085482 0.000000
v -1.036021 -0.079660 0.033624
v -1.070071 -0.114113 0.040223
v -1.070071 -0.114113 -0.040222
v -1.036021 -0.079660 -0.033624
v -1.069857 -0.120246 0.000000
v -1.035751 -0.085482 0.000000
v 1.463950 -0.295932 0.076326
v 1.423180 -0.276590 0.130651
v 1.487465 -0.237278 0.124998
v -0.995216 -0.065625 0.000000
v -0.966112 -0.089198 0.023086
v -0.965888 -0.094093 0.000000
v -0.995336 -0.062204 0.018518
v -0.995216 -0.065625 0.000000
v -0.966112 -0.089198 -0.023086
v -0.995336 -0.062204 -0.018518
v -0.965888 -0.094093 0.000000
v -1.141991 -0.093697 0.054854
v -1.120416 -0.078728 0.039174
v -1.142731 -0.060749 0.064544
v -1.122966 -0.060795 0.044970
v -1.142731 -0.060749 -0.064543
v -1.120416 -0.078728 -0.039174
v -1.141991 -0.093697 -0.054853
v -1.122966 -0.060795 -0.044970
v -1.072517 -0.044085 -0.021010
v -1.043641 -0.063160 -0.044652
v -1.047211 -0.040123 -0.044584
v -1.072606 -0.041522 -0.020346
v -1.047211 -0.040123 0.044584
v -1.072517 -0.044085 0.021010
v -1.072606 -0.041522 0.020346
v -1.043641 -0.063160 0.044652
v 1.185567 -0.082153 0.000083
v 1.241308 -0.023576 0.092267
v 1.230714 -0.019091 0.000083
v 1.200773 -0.080210 0.099313
v -1.141337 -0.122825 0.000000
v -1.114502 -0.096147 0.000000
v -1.114656 -0.091620 0.023440
v -1.141443 -0.118059 0.027102
v 1.200773 -0.080211 -0.107485
v 1.185567 -0.082153 0.000083
v 1.241308 -0.023576 -0.100441
v 1.230714 -0.019091 0.000083
v -1.141443 -0.118059 -0.027101
v -1.114656 -0.091620 -0.023440
v -1.141337 -0.122825 0.000000
v -1.114502 -0.096147 0.000000
v -1.072330 -0.049431 0.000000
v -1.036021 -0.079660 -0.033624
v -1.072448 -0.046069 -0.022179
v -1.035751 -0.085482 0.000000
v -1.072330 -0.049431 0.000000
v -1.036021 -0.079660 0.033624
v -1.035751 -0.085482 0.000000
v -1.072448 -0.046069 0.022179
v -1.043641 -0.063160 -0.044652
v -1.072517 -0.044085 -0.021010
v -1.072448 -0.046069 -0.022179
v -1.036021 -0.079660 -0.033624
v -1.036021 -0.079660 0.033624
v -1.072448 -0.046069 0.022179
v -1.043641 -0.063160 0.044652
v -1.072517 -0.044085 0.021010
v -1.142711 -0.061637 -0.021570
v -1.122966 -0.060795 -0.044970
v -1.143300 -0.035370 -0.043398
v -1.142711 -0.061637 0.021570
v -1.143300 -0.035370 0.043398
v -1.122966 -0.060795 0.044970
v -1.206210 -0.123618 0.000000
v -1.175960 -0.093790 0.000000
v -1.176186 -0.088399 0.024754
v -1.206373 -0.118158 0.027522
v -1.206373 -0.118158 -0.027521
v -1.176186 -0.088399 -0.024754
v -1.206210 -0.123618 0.000000
v -1.175960 -0.093790 0.000000
v 1.387523 -0.330697 -0.069880
v 1.457645 -0.311519 -0.078479
v 1.397451 -0.326123 -0.124584
v 1.463075 -0.298332 -0.058473
v 1.457645 -0.311519 -0.078479
v 1.423180 -0.276590 -0.133043
v 1.463950 -0.295932 -0.078717
v 1.487465 -0.237278 -0.120926
v 1.387523 -0.330697 0.061880
v 1.457645 -0.311519 0.079148
v 1.463075 -0.298332 0.050474
v 1.397451 -0.326123 0.125254
v 1.457645 -0.311519 0.079148
v 1.423180 -0.276590 0.130651
v 1.463950 -0.295932 0.076326
v 1.397451 -0.326123 -0.124584
v 1.421361 -0.402384 -0.074696
v 1.387523 -0.330697 -0.069880
v 1.431601 -0.376482 -0.157996
v 1.464854 -0.293677 -0.173320
v 1.423180 -0.276590 -0.133043
v -1.208321 -0.052764 -0.024350
v -1.186695 -0.050780 -0.049564
v -1.209227 -0.022366 -0.046021
v -1.208321 -0.052764 0.024350
v -1.209227 -0.022366 0.046022
v -1.186695 -0.050780 0.049565
v 1.421361 -0.402384 0.066697
v 1.397451 -0.326123 0.125254
v 1.387523 -0.330697 0.061880
v 1.431601 -0.376481 0.158664
v 1.464854 -0.293677 0.170927
v 1.423180 -0.276590 0.130651
v -1.142573 -0.067783 0.000000
v -1.114656 -0.091620 0.023440
v -1.114502 -0.096147 0.000000
v -1.142632 -0.065171 0.017090
v -1.142573 -0.067783 0.000000
v -1.114656 -0.091620 -0.023440
v -1.142632 -0.065171 -0.017090
v -1.114502 -0.096147 0.000000
v 1.322982 -0.225473 -0.120884
v 1.302044 -0.290452 -0.065366
v 1.313802 -0.223766 -0.061186
v 1.321962 -0.277437 -0.149886
v 1.322982 -0.225473 -0.120884
v 1.385995 -0.236086 -0.160531
v 1.365356 -0.203615 -0.125570
v 1.302044 -0.290452 0.057367
v 1.322982 -0.225473 0.112885
v 1.313802 -0.223766 0.053186
v 1.321962 -0.277437 0.141886
v 1.385995 -0.236086 0.152531
v 1.322982 -0.225473 0.112885
v 1.365356 -0.203615 0.117571
v 1.421361 -0.402384 -0.074696
v 1.419320 -0.407626 0.000553
v 1.387523 -0.330697 -0.069880
v 1.381648 -0.327792 0.000553
v 1.419320 -0.407626 0.000553
v 1.387523 -0.330697 0.061880
v 1.381648 -0.327792 0.000553
v 1.421361 -0.402384 0.066697
v -1.120416 -0.078728 -0.039174
v -1.142665 -0.063629 -0.020026
v -1.142632 -0.065171 -0.017090
v -1.114656 -0.091620 -0.023440
v -1.142711 -0.061637 -0.021570
v -1.122966 -0.060795 -0.044970
v -1.114656 -0.091620 0.023440
v -1.142632 -0.065171 0.017090
v -1.120416 -0.078728 0.039174
v -1.142665 -0.063629 0.020026
v -1.142711 -0.061637 0.021570
v -1.122966 -0.060795 0.044970
v -1.208059 -0.061545 0.000000
v -1.176186 -0.088399 -0.024754
v -1.208157 -0.058243 -0.018202
v -1.175960 -0.093790 0.000000
v -1.208059 -0.061545 0.000000
v -1.176186 -0.088399 0.024754
v -1.175960 -0.093790 0.000000
v -1.208157 -0.058243 0.018203
v -1.208157 -0.058243 -0.018202
v -1.176186 -0.088399 -0.024754
v -1.183449 -0.072520 -0.042730
v -1.208226 -0.055948 -0.022133
v -1.208321 -0.052764 -0.024350
v -1.186695 -0.050780 -0.049564
v -1.176186 -0.088399 0.024754
v -1.208157 -0.058243 0.018203
v -1.183449 -0.072520 0.042730
v -1.208226 -0.055948 0.022133
v -1.208321 -0.052764 0.024350
v -1.186695 -0.050780 0.049565
v 1.302044 -0.290452 -0.065366
v 1.298036 -0.293102 -0.000048
v 1.313802 -0.223766 -0.061186
v 1.311137 -0.218841 -0.000048
v 1.298036 -0.293102 -0.000048
v 1.313802 -0.223766 0.053186
v 1.311137 -0.218841 -0.000048
v 1.302044 -0.290452 0.057367
vn 0.9960 -0.0894 -0.0000
vn 0.9996 -0.0291 0.0007
vn 0.9996 -0.0292 0.0008
vn 0.9960 -0.0897 0.0004
vn 0.9951 0.0987 -0.0000
vn 0.9951 0.0988 0.0007
vn 0.9873 0.1590 0.0004
vn 0.9873 0.1586 -0.0000
vn -0.9994 -0.0344 0.0005
vn -0.6107 -0.5707 -0.5490
vn 0.0005 0.0005 -1.0000
vn 0.0247 -0.7067 -0.7071
vn -0.6304 -0.0214 -0.7760
vn -0.0247 0.7067 -0.7071
vn -0.6032 -0.7976 0.0006
vn 0.0354 -0.9994 0.0005
vn -0.6490 0.5266 -0.5490
vn -0.6107 -0.5706 0.5490
vn 0.0247 -0.7067 0.7071
vn -0.0344 0.9994 0.0005
vn -0.6304 -0.0214 0.7760
vn 0.0005 0.0005 1.0000
vn -0.6490 0.5267 0.5490
vn -0.0247 0.7067 0.7071
vn -0.6574 0.7535 0.0006
vn 0.9994 0.0354 0.0005
vn 0.9994 0.0349 -0.0000
vn -0.9994 -0.0349 -0.0000
vn 0.0031 -0.0895 -0.9960
vn 0.0016 -0.0465 -0.9989
vn 0.0016 -0.0448 -0.9990
vn -0.0016 0.0465 -0.9989
vn -0.0016 0.0448 -0.9990
vn -0.0031 0.0895 -0.9960
vn -0.0025 0.0894 -0.9960
vn 0.0016 -0.0465 0.9989
vn 0.0031 -0.0895 0.9960
vn 0.0016 -0.0448 0.9990
vn -0.0016 0.0448 0.9990
vn -0.0016 0.0465 0.9989
vn -0.0031 0.0895 0.9960
vn -0.0025 0.0892 0.9960
vn 0.5711 -0.8209 -0.0000
vn 0.5708 -0.8211 0.0003
vn -0.5121 -0.8589 0.0003
vn 0.9248 -0.3805 0.0004
vn 0.9247 -0.3807 0.0006
vn -0.5124 -0.8587 -0.0000
vn -0.8960 -0.4441 0.0004
vn -0.8961 -0.4438 -0.0000
vn -0.0331 0.9609 0.2749
vn -0.0331 0.9609 -0.2749
vn -0.0330 0.9609 -0.2749
vn -0.0332 0.9609 0.2749
vn -0.0169 0.4852 -0.8742
vn -0.0164 0.4850 0.8743
vn -0.0164 0.4850 -0.8743
vn 0.0005 0.0006 -1.0000
vn -0.0169 0.4852 0.8742
vn 0.0005 0.0006 1.0000
vn 0.0186 -0.5191 -0.8545
vn 0.0181 -0.5190 -0.8546
vn 0.0343 -0.9710 -0.2368
vn 0.0343 -0.9709 -0.2369
vn 0.0342 -0.9709 0.2370
vn 0.0343 -0.9709 0.2369
vn 0.0186 -0.5190 0.8546
vn -0.0287 0.8209 -0.5704
vn -0.0209 0.5976 -0.8015
vn -0.0287 0.8209 0.5704
vn -0.0209 0.5976 0.8015
vn 0.0163 -0.4577 0.8889
vn 0.0160 -0.4579 0.8889
vn 0.0165 -0.4576 0.8890
vn 0.0163 -0.4577 -0.8889
vn 0.0160 -0.4579 -0.8889
vn 0.0164 -0.4577 -0.8890
vn 0.0352 -0.9918 -0.1227
vn 0.0346 -0.9918 -0.1231
vn 0.0352 -0.9918 0.1227
vn 0.0346 -0.9918 0.1231
vn 0.0059 -0.1687 -0.9857
vn -0.0059 0.1687 -0.9857
vn 0.0059 -0.1687 0.9857
vn -0.0059 0.1687 0.9857
vn 0.4476 0.8942 -0.0000
vn 0.8210 0.5709 -0.0000
vn 0.4477 0.8942 -0.0000
vn -0.5089 0.8608 -0.0000
vn -0.8588 0.5122 -0.0000
vn -0.0343 0.9918 0.1228
vn -0.0342 0.9919 0.1227
vn -0.0346 0.9918 -0.1231
vn 0.0127 -0.3480 -0.9374
vn 0.0127 -0.3481 -0.9374
vn -0.0116 0.3480 -0.9374
vn -0.0117 0.3481 -0.9374
vn 0.0127 -0.3480 0.9374
vn -0.0114 0.3479 0.9374
vn -0.0116 0.3482 0.9374
vn -0.4477 -0.8942 -0.0000
vn 0.5089 -0.8608 -0.0000
vn 0.8589 -0.5121 0.0003
vn 0.8590 -0.5120 0.0005
vn -0.4476 -0.8942 -0.0000
vn -0.8212 -0.5707 0.0005
vn -0.8211 -0.5708 0.0005
vn 0.0212 -0.5977 0.8014
vn 0.0209 -0.5976 0.8015
vn 0.0209 -0.5976 -0.8015
vn 0.6820 0.7313 -0.0000
vn 0.6820 0.7314 -0.0000
vn 0.7313 -0.6820 -0.0000
vn 0.7314 -0.6820 -0.0000
vn -0.7314 0.6820 -0.0000
vn -0.6820 -0.7313 -0.0000
vn -0.7313 0.6820 -0.0000
vn -0.6820 -0.7314 -0.0000
vn 0.5124 0.8587 -0.0000
vn 0.8961 0.4439 -0.0000
vn 0.8959 0.4442 0.0004
vn -0.5708 0.8211 0.0004
vn -0.5711 0.8209 -0.0000
vn -0.9247 0.3806 0.0003
vn -0.9249 0.3802 -0.0000
vn 0.9796 -0.1770 -0.0947
vn 0.9746 -0.2237 0.0076
vn 0.9823 -0.1621 -0.0937
vn 0.9746 -0.2237 0.0066
vn 0.9787 -0.1767 0.1040
vn 0.9815 -0.1622 0.1021
vn 0.9746 -0.2237 0.0067
vn 0.8499 -0.4066 -0.3352
vn 0.9815 -0.1621 0.1021
vn 0.8701 -0.3872 -0.3049
vn 0.9787 -0.1768 0.1044
vn 0.8702 -0.3870 -0.3048
vn 0.6377 -0.4528 -0.6232
vn 0.8499 -0.4066 -0.3353
vn 0.6154 -0.4743 -0.6295
vn 0.9823 -0.1620 -0.0936
vn 0.8497 -0.4065 0.3357
vn 0.8703 -0.3872 0.3045
vn 0.9796 -0.1769 -0.0949
vn 0.6194 -0.4722 0.6272
vn 0.8703 -0.3870 0.3045
vn 0.8497 -0.4065 0.3358
vn 0.6057 -0.4852 0.6307
vn 0.6195 -0.4721 0.6272
vn 0.7685 -0.3060 0.5619
vn 0.6059 -0.4849 0.6306
vn 0.9004 0.4215 -0.1082
vn 0.9247 0.3806 0.0076
vn 0.8915 0.4389 -0.1122
vn 0.9247 0.3806 0.0066
vn 0.9006 0.4206 0.1098
vn 0.8934 0.4360 0.1089
vn 0.9247 0.3806 0.0071
vn -0.7536 0.4795 0.4497
vn -0.7387 0.6341 0.2286
vn -0.7547 0.4644 0.4635
vn -0.7398 0.6408 0.2052
vn -0.7270 0.3200 0.6075
vn -0.7216 0.3338 0.6065
vn -0.7538 0.4797 -0.4492
vn -0.7386 0.6340 -0.2290
vn -0.7399 0.6409 -0.2046
vn -0.7546 0.4642 -0.4638
vn -0.7268 0.3199 -0.6078
vn -0.7219 0.3339 -0.6062
vn 0.4794 -0.4310 -0.7645
vn 0.7040 -0.2285 -0.6725
vn 0.4651 -0.4412 -0.7675
vn -0.7485 0.6631 -0.0002
vn -0.7485 0.6631 -0.0006
vn -0.7386 0.6341 -0.2289
vn -0.7486 0.6631 -0.0002
vn 0.8283 -0.5419 -0.1424
vn 0.8448 -0.4827 -0.2310
vn 0.8402 -0.2996 -0.4521
vn 0.8402 -0.2997 -0.4520
vn 0.9300 0.1673 -0.3271
vn 0.9343 0.1909 -0.3012
vn 0.9005 0.4206 0.1104
vn 0.8403 -0.2998 0.4517
vn 0.8404 -0.2997 0.4517
vn 0.8448 -0.4837 0.2287
vn 0.8288 -0.5415 0.1409
vn 0.9313 0.1968 0.3066
vn 0.9364 0.2328 0.2627
vn 0.9003 0.4215 -0.1083
vn 0.6378 -0.4526 -0.6232
vn 0.6156 -0.4741 -0.6295
vn 0.7918 -0.2672 -0.5492
vn 0.4634 -0.4453 0.7662
vn 0.4414 -0.4605 0.7701
vn 0.6688 -0.2734 0.6913
vn 0.7764 -0.0455 0.6286
vn 0.8007 0.1035 0.5900
vn 0.7750 -0.0524 0.6298
vn -0.6564 -0.7545 -0.0002
vn -0.6371 -0.6601 0.3980
vn -0.6564 -0.7545 0.0001
vn -0.6444 -0.6860 0.3379
vn -0.6373 -0.6604 -0.3973
vn -0.6564 -0.7544 -0.0002
vn -0.6564 -0.7544 -0.0004
vn -0.6445 -0.6862 -0.3372
vn 0.9363 0.2329 0.2627
vn 0.9313 0.1967 0.3066
vn 0.7749 -0.0527 0.6298
vn 0.6379 -0.0580 0.7680
vn 0.6342 -0.0700 0.7700
vn 0.7026 0.2588 0.6629
vn -0.7496 0.4926 0.4420
vn -0.7297 0.6502 0.2114
vn -0.7505 0.4831 0.4509
vn -0.7308 0.6551 0.1917
vn -0.7216 0.3463 0.5994
vn -0.7148 0.3661 0.5958
vn -0.7494 0.4926 -0.4423
vn -0.7299 0.6503 -0.2106
vn -0.7309 0.6551 -0.1912
vn -0.7504 0.4830 -0.4512
vn -0.7219 0.3464 -0.5990
vn -0.7151 0.3663 -0.5954
vn 0.7701 -0.0477 -0.6362
vn 0.7681 -0.0564 -0.6378
vn 0.8011 0.1580 -0.5774
vn -0.6759 -0.7370 -0.0002
vn -0.6697 -0.6506 0.3581
vn -0.6726 -0.6700 0.3142
vn -0.6698 -0.6508 -0.3576
vn -0.6759 -0.7370 -0.0004
vn -0.6725 -0.6699 -0.3145
vn 0.6423 -0.0559 -0.7644
vn 0.7015 0.3134 -0.6401
vn 0.6407 -0.0610 -0.7654
vn 0.7700 -0.0478 -0.6362
vn 0.9343 0.1909 -0.3011
vn 0.7680 -0.0569 -0.6379
vn 0.9299 0.1674 -0.3274
vn -0.7375 0.6754 -0.0002
vn -0.7309 0.6552 -0.1911
vn -0.7299 0.6504 -0.2106
vn -0.7297 0.6503 0.2111
vn -0.7309 0.6551 0.1916
vn -0.7375 0.6753 -0.0002
vn -0.6947 0.4037 0.5953
vn -0.7218 0.3339 -0.6062
vn -0.6947 0.4037 -0.5953
vn -0.7268 0.3200 -0.6078
vn 0.7179 -0.0904 0.6903
vn 0.7271 -0.0580 0.6841
vn 0.7271 -0.0579 0.6841
vn 0.7179 -0.0905 0.6903
vn 0.7182 -0.0904 -0.6900
vn 0.7274 -0.0580 -0.6838
vn 0.7182 -0.0905 -0.6899
vn 0.7274 -0.0579 -0.6838
vn -0.6642 -0.3871 0.6395
vn -0.6916 0.1175 0.7127
vn -0.6927 0.0615 0.7186
vn -0.6625 -0.3997 0.6335
vn -0.6697 -0.6505 0.3582
vn -0.6726 -0.6699 0.3143
vn -0.6914 0.1170 -0.7129
vn -0.6640 -0.3870 -0.6398
vn -0.6925 0.0618 -0.7188
vn -0.6628 -0.3999 -0.6331
vn -0.6698 -0.6507 -0.3577
vn -0.6725 -0.6698 -0.3148
vn 0.4844 -0.6864 0.5424
vn 0.6377 -0.0582 0.7681
vn 0.4808 -0.6959 0.5334
vn 0.4807 -0.6960 0.5334
vn 0.3457 -0.9290 0.1323
vn 0.3457 -0.9291 0.1313
vn 0.4761 -0.6926 -0.5419
vn 0.6423 -0.0562 -0.7644
vn 0.6406 -0.0615 -0.7654
vn 0.4742 -0.6985 -0.5360
vn 0.4759 -0.6927 -0.5419
vn 0.3486 -0.9270 -0.1385
vn 0.4741 -0.6986 -0.5359
vn 0.3487 -0.9270 -0.1385
vn -0.7476 0.6641 -0.0002
vn -0.7517 0.6097 -0.2514
vn -0.7496 0.5736 -0.3303
vn -0.7497 0.5737 0.3300
vn -0.7518 0.6097 0.2511
vn 0.8283 -0.5418 -0.1424
vn 0.7765 -0.6301 -0.0011
vn 0.7765 -0.6301 -0.0012
vn 0.8288 -0.5415 0.1408
vn 0.8448 -0.4838 0.2287
vn 0.7764 -0.6302 -0.0012
vn -0.6114 -0.3872 0.6901
vn -0.6239 0.1100 0.7737
vn -0.6246 0.0688 0.7779
vn -0.6101 -0.4162 0.6742
vn -0.6371 -0.6600 0.3981
vn -0.6241 0.1101 -0.7735
vn -0.6117 -0.3873 -0.6898
vn -0.6249 0.0692 -0.7776
vn -0.6104 -0.4164 -0.6738
vn -0.6372 -0.6601 -0.3977
vn -0.6445 -0.6861 -0.3375
vn -0.6678 -0.7444 -0.0001
vn -0.6631 -0.6052 0.4405
vn -0.6677 -0.7444 -0.0002
vn -0.6701 -0.6430 0.3709
vn -0.6632 -0.6053 -0.4402
vn -0.6678 -0.7444 -0.0002
vn -0.6677 -0.7444 -0.0003
vn -0.6703 -0.6431 -0.3704
vn -0.7106 0.1552 0.6863
vn -0.7351 0.3450 0.5837
vn -0.7498 0.5734 0.3301
vn 0.6433 0.3937 0.6566
vn 0.6432 0.3938 0.6567
vn -0.7354 0.3450 -0.5833
vn -0.7109 0.1551 -0.6859
vn -0.7497 0.5734 -0.3305
vn -0.7518 0.6095 -0.2516
vn 0.6433 0.3937 -0.6566
vn 0.6432 0.3938 -0.6567
vn -0.7148 0.3662 0.5958
vn -0.7216 0.3464 0.5994
vn -0.6787 0.4603 0.5723
vn -0.7150 0.3664 -0.5954
vn -0.6787 0.4603 -0.5723
vn -0.7219 0.3465 -0.5990
vn 0.8324 -0.5542 -0.0002
vn 0.7421 -0.5800 0.3359
vn 0.7648 -0.5797 0.2811
vn 0.7650 -0.5797 -0.2805
vn 0.7420 -0.5800 -0.3362
vn -0.6248 0.4915 0.6067
vn -0.6927 0.0620 0.7186
vn -0.6914 0.1176 -0.7128
vn -0.6925 0.0620 -0.7187
vn -0.6248 0.4915 -0.6067
vn 0.7372 0.5513 -0.3907
vn 0.6915 0.6939 -0.2008
vn 0.6515 0.7522 -0.0986
vn 0.7372 0.5513 -0.3906
vn -0.6713 -0.7412 -0.0001
vn -0.6570 -0.6542 0.3748
vn -0.6713 -0.7412 -0.0002
vn -0.6619 -0.6777 0.3202
vn -0.6569 -0.6541 -0.3751
vn -0.6713 -0.7412 -0.0003
vn -0.6713 -0.7412 -0.0005
vn -0.6619 -0.6776 -0.3205
vn 0.6907 0.6951 0.1995
vn 0.7373 0.5514 0.3904
vn 0.6515 0.7522 0.0982
vn 0.7373 0.5515 0.3902
vn 0.6613 -0.2563 0.7050
vn 0.6800 -0.2087 0.7029
vn 0.5537 -0.4438 0.7046
vn 0.4969 -0.5114 0.7011
vn -0.7421 0.6703 -0.0002
vn -0.7316 0.6511 -0.2018
vn -0.7295 0.6452 -0.2271
vn -0.7295 0.6454 0.2267
vn -0.7316 0.6511 0.2023
vn -0.7421 0.6703 -0.0001
vn -0.7421 0.6703 -0.0000
vn -0.6722 0.1794 0.7183
vn -0.7105 0.1548 0.6864
vn -0.6701 0.2010 0.7145
vn -0.7351 0.3447 0.5838
vn -0.6725 0.1796 -0.7180
vn -0.7108 0.1549 -0.6861
vn -0.7354 0.3448 -0.5834
vn -0.6703 0.2011 -0.7143
vn -0.9788 -0.1682 -0.1170
vn -0.9868 -0.1617 0.0037
vn -0.9789 -0.1683 -0.1161
vn -0.9785 -0.1681 0.1195
vn -0.9783 -0.1683 0.1206
vn -0.7423 0.4812 0.4663
vn -0.7295 0.6453 0.2268
vn -0.7422 0.4482 0.4983
vn -0.7422 0.4812 -0.4665
vn -0.7317 0.6511 -0.2018
vn -0.7424 0.4484 -0.4979
vn -0.7421 0.4480 0.4986
vn -0.7044 0.2613 0.6600
vn -0.7047 0.2596 0.6604
vn -0.7423 0.4481 -0.4981
vn -0.7042 0.2612 -0.6602
vn -0.7045 0.2595 -0.6606
vn -0.7421 0.4811 -0.4667
vn -0.6631 -0.6051 0.4407
vn -0.6078 -0.2655 0.7484
vn -0.6077 -0.2041 0.7675
vn -0.6701 -0.6428 0.3710
vn -0.6076 -0.2653 -0.7486
vn -0.6631 -0.6052 -0.4404
vn -0.6075 -0.2040 -0.7677
vn -0.6701 -0.6431 -0.3706
vn -0.6239 0.1102 0.7737
vn -0.5556 0.4929 0.6697
vn -0.6246 0.0693 0.7779
vn -0.6242 0.1102 -0.7735
vn -0.6249 0.0693 -0.7776
vn -0.5554 0.4922 -0.6703
vn 0.3537 -0.9354 0.0037
vn -0.6463 -0.3690 0.6679
vn -0.6619 0.1496 0.7345
vn -0.6623 0.1184 0.7398
vn -0.6446 -0.3952 0.6544
vn -0.7446 0.4822 0.4616
vn -0.7355 0.6367 0.2317
vn -0.7455 0.4606 0.4818
vn -0.7371 0.6430 0.2082
vn -0.7099 0.3097 0.6326
vn -0.7076 0.3178 0.6311
vn -0.6616 0.1498 -0.7347
vn -0.6462 -0.3688 -0.6681
vn -0.6627 0.1185 -0.7395
vn -0.6444 -0.3951 -0.6546
vn -0.7444 0.4821 -0.4620
vn -0.7354 0.6366 -0.2323
vn -0.7370 0.6429 -0.2086
vn -0.7453 0.4606 -0.4821
vn -0.7101 0.3099 -0.6322
vn -0.7074 0.3177 -0.6313
vn -0.7467 0.6652 -0.0002
vn -0.7467 0.6651 -0.0006
vn -0.7370 0.6429 -0.2085
vn -0.7354 0.6367 -0.2321
vn -0.7371 0.6430 0.2081
vn -0.7467 0.6652 -0.0001
vn -0.7467 0.6651 -0.0002
vn -0.6446 -0.3957 0.6542
vn -0.6569 -0.6540 0.3751
vn -0.6620 -0.6776 0.3204
vn -0.6464 -0.3691 0.6678
vn -0.6076 -0.2040 0.7676
vn -0.6002 0.2045 0.7732
vn -0.6002 0.1829 0.7787
vn -0.6078 -0.2652 0.7485
vn -0.6444 -0.3954 -0.6546
vn -0.6569 -0.6540 -0.3752
vn -0.6462 -0.3690 -0.6680
vn -0.6618 -0.6775 -0.3209
vn -0.6001 0.2040 -0.7735
vn -0.6075 -0.2036 -0.7678
vn -0.6000 0.1829 -0.7788
vn -0.6077 -0.2650 -0.7486
vn 0.7604 -0.6366 -0.1287
vn 0.7708 -0.6370 0.0047
vn 0.7708 -0.6370 0.0037
vn 0.7603 -0.6357 0.1332
vn 0.6612 -0.2562 -0.7051
vn 0.7182 -0.0905 -0.6900
vn 0.6799 -0.2087 -0.7030
vn 0.5539 -0.4440 -0.7043
vn 0.4968 -0.5112 -0.7013
vn 0.4966 -0.5114 -0.7013
vn 0.5537 -0.4442 -0.7043
vn 0.3843 -0.6227 -0.6816
vn -0.7047 0.2595 0.6604
vn -0.6924 0.2996 0.6564
vn -0.6922 0.2998 -0.6565
vn 0.5591 0.2693 -0.7841
vn 0.7505 -0.3564 -0.5565
vn 0.7543 -0.3749 -0.5389
vn 0.5615 0.2586 -0.7860
vn 0.7603 -0.6366 -0.1288
vn -0.6662 -0.7458 -0.0002
vn -0.6528 -0.6518 0.3861
vn -0.6581 -0.6745 0.3347
vn -0.6530 -0.6518 -0.3857
vn -0.6662 -0.7458 -0.0003
vn -0.6662 -0.7458 -0.0006
vn -0.6582 -0.6747 -0.3341
vn 0.5645 0.2508 0.7864
vn 0.7503 -0.3564 0.5568
vn 0.5683 0.2315 0.7896
vn 0.7545 -0.3749 0.5386
vn 0.7603 -0.6357 0.1333
vn 0.7604 -0.6357 0.1333
vn -0.6722 0.1797 0.7183
vn -0.6701 0.2012 0.7145
vn -0.6349 0.4016 0.6600
vn 0.2575 -0.6023 -0.7556
vn 0.5648 -0.5039 -0.6535
vn 0.2458 -0.6047 -0.7576
vn -0.6724 0.1800 -0.7180
vn -0.6349 0.4016 -0.6600
vn -0.6703 0.2015 -0.7142
vn -0.8506 0.0751 -0.5204
vn -0.9788 -0.1683 -0.1171
vn -0.8507 0.0758 -0.5201
vn -0.3878 0.5384 -0.7482
vn -0.3962 0.5294 -0.7502
vn -0.9783 -0.1684 0.1206
vn -0.8508 0.0750 0.5201
vn -0.8505 0.0759 0.5205
vn -0.4020 0.5254 0.7499
vn -0.4158 0.5081 0.7543
vn 0.2288 -0.6163 0.7536
vn 0.2035 -0.6213 0.7567
vn 0.5483 -0.5129 0.6605
vn -0.6001 0.2051 0.7731
vn -0.5721 0.4561 0.6817
vn -0.6002 0.1832 0.7786
vn -0.6001 0.2046 -0.7733
vn -0.5999 0.1831 -0.7788
vn -0.5719 0.4560 -0.6819
vn -0.6374 -0.3805 0.6700
vn -0.6628 0.1321 0.7370
vn -0.6640 0.0859 0.7427
vn -0.6358 -0.4010 0.6595
vn -0.6631 0.1319 -0.7368
vn -0.6372 -0.3804 -0.6702
vn -0.6639 0.0860 -0.7429
vn -0.6357 -0.4008 -0.6597
vn -0.6358 -0.4013 0.6594
vn -0.6528 -0.6516 0.3863
vn -0.6580 -0.6745 0.3348
vn -0.6374 -0.3806 0.6700
vn -0.6357 -0.4010 -0.6597
vn -0.6530 -0.6518 -0.3858
vn -0.6372 -0.3805 -0.6702
vn -0.6581 -0.6745 -0.3345
vn -0.7076 0.3179 0.6311
vn -0.7098 0.3098 0.6326
vn -0.6847 0.3868 0.6177
vn -0.7074 0.3178 -0.6313
vn -0.6847 0.3868 -0.6177
vn -0.7100 0.3099 -0.6323
vn -0.6618 0.1499 0.7345
vn -0.5976 0.5186 0.6116
vn -0.6624 0.1186 0.7397
vn -0.6618 0.1498 -0.7346
vn -0.6627 0.1187 -0.7395
vn -0.5979 0.5186 -0.6111
vn 0.8813 -0.4726 -0.0002
vn 0.7392 -0.4785 0.4740
vn 0.7998 -0.4861 0.3522
vn 0.8000 -0.4862 -0.3517
vn 0.8812 -0.4727 -0.0002
vn 0.7391 -0.4784 -0.4743
vn 0.7224 0.1255 0.6800
vn 0.7224 0.1255 -0.6800
vn 0.7223 0.1251 -0.6802
vn -0.6628 0.1323 0.7370
vn -0.5916 0.5254 0.6115
vn -0.6641 0.0864 0.7426
vn -0.6631 0.1323 -0.7367
vn -0.6638 0.0863 -0.7429
vn -0.5916 0.5254 -0.6115
vn 0.6914 0.6940 -0.2008
vn 0.5961 0.8029 -0.0012
vn 0.6515 0.7522 -0.0985
vn 0.6516 0.7522 0.0981
vn 0.6907 0.6952 0.1994
vn 0.7151 0.0118 0.6989
vn 0.6379 -0.3436 0.6892
vn 0.6383 -0.3419 0.6897
vn 0.7150 0.0157 0.6989
vn 0.7149 0.0118 -0.6991
vn 0.6378 -0.3435 -0.6894
vn 0.7153 0.0157 -0.6986
vn 0.6382 -0.3416 -0.6899
vn 0.6807 0.2579 0.6856
vn 0.6809 0.2585 0.6852
vn 0.6807 0.2582 0.6856
vn 0.6806 0.2580 0.6857
vn 0.6807 0.2579 -0.6856
vn 0.6805 0.2580 -0.6858
vn 0.6804 0.2579 -0.6859
vn 0.6805 0.2581 -0.6858
vn 0.9034 -0.4161 0.1035
vn 0.9111 -0.4052 0.0757
vn 0.9311 -0.3646 0.0066
vn 0.9179 -0.3926 -0.0577
vn 0.9146 -0.3973 -0.0751
vn 0.4006 -0.6918 -0.6008
vn 0.3722 -0.7021 -0.6071
vn 0.5609 -0.6155 -0.5536
vn -0.8045 0.5939 -0.0050
vn -0.7892 0.5954 0.1507
vn -0.8045 0.5939 -0.0051
vn -0.7881 0.5954 0.1566
vn -0.7885 0.5977 -0.1453
vn -0.7872 0.5984 -0.1491
vn 0.9146 -0.3973 -0.0752
vn 0.6155 -0.5591 -0.5555
vn 0.7438 -0.5201 -0.4199
vn 0.8593 -0.4587 0.2265
vn 0.9033 -0.4161 0.1040
vn 0.8592 -0.4587 0.2267
vn -0.7430 0.3651 -0.5610
vn -0.7574 0.4143 -0.5046
vn -0.7872 0.5984 -0.1492
vn -0.5866 -0.2129 -0.7814
vn -0.5888 -0.1932 -0.7848
vn -0.7891 0.5955 0.1508
vn -0.7388 0.3780 0.5579
vn -0.7513 0.4197 0.5094
vn -0.7880 0.5954 0.1566
vn -0.5929 -0.2131 0.7765
vn -0.5953 -0.1956 0.7793
vn -0.6418 -0.7560 0.1284
vn -0.6960 -0.4835 0.5308
vn -0.6419 -0.7561 0.1275
vn -0.6956 -0.4877 0.5275
vn -0.6384 0.1573 0.7535
vn -0.6389 0.1395 0.7565
vn -0.6439 -0.7532 -0.1346
vn -0.6897 -0.4934 -0.5300
vn -0.6898 -0.4934 -0.5299
vn -0.6434 -0.7536 -0.1346
vn -0.6415 0.1611 -0.7500
vn -0.6420 0.1491 -0.7520
vn 0.7629 0.6465 -0.0050
vn 0.7479 0.6455 0.1547
vn 0.7467 0.6452 0.1614
vn 0.7457 0.6482 -0.1541
vn 0.7466 0.6481 -0.1501
vn 0.7629 0.6465 -0.0051
vn 0.6329 -0.3069 0.7108
vn 0.6373 -0.2930 0.7127
vn 0.6311 -0.3109 0.7107
vn 0.6314 -0.3110 -0.7104
vn 0.6371 -0.2929 -0.7129
vn 0.6328 -0.3068 -0.7110
vn 0.6371 -0.2931 -0.7129
vn 0.6066 -0.3680 0.7047
vn 0.6826 -0.1794 0.7084
vn 0.5597 -0.4419 0.7010
vn 0.6933 -0.1352 0.7079
vn 0.7150 0.0156 0.6989
vn 0.7151 0.0116 0.6989
vn 0.4644 -0.4217 0.7788
vn 0.6427 -0.3338 0.6895
vn 0.4769 -0.4165 0.7740
vn 0.4647 -0.4219 -0.7785
vn 0.4769 -0.4164 -0.7741
vn 0.6427 -0.3338 -0.6895
vn 0.0779 0.6631 -0.7445
vn 0.4073 0.6506 -0.6409
vn 0.0952 0.6644 -0.7413
vn 0.6094 -0.3593 0.7068
vn 0.5965 -0.3821 0.7058
vn 0.5966 -0.3823 -0.7056
vn 0.6096 -0.3594 -0.7065
vn 0.5621 0.8208 -0.1014
vn 0.7154 0.6128 0.3356
vn 0.7117 0.6247 0.3213
vn 0.5741 0.8123 -0.1027
vn 0.6801 0.3193 0.6600
vn 0.7116 0.6248 0.3213
vn 0.7155 0.6128 0.3356
vn 0.6806 0.3175 0.6603
vn 0.6801 0.3194 0.6599
vn 0.6167 0.5021 0.6063
vn 0.6805 0.3177 0.6603
vn 0.5857 -0.1262 -0.8007
vn 0.7102 0.4091 -0.5729
vn 0.5858 -0.0951 -0.8049
vn 0.7238 0.4641 -0.5105
vn 0.7465 0.6482 -0.1502
vn 0.7157 0.6128 -0.3351
vn 0.5614 0.8202 0.1099
vn 0.7118 0.6248 -0.3208
vn 0.5732 0.8116 0.1130
vn 0.7118 0.6250 -0.3205
vn 0.6715 0.3434 -0.6566
vn 0.7156 0.6129 -0.3351
vn 0.6746 0.3323 -0.6591
vn 0.6715 0.3435 -0.6565
vn 0.6744 0.3329 -0.6591
vn 0.5934 0.5426 -0.5945
vn 0.5594 -0.4420 -0.7012
vn 0.6068 -0.3683 -0.7044
vn 0.4623 -0.5672 -0.6816
vn 0.5596 -0.4418 -0.7012
vn 0.6830 -0.1794 -0.7080
vn 0.6068 -0.3682 -0.7044
vn 0.6931 -0.1352 -0.7080
vn 0.7153 0.0156 -0.6986
vn 0.7149 0.0117 -0.6991
vn 0.5906 -0.1308 0.7963
vn 0.7057 0.4216 0.5694
vn 0.7169 0.4688 0.5160
vn 0.5925 -0.0988 0.7995
vn 0.7467 0.6452 0.1615
vn 0.3531 -0.4952 0.7938
vn 0.2471 -0.5318 0.8100
vn 0.7391 -0.4785 0.4741
vn 0.7997 -0.4861 0.3524
vn 0.7999 -0.4862 -0.3518
vn 0.7389 -0.4784 -0.4744
vn 0.3530 -0.4950 -0.7940
vn 0.2470 -0.5316 -0.8102
vn 0.0328 0.6679 0.7436
vn 0.0643 0.6703 0.7393
vn 0.3898 0.6552 0.6471
vn -0.6522 -0.7580 0.0037
vn -0.6434 -0.7536 -0.1345
vn -0.6419 -0.7561 0.1274
vn -0.6418 -0.7561 0.1284
vn -0.5860 0.2490 0.7711
vn -0.4903 0.4918 0.7195
vn -0.5876 0.2430 0.7718
vn -0.4534 0.5478 0.7031
vn -0.4534 0.5476 -0.7032
vn -0.5864 0.2490 -0.7708
vn -0.4902 0.4918 -0.7196
vn -0.5879 0.2430 -0.7716
vn 0.8912 -0.4537 -0.0002
vn 0.8908 -0.4530 0.0368
vn 0.8907 -0.4530 -0.0372
vn 0.3316 -0.6624 0.6718
vn 0.3905 -0.6458 0.6561
vn 0.3315 -0.6624 0.6718
vn 0.3903 -0.6457 0.6563
vn -0.1685 -0.7382 0.6532
vn -0.2417 -0.7381 0.6300
vn -0.2418 -0.7380 0.6300
vn -0.1687 -0.7382 0.6532
vn -0.5599 -0.6822 0.4703
vn 0.7649 -0.5798 -0.2806
vn 0.3318 -0.6626 -0.6715
vn 0.3904 -0.6456 -0.6564
vn 0.7420 -0.5800 -0.3363
vn -0.1683 -0.7380 -0.6534
vn 0.3900 -0.6456 -0.6566
vn 0.3315 -0.6627 -0.6715
vn -0.2418 -0.7383 -0.6296
vn -0.2419 -0.7383 -0.6296
vn -0.5598 -0.6822 -0.4703
vn -0.1686 -0.7381 -0.6533
vn 0.6227 0.2357 0.7461
vn 0.6224 0.2361 0.7462
vn 0.6229 0.2355 0.7460
vn 0.6228 0.2356 0.7460
vn 0.6224 0.2361 -0.7462
vn 0.6227 0.2357 -0.7461
vn 0.6227 0.2355 -0.7462
vn 0.6226 0.2356 -0.7462
vn -0.5787 -0.3590 0.7323
vn -0.6420 0.0989 0.7603
vn -0.6422 0.0987 0.7602
vn -0.5795 -0.3560 0.7331
vn -0.6424 0.0988 -0.7600
vn -0.5785 -0.3589 -0.7325
vn -0.5794 -0.3559 -0.7332
vn -0.6423 0.0989 -0.7600
vn 0.4681 -0.5505 0.6913
vn 0.3539 -0.6059 0.7125
vn 0.7425 -0.3483 0.5721
vn 0.4682 -0.5507 -0.6910
vn 0.7425 -0.3483 -0.5722
vn 0.3540 -0.6062 -0.7122
vn 0.5741 0.8124 -0.1024
vn 0.6143 0.7890 0.0085
vn 0.6143 0.7890 0.0076
vn 0.6143 0.7890 0.0086
vn 0.5733 0.8115 0.1128
vn -0.6948 0.7109 0.1089
vn -0.8128 0.4932 -0.3099
vn -0.7054 0.7001 0.1110
vn -0.8154 0.4748 -0.3313
vn -0.8128 0.4934 -0.3098
vn -0.8154 0.4747 -0.3313
vn -0.7323 0.2146 -0.6462
vn -0.7329 0.2076 -0.6479
vn -0.5955 -0.1841 0.7820
vn -0.5877 0.2428 0.7718
vn -0.5963 -0.1821 0.7818
vn -0.5861 0.2489 0.7711
vn 0.5645 0.2512 0.7863
vn 0.5682 0.2320 0.7895
vn 0.4803 0.5357 0.6945
vn -0.6389 0.1400 0.7565
vn -0.6383 0.1575 0.7535
vn -0.5974 0.4685 0.6509
vn -0.5953 -0.1837 -0.7822
vn -0.5962 -0.1820 -0.7819
vn 0.4192 -0.4887 0.7652
vn 0.6094 -0.4319 0.6649
vn 0.4269 -0.4876 0.7616
vn 0.4192 -0.4889 -0.7650
vn 0.4269 -0.4875 -0.7617
vn 0.6090 -0.4315 -0.6656
vn -0.6420 0.1496 -0.7520
vn -0.5791 0.5192 -0.6286
vn -0.6415 0.1613 -0.7500
vn 0.6518 0.0104 0.7583
vn 0.6304 -0.1256 0.7661
vn 0.6518 0.0124 0.7583
vn 0.6212 -0.1631 0.7665
vn 0.5726 -0.3429 0.7446
vn 0.6518 0.0106 0.7583
vn 0.6518 0.0125 0.7583
vn 0.5844 -0.3084 0.7506
vn -0.6910 0.7139 -0.1131
vn -0.7421 0.6702 0.0076
vn -0.7051 0.7007 -0.1092
vn -0.8010 0.5339 0.2707
vn -0.6910 0.7139 -0.1132
vn -0.7050 0.7007 -0.1093
vn -0.8074 0.5023 0.3095
vn -0.8010 0.5340 0.2706
vn -0.7372 0.2201 0.6388
vn -0.7381 0.2142 0.6398
vn -0.7380 0.2146 0.6398
vn -0.7112 0.3708 0.5973
vn -0.7372 0.2203 0.6387
vn 0.6517 0.0105 -0.7584
vn 0.5728 -0.3431 -0.7444
vn 0.6516 0.0125 -0.7585
vn 0.5844 -0.3087 -0.7504
vn 0.6517 0.0104 -0.7584
vn 0.6516 0.0124 -0.7585
vn 0.6302 -0.1256 -0.7662
vn 0.6211 -0.1630 -0.7666
vn -0.7420 0.6703 0.0076
vn -0.7055 0.7000 0.1109
vn -0.7421 0.6702 0.0078
vn 0.5591 0.2695 -0.7841
vn 0.4566 0.5804 -0.6742
vn 0.5614 0.2588 -0.7860
vn -0.6631 -0.3589 0.6569
vn -0.6668 -0.6756 0.3145
vn -0.6673 -0.6863 0.2892
vn -0.6637 -0.3112 0.6802
vn -0.6721 -0.3292 -0.6632
vn -0.6723 -0.3770 -0.6371
vn -0.6647 -0.6895 -0.2878
vn -0.6653 -0.6964 -0.2691
vn 0.5086 -0.4950 0.7045
vn 0.5965 -0.3822 0.7058
vn 0.4459 -0.5562 0.7013
vn 0.6093 -0.3594 0.7068
vn -0.4533 0.5480 0.7030
vn -0.2630 0.7357 0.6241
vn -0.4902 0.4921 0.7194
vn -0.1961 0.7728 0.6036
vn -0.6631 -0.3587 0.6570
vn -0.6513 0.1637 0.7409
vn -0.6637 -0.3110 0.6803
vn -0.6516 0.1500 0.7436
vn -0.6496 0.1677 -0.7415
vn -0.6720 -0.3289 -0.6635
vn -0.6499 0.1559 -0.7439
vn -0.6724 -0.3768 -0.6371
vn -0.6002 -0.1208 -0.7907
vn -0.6008 -0.0780 -0.7956
vn -0.6008 -0.0785 -0.7955
vn -0.6002 -0.1213 -0.7906
vn -0.5825 -0.3267 -0.7443
vn 0.7457 0.6482 -0.1540
vn -0.0924 -0.8268 0.5548
vn 0.1628 -0.7758 0.6096
vn 0.1368 -0.7777 0.6136
vn -0.0191 -0.8085 0.5882
vn 0.1368 -0.7774 -0.6139
vn -0.0188 -0.8083 -0.5885
vn 0.1627 -0.7755 -0.6100
vn -0.0923 -0.8267 -0.5550
vn -0.7512 0.4197 0.5094
vn -0.6049 -0.1298 0.7856
vn -0.6075 -0.0811 0.7902
vn -0.6074 -0.0815 0.7902
vn -0.5666 -0.3872 0.7274
vn -0.6049 -0.1303 0.7856
vn -0.6653 -0.6965 -0.2688
vn -0.6543 -0.7562 -0.0012
vn -0.6646 -0.6896 -0.2876
vn -0.6543 -0.7562 -0.0022
vn -0.6668 -0.6758 0.3143
vn -0.6543 -0.7562 -0.0021
vn -0.6673 -0.6864 0.2890
vn 0.5885 -0.0960 -0.8028
vn 0.7103 0.4091 -0.5728
vn 0.5871 -0.0589 -0.8074
vn 0.7238 0.4642 -0.5105
vn 0.5934 -0.1035 0.7982
vn 0.5940 -0.0634 0.8020
vn -0.1959 0.7728 -0.6037
vn -0.2629 0.7356 -0.6243
vn -0.0654 0.8300 -0.5539
vn -0.2630 0.7356 -0.6243
vn -0.1960 0.7727 -0.6037
vn -0.4532 0.5478 -0.7032
vn -0.4901 0.4919 -0.7196
vn -0.6498 0.1562 -0.7439
vn -0.6179 0.4472 -0.6467
vn -0.6497 0.1682 -0.7414
vn -0.6516 0.1504 0.7435
vn -0.6513 0.1638 0.7409
vn -0.6181 0.4473 0.6465
vn -0.6421 -0.7352 -0.2173
vn -0.7001 -0.4286 -0.5711
vn -0.7001 -0.4489 -0.5553
vn -0.6418 -0.7337 -0.2233
vn -0.6490 0.1736 -0.7407
vn -0.6495 0.1648 -0.7423
vn -0.6406 -0.7324 0.2306
vn -0.6956 -0.4554 0.5556
vn -0.6405 -0.7313 0.2345
vn -0.6953 -0.4652 0.5479
vn -0.6584 0.1421 0.7391
vn -0.6586 0.1197 0.7429
vn -0.7329 0.2078 -0.6479
vn -0.7323 0.2147 -0.6462
vn -0.6937 0.4221 -0.5837
vn -0.7880 0.5954 0.1565
vn 0.3488 -0.5956 0.7236
vn 0.2164 -0.6339 0.7425
vn 0.6639 -0.4386 0.6057
vn 0.3487 -0.5955 -0.7238
vn 0.6639 -0.4386 -0.6057
vn 0.2166 -0.6342 -0.7422
vn 0.3460 -0.7048 0.6193
vn 0.5470 -0.6241 0.5579
vn 0.3303 -0.7091 0.6230
vn 0.1754 -0.7436 0.6452
vn 0.3457 -0.7049 0.6193
vn 0.3300 -0.7092 0.6230
vn 0.1755 -0.7435 0.6453
vn -0.6543 -0.7562 0.0105
vn -0.6417 -0.7337 -0.2233
vn -0.6542 -0.7562 0.0121
vn -0.6542 -0.7562 0.0106
vn -0.6542 -0.7562 0.0126
vn -0.0926 0.8262 0.5557
vn -0.0285 0.8416 0.5394
vn 0.1292 0.8634 0.4876
vn -0.5942 -0.1680 -0.7866
vn -0.5962 -0.1322 -0.7919
vn -0.7549 0.6435 0.1264
vn -0.7476 0.6641 0.0008
vn -0.7547 0.6472 0.1079
vn -0.7554 0.6497 -0.0859
vn -0.7477 0.6641 0.0008
vn -0.7580 0.6389 -0.1317
vn -0.7881 0.5953 0.1566
vn -0.5993 -0.1730 0.7816
vn -0.6027 -0.1352 0.7864
vn 0.4456 -0.5562 -0.7015
vn 0.5086 -0.4953 -0.7042
vn 0.3230 -0.6566 -0.6816
vn 0.5967 -0.3823 -0.7055
vn 0.5088 -0.4952 -0.7042
vn 0.4458 -0.5561 -0.7015
vn 0.6096 -0.3595 -0.7065
vn -0.7584 -0.6517 -0.0099
vn -0.7584 -0.6518 -0.0079
vn -0.7203 -0.6766 0.1527
vn -0.7014 -0.6926 0.1683
vn -0.7063 -0.6898 -0.1589
vn -0.7202 -0.6764 -0.1540
vn -0.7584 -0.6517 -0.0100
vn -0.7584 -0.6517 -0.0080
vn -0.6187 0.4447 0.6477
vn -0.6495 0.1649 -0.7423
vn -0.6128 0.4623 -0.6409
vn -0.6491 0.1739 -0.7406
vn -0.7749 0.4391 0.4546
vn -0.7549 0.6435 0.1265
vn -0.7750 0.4412 0.4526
vn 0.1484 0.7608 0.6318
vn 0.3782 0.7341 0.5639
vn 0.1603 0.7605 0.6292
vn -0.7737 0.4391 -0.4567
vn -0.7732 0.4254 -0.4703
vn -0.7580 0.6388 -0.1318
vn 0.4268 -0.4876 0.7616
vn 0.1187 -0.5576 0.8216
vn 0.4190 -0.4888 0.7652
vn 0.0148 -0.5789 0.8152
vn -0.7154 -0.6987 -0.0080
vn -0.7419 -0.6514 -0.1589
vn -0.7420 -0.6513 -0.1590
vn -0.7154 -0.6987 -0.0078
vn -0.6956 -0.3755 -0.6125
vn 0.1919 -0.4149 -0.8894
vn 0.2635 -0.4444 -0.8562
vn -0.0818 -0.5472 -0.8330
vn -0.2148 -0.6404 -0.7374
vn 0.2635 -0.4445 -0.8562
vn 0.4767 -0.4164 -0.7742
vn 0.4645 -0.4221 -0.7785
vn 0.1923 -0.4149 -0.8893
vn -0.3892 -0.8404 -0.3773
vn -0.3866 -0.8892 -0.2447
vn -0.2150 -0.6407 -0.7370
vn -0.0820 -0.5473 -0.8329
vn 0.0150 -0.5788 -0.8153
vn 0.4266 -0.4875 -0.7618
vn 0.1185 -0.5579 -0.8214
vn 0.4191 -0.4890 -0.7650
vn 0.5535 -0.4440 0.7046
vn 0.4968 -0.5115 0.7011
vn 0.3843 -0.6227 0.6816
vn 0.1213 -0.5439 0.8303
vn -0.1568 -0.6864 0.7101
vn 0.2183 -0.5134 0.8299
vn -0.2379 -0.7336 0.6365
vn 0.4767 -0.4166 0.7740
vn 0.1218 -0.5438 0.8303
vn 0.2183 -0.5135 0.8299
vn 0.4643 -0.4219 0.7788
vn -0.3796 -0.8678 0.3205
vn -0.1570 -0.6865 0.7100
vn -0.2380 -0.7337 0.6365
vn -0.3794 -0.8944 0.2367
vn 0.5511 -0.3370 0.7633
vn 0.6212 -0.1632 0.7665
vn 0.5086 -0.4038 0.7604
vn 0.6303 -0.1257 0.7661
vn -0.7495 -0.6564 0.0865
vn -0.7063 -0.6899 -0.1589
vn -0.7718 -0.5987 0.2140
vn -0.7201 -0.6764 -0.1543
vn -0.6923 -0.3142 0.6496
vn -0.6904 -0.3181 0.6497
vn -0.7719 -0.5986 0.2140
vn 0.0613 -0.6765 0.7339
vn 0.3421 -0.5725 0.7451
vn 0.1674 -0.6494 0.7418
vn 0.0315 -0.6901 0.7230
vn 0.1674 -0.6493 -0.7419
vn 0.0315 -0.6904 -0.7227
vn 0.3418 -0.5724 -0.7453
vn 0.0612 -0.6763 -0.7341
vn 0.5805 -0.1713 -0.7960
vn 0.5810 -0.1555 -0.7989
vn 0.5864 -0.1708 0.7918
vn 0.5876 -0.1592 0.7933
vn -0.6520 -0.3489 -0.6732
vn -0.6520 -0.3945 -0.6475
vn -0.6538 -0.6849 -0.3216
vn -0.6555 -0.6979 -0.2885
vn -0.6392 0.1515 -0.7540
vn -0.6520 -0.3487 -0.6732
vn -0.6387 0.1311 -0.7582
vn -0.6521 -0.3943 -0.6475
vn -0.6499 -0.4103 0.6398
vn -0.6527 -0.6839 0.3260
vn -0.6544 -0.6967 0.2939
vn -0.6500 -0.3750 0.6610
vn -0.6500 -0.4101 0.6398
vn -0.6470 0.1217 0.7527
vn -0.6474 0.0877 0.7571
vn 0.7982 -0.6023 -0.0099
vn 0.7611 -0.6307 0.1517
vn 0.7982 -0.6023 -0.0080
vn 0.7433 -0.6480 0.1663
vn 0.7982 -0.6023 -0.0100
vn 0.7609 -0.6306 -0.1530
vn 0.7479 -0.6448 -0.1579
vn 0.7982 -0.6023 -0.0081
vn -0.7749 0.4410 0.4527
vn -0.6778 0.2410 0.6946
vn -0.6737 0.2515 0.6949
vn -0.6776 0.2447 -0.6936
vn -0.7737 0.4390 -0.4568
vn -0.6734 0.2547 -0.6940
vn -0.7732 0.4253 -0.4704
vn -0.7476 0.6641 -0.0022
vn -0.7318 0.6785 -0.0645
vn -0.8056 0.4383 -0.3987
vn -0.8060 0.4304 -0.4064
vn -0.8060 0.4303 -0.4064
vn -0.7438 0.2539 -0.6183
vn -0.7470 0.2314 -0.6232
vn -0.2629 0.7358 0.6241
vn -0.1960 0.7730 0.6034
vn -0.0654 0.8300 0.5539
vn -0.8169 0.3841 0.4303
vn -0.7318 0.6786 0.0631
vn -0.7319 0.6786 0.0621
vn -0.8159 0.4019 0.4158
vn -0.8158 0.4017 0.4159
vn -0.7456 0.1906 0.6385
vn -0.7458 0.1896 0.6386
vn -0.6950 -0.3728 -0.6148
vn -0.6789 -0.3210 -0.6603
vn -0.6955 -0.3755 -0.6126
vn -0.6554 -0.6980 -0.2885
vn -0.6549 -0.7557 0.0045
vn -0.6538 -0.6850 -0.3215
vn -0.6548 -0.7558 0.0046
vn -0.6548 -0.7557 0.0048
vn -0.6527 -0.6839 0.3259
vn -0.6548 -0.7557 0.0047
vn -0.6544 -0.6968 0.2938
vn -0.5888 -0.1936 -0.7847
vn -0.5866 -0.2131 -0.7813
vn -0.5104 -0.5456 -0.6647
vn 0.7817 -0.6031 -0.1590
vn 0.7579 -0.6522 -0.0109
vn 0.7432 -0.6481 0.1663
vn 0.7611 -0.6306 0.1517
vn 0.7577 -0.6525 -0.0108
vn 0.7818 -0.6029 -0.1590
vn 0.7049 -0.3841 -0.5963
vn 0.7884 -0.6093 0.0854
vn 0.8080 -0.5504 0.2101
vn 0.7478 -0.6448 -0.1579
vn 0.7609 -0.6305 -0.1532
vn 0.7029 -0.3306 0.6298
vn 0.7017 -0.3335 0.6296
vn 0.8081 -0.5502 0.2102
vn 0.5856 -0.1265 -0.8007
vn 0.5858 -0.0954 -0.8048
vn 0.5569 -0.3970 -0.7295
vn -0.7476 0.6641 -0.0021
vn -0.1711 0.8133 0.5561
vn -0.1094 0.8349 0.5395
vn 0.0456 0.8717 0.4878
vn -0.6474 0.0879 0.7571
vn -0.6469 0.1223 0.7527
vn -0.6075 0.4371 0.6633
vn -0.6904 -0.3182 0.6497
vn -0.6923 -0.3143 0.6496
vn -0.6619 -0.3736 0.6498
vn -0.6388 0.1313 -0.7581
vn -0.6020 0.4545 -0.6565
vn -0.6392 0.1516 -0.7539
vn -0.5952 -0.1959 0.7793
vn -0.4917 -0.5879 0.6423
vn -0.5929 -0.2134 0.7765
vn 0.5085 -0.4037 -0.7606
vn 0.5509 -0.3370 -0.7635
vn 0.4232 -0.5191 -0.7426
vn 0.5085 -0.4036 -0.7606
vn 0.6211 -0.1631 -0.7666
vn 0.5510 -0.3369 -0.7635
vn 0.6302 -0.1257 -0.7662
vn 0.5905 -0.1310 0.7963
vn 0.5406 -0.4522 0.7094
vn 0.5925 -0.0991 0.7994
vn -0.5861 -0.2155 -0.7810
vn -0.5881 -0.1984 -0.7841
vn -0.5923 -0.2162 0.7762
vn -0.5946 -0.2005 0.7786
vn 0.4004 -0.6919 -0.6008
vn 0.2562 -0.7371 -0.6254
vn 0.3719 -0.7023 -0.6071
vn 0.2470 -0.5318 0.8101
vn 0.3530 -0.4951 0.7939
vn -0.1126 -0.6397 0.7603
vn -0.1078 -0.6386 0.7620
vn -0.1125 -0.6395 -0.7605
vn 0.3528 -0.4950 -0.7940
vn 0.2467 -0.5316 -0.8102
vn -0.1078 -0.6388 -0.7618
vn -0.7584 -0.6517 -0.0076
vn -0.7584 -0.6517 -0.0084
vn -0.7457 0.1901 0.6386
vn -0.6984 0.4411 0.5637
vn -0.7456 0.1909 0.6385
vn -0.6066 0.3899 0.6929
vn -0.6737 0.2517 0.6949
vn -0.6775 0.2448 -0.6936
vn -0.6734 0.2549 -0.6940
vn -0.6066 0.3899 -0.6928
vn -0.7469 0.2319 -0.6232
vn -0.7438 0.2540 -0.6183
vn -0.6923 0.4563 -0.5591
vn 0.5599 0.8285 -0.0002
vn 0.4812 0.8048 0.3474
vn 0.4431 0.7800 0.4420
vn 0.4812 0.8047 -0.3478
vn 0.4432 0.7803 -0.4414
vn -0.7013 -0.6927 0.1683
vn -0.7204 -0.6765 0.1527
vn -0.7419 -0.6514 -0.1590
vn -0.7153 -0.6988 -0.0078
vn -0.6598 -0.4611 -0.5933
vn 0.5885 -0.0961 -0.8027
vn 0.5871 -0.0591 -0.8074
vn 0.5741 -0.3247 -0.7517
vn -0.4157 0.5082 0.7543
vn -0.4018 0.5254 0.7500
vn -0.1868 0.7294 0.6581
vn -0.7062 -0.6899 -0.1589
vn -0.7719 -0.5987 0.2140
vn -0.7202 -0.6764 -0.1542
vn -0.6596 -0.4083 0.6310
vn -0.6656 -0.3958 0.6327
vn -0.7719 -0.5986 0.2141
vn 0.0861 -0.6643 -0.7425
vn 0.1652 -0.6118 -0.7736
vn 0.6156 -0.5590 -0.5554
vn 0.7436 -0.5203 -0.4199
vn 0.3539 -0.6061 -0.7123
vn 0.4681 -0.5508 -0.6911
vn -0.5770 -0.8167 -0.0002
vn -0.4965 -0.8121 0.3065
vn -0.4695 -0.8014 0.3706
vn -0.4967 -0.8122 -0.3060
vn -0.4696 -0.8015 -0.3703
vn 0.6065 -0.3682 0.7047
vn 0.5596 -0.4421 0.7010
vn 0.4623 -0.5672 0.6816
vn 0.7048 -0.3843 -0.5963
vn 0.6665 -0.4035 -0.6269
vn 0.7068 -0.3834 -0.5945
vn 0.5849 -0.1292 -0.8008
vn 0.5856 -0.0989 -0.8045
vn 0.7239 0.4641 -0.5105
vn -0.0023 -0.8467 -0.5321
vn 0.4791 -0.4311 -0.7646
vn 0.4649 -0.4414 -0.7675
vn -0.0078 -0.8505 -0.5260
vn -0.2554 -0.9594 -0.1200
vn -0.2554 -0.9595 -0.1190
vn 0.5908 -0.1338 0.7956
vn 0.5917 -0.1025 0.7996
vn 0.4631 -0.4454 0.7662
vn -0.0021 -0.8469 0.5318
vn 0.4413 -0.4607 0.7701
vn -0.0078 -0.8502 0.5264
vn -0.2555 -0.9588 0.1245
vn -0.2556 -0.9589 0.1235
vn -0.3866 -0.8893 -0.2445
vn -0.3714 -0.9284 0.0134
vn -0.3892 -0.8405 -0.3770
vn -0.3714 -0.9284 0.0135
vn -0.3794 -0.8945 0.2364
vn -0.3797 -0.8679 0.3203
vn 0.5935 -0.1037 0.7982
vn 0.5597 -0.3855 0.7336
vn 0.5940 -0.0636 0.8020
vn 0.6359 0.7717 -0.0002
vn 0.5698 0.7726 0.2802
vn 0.5499 0.7673 0.3300
vn 0.7017 -0.3336 0.6296
vn 0.7027 -0.3309 0.6298
vn 0.6485 -0.4500 0.6140
vn 0.5698 0.7724 -0.2806
vn 0.5498 0.7673 -0.3302
vn 0.4157 -0.5969 0.6862
vn -0.0737 -0.7094 0.7009
vn 0.4822 -0.5715 0.6640
vn -0.1274 -0.7152 0.6872
vn 0.4159 -0.5969 0.6861
vn 0.4824 -0.5713 0.6640
vn 0.7704 -0.3976 0.4984
vn -0.4694 -0.8012 0.3710
vn -0.1280 -0.7152 0.6871
vn -0.4964 -0.8121 0.3066
vn -0.0742 -0.7095 0.7008
vn -0.7545 0.6395 0.1477
vn -0.7476 0.6641 -0.0012
vn -0.7547 0.6358 0.1615
vn -0.7547 0.6359 -0.1618
vn -0.7549 0.6389 -0.1482
vn 0.4160 -0.5971 -0.6859
vn -0.0742 -0.7097 -0.7006
vn -0.1275 -0.7155 -0.6869
vn 0.4821 -0.5713 -0.6642
vn 0.4160 -0.5972 -0.6858
vn 0.7704 -0.3976 -0.4985
vn 0.4822 -0.5712 -0.6642
vn -0.4695 -0.8014 -0.3705
vn -0.1277 -0.7155 -0.6869
vn -0.0742 -0.7098 -0.7005
vn -0.4965 -0.8122 -0.3061
vn -0.2753 0.7843 0.5560
vn -0.2179 0.8134 0.5394
vn -0.0686 0.8702 0.4878
vn 0.7982 -0.6023 -0.0079
vn 0.7982 -0.6023 -0.0101
vn -0.5954 -0.1842 0.7820
vn -0.5786 -0.3591 0.7323
vn -0.5795 -0.3561 0.7331
vn -0.3961 0.5295 -0.7501
vn -0.1429 0.7566 -0.6381
vn -0.3877 0.5385 -0.7481
vn -0.5784 -0.3589 -0.7325
vn -0.5953 -0.1841 -0.7822
vn -0.5794 -0.3560 -0.7332
vn -0.5962 -0.1821 -0.7819
vn 0.0148 -0.5790 0.8152
vn -0.3098 -0.7986 0.5159
vn 0.1183 -0.5576 0.8216
vn -0.3732 -0.8471 0.3784
vn -0.3097 -0.7985 -0.5162
vn -0.3730 -0.8474 -0.3779
vn 0.0146 -0.5788 -0.8153
vn 0.1184 -0.5579 -0.8214
vn -0.7842 0.3190 0.5323
vn -0.7545 0.6394 0.1479
vn -0.7547 0.6358 0.1616
vn -0.7841 0.3874 0.4849
vn -0.7841 0.3872 0.4850
vn -0.7842 0.3188 0.5324
vn -0.7310 0.2222 0.6452
vn -0.7320 0.2125 0.6474
vn -0.5961 -0.1325 -0.7919
vn -0.5941 -0.1687 -0.7865
vn -0.5508 -0.4385 -0.7101
vn 0.2574 0.9617 -0.0947
vn 0.0062 0.9496 0.3134
vn -0.0148 0.9404 0.3397
vn 0.2425 0.9654 -0.0959
vn 0.2574 0.9609 0.1021
vn 0.0062 0.9495 -0.3137
vn 0.2425 0.9644 0.1052
vn -0.0148 0.9406 -0.3392
vn -0.7549 0.6388 -0.1483
vn -0.7789 0.3714 -0.5053
vn -0.7546 0.6358 -0.1619
vn -0.7780 0.4118 -0.4745
vn -0.7284 0.2799 -0.6254
vn -0.7329 0.2553 -0.6306
vn -0.7329 0.2557 -0.6305
vn -0.7284 0.2801 -0.6253
vn -0.6831 0.4498 -0.5754
vn 0.2183 0.7620 -0.6096
vn 0.1907 0.7645 -0.6158
vn 0.0671 0.7687 -0.6361
vn 0.1912 0.7644 -0.6158
vn 0.2184 0.7620 -0.6096
vn 0.3938 0.7294 -0.5594
vn 0.7817 -0.6030 -0.1590
vn 0.7579 -0.6523 -0.0109
vn 0.7818 -0.6030 -0.1589
vn 0.6949 -0.4107 -0.5903
vn 0.6948 -0.4108 -0.5903
vn 0.6449 -0.4581 -0.6117
vn 0.6995 -0.4058 -0.5883
vn -0.0760 0.9919 0.1021
vn -0.3096 0.8976 -0.3137
vn -0.0916 0.9902 0.1051
vn -0.3268 0.8821 -0.3393
vn -0.3095 0.8977 -0.3137
vn -0.4129 0.6502 -0.6378
vn -0.4234 0.6403 -0.6409
vn -0.0771 0.9925 -0.0946
vn -0.3097 0.8977 0.3134
vn -0.3267 0.8819 0.3398
vn -0.0916 0.9912 -0.0958
vn -0.4329 0.6332 0.6416
vn -0.3266 0.8819 0.3398
vn -0.3095 0.8978 0.3134
vn -0.4358 0.6302 0.6426
vn 0.7884 -0.6092 0.0855
vn 0.8081 -0.5504 0.2101
vn 0.6969 -0.3515 0.6251
vn 0.6923 -0.3622 0.6241
vn 0.8082 -0.5502 0.2100
vn 0.6259 -0.5015 0.5973
vn -0.6026 -0.1356 0.7864
vn -0.5326 -0.4905 0.6898
vn -0.5993 -0.1738 0.7815
vn -0.0781 -0.5930 0.8014
vn -0.1125 -0.5460 0.8302
vn -0.1119 -0.5461 0.8302
vn -0.0243 -0.6608 0.7502
vn 0.3537 -0.6059 0.7125
vn 0.4680 -0.5505 0.6913
vn -0.7318 0.2129 0.6474
vn -0.6889 0.4348 0.5799
vn -0.7310 0.2225 0.6451
vn -0.4356 0.6303 0.6426
vn -0.2756 0.7652 0.5818
vn -0.4328 0.6334 0.6415
vn -0.6651 -0.4557 -0.5916
vn -0.6020 -0.5168 -0.6087
vn -0.6598 -0.4612 -0.5933
vn 0.4429 0.7799 0.4421
vn 0.1026 0.6177 0.7797
vn 0.4811 0.8048 0.3476
vn 0.0101 0.5921 0.8058
vn 0.4430 0.7801 -0.4417
vn 0.1027 0.6176 -0.7798
vn 0.0100 0.5923 -0.8056
vn 0.4811 0.8047 -0.3479
vn 0.5085 -0.4951 0.7045
vn 0.4458 -0.5563 0.7013
vn 0.3230 -0.6566 0.6816
vn -0.7584 -0.6517 -0.0078
vn -0.7064 -0.6898 -0.1589
vn -0.5990 -0.1359 -0.7891
vn -0.5995 -0.0946 -0.7948
vn -0.5990 -0.1367 -0.7890
vn -0.5736 -0.3617 -0.7349
vn -0.6656 -0.3960 0.6326
vn -0.6596 -0.4086 0.6309
vn -0.5813 -0.5566 0.5936
vn -0.6033 -0.1433 0.7845
vn -0.6061 -0.0967 0.7895
vn -0.6061 -0.0971 0.7895
vn -0.5568 -0.4197 0.7168
vn -0.6033 -0.1436 0.7845
vn -0.7154 -0.6986 -0.0080
vn -0.6778 -0.4208 -0.6030
vn 0.5511 -0.3372 0.7633
vn 0.5086 -0.4039 0.7604
vn 0.4232 -0.5191 0.7426
vn -0.6759 -0.3643 0.6407
vn -0.6766 -0.3632 0.6405
vn -0.0286 0.8414 -0.5397
vn -0.0924 0.8261 -0.5559
vn 0.1291 0.8632 -0.4881
vn -0.0927 0.8260 -0.5560
vn -0.0290 0.8413 -0.5398
vn -0.2593 0.7426 -0.6175
vn -0.2829 0.7213 -0.6322
vn -0.4232 0.6405 -0.6409
vn -0.4128 0.6503 -0.6378
vn -0.2345 0.7883 -0.5689
vn 0.5806 -0.1716 -0.7959
vn 0.5809 -0.1558 -0.7989
vn 0.5222 -0.5066 -0.6860
vn 0.5927 -0.1063 0.7984
vn 0.5943 -0.0675 0.8014
vn 0.5878 -0.0999 -0.8028
vn 0.5875 -0.0638 -0.8067
vn -0.0194 -0.8084 0.5883
vn -0.2504 -0.8156 0.5216
vn 0.1367 -0.7777 0.6136
vn -0.0195 -0.8083 -0.5885
vn 0.1367 -0.7775 -0.6139
vn -0.2504 -0.8156 -0.5216
vn 0.5863 -0.1711 0.7918
vn 0.5046 -0.5522 0.6636
vn 0.5876 -0.1593 0.7933
vn 0.7610 -0.6305 -0.1530
vn -0.1374 0.9905 0.0076
vn -0.0917 0.9912 -0.0956
vn -0.1375 0.9905 0.0066
vn -0.0916 0.9902 0.1050
vn -0.1375 0.9905 0.0068
vn -0.0761 0.9919 0.1021
vn 0.0559 -0.5202 0.8522
vn 0.1340 -0.4433 0.8863
vn -0.0519 -0.6143 0.7873
vn 0.0557 -0.5200 -0.8524
vn 0.1339 -0.4431 -0.8864
vn -0.0521 -0.6140 -0.7876
vn 0.1339 -0.4432 -0.8864
vn 0.7817 -0.6031 -0.1589
vn 0.7577 -0.6525 -0.0107
vn 0.7215 -0.3387 -0.6039
vn -0.6786 -0.4208 -0.6020
vn -0.6401 -0.4317 -0.6355
vn -0.6777 -0.4208 -0.6030
vn 0.7144 -0.2875 0.6380
vn 0.7159 -0.2844 0.6377
vn 0.8082 -0.5502 0.2101
vn -0.5880 -0.1986 -0.7841
vn -0.5862 -0.2159 -0.7809
vn -0.5074 -0.5524 -0.6614
vn -0.7917 0.5272 0.3086
vn -0.4015 0.6057 0.6869
vn -0.7583 0.5301 0.3795
vn -0.3412 0.6317 0.6961
vn -0.3412 0.6315 -0.6963
vn -0.4017 0.6060 -0.6866
vn -0.7585 0.5302 -0.3790
vn -0.7915 0.5271 -0.3091
vn -0.6766 -0.3633 0.6405
vn -0.6203 -0.4774 0.6223
vn 0.2021 -0.9440 0.2609
vn 0.2020 -0.9439 -0.2613
vn 0.2021 -0.9439 -0.2613
vn 0.6998 -0.2975 -0.6494
vn 0.7204 -0.3377 -0.6057
vn 0.5849 -0.1293 -0.8008
vn 0.5856 -0.0991 -0.8045
vn 0.5545 -0.4050 -0.7270
vn -0.7881 0.5954 0.1565
vn -0.5946 -0.2006 0.7786
vn -0.4882 -0.5942 0.6392
vn -0.5924 -0.2163 0.7761
vn -0.3733 -0.8474 -0.3777
vn -0.4718 -0.8817 -0.0002
vn -0.3098 -0.7987 0.5159
vn -0.3732 -0.8471 0.3783
vn -0.5998 -0.1696 0.7820
vn -0.6032 -0.1307 0.7868
vn -0.4532 0.5479 -0.7032
vn 0.7158 -0.2845 0.6377
vn 0.7143 -0.2877 0.6380
vn 0.6846 -0.3500 0.6394
vn 0.5908 -0.1340 0.7956
vn 0.5382 -0.4596 0.7064
vn 0.5918 -0.1028 0.7995
vn -0.8711 0.4912 -0.0002
vn -0.7584 0.5300 0.3794
vn -0.7917 0.5273 0.3085
vn -0.7918 0.5271 -0.3086
vn -0.7586 0.5302 -0.3788
vn -0.8710 0.4912 -0.0002
vn -0.1082 -0.6385 0.7620
vn -0.1127 -0.6397 0.7603
vn -0.3108 -0.6879 0.6559
vn -0.1081 -0.6388 -0.7618
vn -0.3108 -0.6879 -0.6559
vn -0.1128 -0.6396 -0.7604
vn 0.7612 -0.6064 0.2297
vn 0.3798 -0.7298 0.5685
vn 0.7236 -0.6174 0.3086
vn 0.1072 -0.7951 0.5969
vn 0.3795 -0.7298 0.5686
vn 0.1794 -0.7981 0.5752
vn 0.1072 -0.7950 0.5970
vn 0.3150 -0.7742 0.5491
vn 0.5162 -0.7055 0.4856
vn 0.6380 -0.3435 0.6892
vn 0.2922 -0.8481 0.4420
vn 0.6384 -0.3418 0.6897
vn 0.2924 -0.8480 0.4420
vn 0.7240 -0.6175 -0.3075
vn 0.3796 -0.7296 -0.5688
vn 0.7611 -0.6064 -0.2300
vn 0.1071 -0.7949 -0.5972
vn 0.3794 -0.7297 -0.5688
vn 0.1073 -0.7950 -0.5971
vn 0.1793 -0.7979 -0.5755
vn 0.3148 -0.7740 -0.5494
vn 0.5157 -0.7055 -0.4861
vn 0.2922 -0.8479 -0.4423
vn 0.2924 -0.8478 -0.4424
vn -0.0924 -0.8268 -0.5549
vn -0.4476 -0.8506 -0.2759
vn -0.4853 -0.8539 -0.1882
vn 0.1630 -0.7755 -0.6100
vn 0.1631 -0.7757 0.6097
vn -0.0925 -0.8269 0.5547
vn -0.4475 -0.8506 0.2763
vn -0.4853 -0.8537 0.1888
vn 0.2163 -0.6340 0.7425
vn -0.0521 -0.6142 0.7874
vn 0.0557 -0.5202 0.8522
vn 0.3485 -0.5958 0.7236
vn 0.2001 0.9797 0.0076
vn 0.2424 0.9645 0.1050
vn 0.2000 0.9798 0.0069
vn 0.3486 -0.5955 -0.7238
vn 0.2162 -0.6342 -0.7423
vn 0.0557 -0.5201 -0.8523
vn 0.8269 -0.5623 -0.0002
vn 0.7238 -0.6175 -0.3078
vn 0.7612 -0.6064 -0.2300
vn 0.7237 -0.6174 0.3084
vn 0.7613 -0.6064 0.2296
vn 0.2573 0.9617 -0.0947
vn 0.2423 0.9655 -0.0956
vn 0.2000 0.9798 0.0064
vn -0.5947 -0.1654 -0.7867
vn -0.5966 -0.1276 -0.7923
vn -0.5966 -0.1277 -0.7923
vn -0.5947 -0.1656 -0.7867
vn -0.5536 -0.4301 -0.7132
vn 0.5854 -0.1807 0.7903
vn 0.5855 -0.1748 0.7916
vn -0.6972 -0.3718 -0.6129
vn 0.5789 -0.1811 -0.7950
vn 0.5794 -0.1723 -0.7967
vn -0.6933 -0.3103 0.6504
vn -0.6914 -0.3142 0.6506
vn 0.1136 0.7482 0.6536
vn -0.4014 0.6057 0.6870
vn 0.1865 0.7541 0.6297
vn -0.2592 0.7423 0.6179
vn -0.0927 0.8262 0.5557
vn -0.2829 0.7216 0.6319
vn -0.0290 0.8415 0.5395
vn 0.1864 0.7544 -0.6294
vn 0.1135 0.7480 -0.6539
vn -0.3410 0.6316 -0.6963
vn -0.4016 0.6061 -0.6866
vn -0.6962 -0.3689 -0.6158
vn -0.6815 -0.3122 -0.6619
vn -0.6971 -0.3720 -0.6129
vn -0.2257 0.6165 -0.7543
vn 0.0612 0.7491 -0.6596
vn -0.2055 0.6287 -0.7500
vn 0.0779 -0.9898 -0.1190
vn 0.0849 -0.9964 0.0037
vn 0.0769 -0.9898 -0.1199
vn 0.0779 -0.9893 0.1235
vn 0.0779 -0.9892 0.1245
vn -0.6933 -0.3104 0.6504
vn -0.6648 -0.3652 0.6517
vn 0.0610 -0.6763 -0.7341
vn 0.3421 -0.5723 -0.7453
vn -0.3775 -0.8884 -0.2611
vn 0.5878 -0.1001 -0.8028
vn 0.5875 -0.0640 -0.8067
vn 0.5721 -0.3341 -0.7491
vn 0.5927 -0.1066 0.7983
vn 0.5574 -0.3943 0.7306
vn 0.5943 -0.0676 0.8014
vn -0.2178 0.8133 -0.5396
vn -0.2752 0.7841 -0.5563
vn -0.0686 0.8702 -0.4878
vn -0.2755 0.7840 -0.5563
vn -0.2179 0.8132 -0.5397
vn -0.4972 0.5840 -0.6417
vn -0.5306 0.5374 -0.6554
vn -0.2631 0.7357 0.6241
vn -0.4903 0.4922 0.7193
vn -0.1961 0.7728 0.6035
vn 0.2280 0.8521 0.4711
vn 0.4180 0.9085 -0.0002
vn 0.3335 0.9037 0.2685
vn 0.4174 0.9087 -0.0002
vn 0.2280 0.8524 -0.4706
vn 0.3335 0.9036 -0.2689
vn 0.7817 -0.6031 -0.1588
vn 0.7062 -0.3808 -0.5968
vn 0.8080 -0.5505 0.2101
vn 0.7609 -0.6305 -0.1531
vn 0.7040 -0.3277 0.6301
vn 0.0581 0.6095 0.7906
vn -0.2128 0.4734 0.8548
vn -0.2729 0.4373 0.8569
vn 0.0505 0.6064 0.7935
vn 0.2400 0.6714 0.7011
vn -0.1713 0.8131 -0.5564
vn -0.1096 0.8346 -0.5398
vn -0.3787 0.6779 -0.6301
vn -0.4091 0.6473 -0.6432
vn -0.1096 0.8347 -0.5397
vn -0.1711 0.8131 -0.5564
vn 0.0456 0.8718 -0.4878
vn 0.0581 0.6094 -0.7907
vn -0.2129 0.4736 -0.8546
vn 0.0504 0.6062 -0.7937
vn -0.2729 0.4371 -0.8570
vn 0.2403 0.6716 -0.7009
vn 0.5726 -0.3430 0.7446
vn 0.2813 -0.8152 0.5063
vn 0.5842 -0.3081 0.7508
vn 0.2814 -0.8152 0.5063
vn 0.2813 -0.8151 -0.5065
vn 0.2813 -0.8150 -0.5065
vn 0.5729 -0.3431 -0.7444
vn 0.5846 -0.3083 -0.7504
vn -0.3776 -0.8885 0.2607
vn -0.2970 -0.8534 0.4284
vn 0.0608 -0.6765 0.7339
vn -0.5946 -0.2061 0.7771
vn -0.5964 -0.1851 0.7810
vn -0.5878 -0.2062 -0.7823
vn -0.5905 -0.1829 -0.7861
vn 0.1866 0.7541 0.6297
vn 0.1138 0.7482 0.6536
vn 0.5079 0.7217 0.4703
vn 0.1866 0.7544 -0.6293
vn 0.5079 0.7217 -0.4703
vn 0.1138 0.7481 -0.6538
vn -0.2512 -0.9679 0.0037
vn -0.2554 -0.9594 -0.1199
vn 0.7061 -0.3810 -0.5968
vn 0.6693 -0.3963 -0.6285
vn 0.7077 -0.3803 -0.5954
vn -0.2513 0.6028 0.7573
vn -0.2247 0.6191 0.7525
vn 0.0079 0.7345 0.6786
vn 0.7028 -0.3307 0.6298
vn 0.7039 -0.3278 0.6301
vn 0.6511 -0.4436 0.6158
vn -0.5505 -0.8348 -0.0002
vn -0.4475 -0.8507 -0.2759
vn -0.4854 -0.8538 -0.1882
vn -0.4854 -0.8538 0.1884
vn -0.4475 -0.8505 0.2764
vn -0.6032 -0.1309 0.7868
vn -0.5351 -0.4830 0.6931
vn -0.5998 -0.1699 0.7819
vn 0.0313 -0.6900 0.7231
vn -0.3075 -0.7286 0.6120
vn 0.0313 -0.6903 -0.7228
vn 0.1673 -0.6493 -0.7419
vn -0.3075 -0.7286 -0.6120
vn 0.6071 0.2021 -0.7685
vn 0.5413 0.5094 -0.6690
vn 0.6090 0.1875 -0.7707
vn 0.6190 0.1725 0.7662
vn 0.6212 0.1440 0.7703
vn 0.5484 0.4923 0.6760
vn 0.5901 -0.1365 0.7957
vn 0.5916 -0.1073 0.7990
vn 0.5846 -0.1330 -0.8003
vn 0.5848 -0.1038 -0.8045
vn -0.6651 -0.4496 -0.5962
vn -0.7719 -0.5987 0.2141
vn -0.6650 -0.3949 0.6338
vn -0.6691 -0.3862 0.6349
vn -0.1967 0.6795 0.7068
vn -0.0869 0.7203 0.6882
vn 0.2426 0.7800 0.5769
vn -0.1967 0.6799 -0.7065
vn 0.2426 0.7800 -0.5769
vn -0.0871 0.7206 -0.6879
vn 0.5790 -0.1812 -0.7949
vn 0.5793 -0.1723 -0.7967
vn 0.5125 -0.5325 -0.6737
vn 0.6073 0.2014 -0.7686
vn 0.6656 -0.2989 -0.6838
vn 0.6702 -0.3483 -0.6554
vn 0.6090 0.1873 -0.7707
vn 0.6997 -0.6355 -0.3263
vn 0.7024 -0.6494 -0.2915
vn 0.6666 -0.3251 0.6708
vn 0.6190 0.1720 0.7663
vn 0.6702 -0.3642 0.6467
vn 0.6213 0.1438 0.7703
vn 0.6985 -0.6345 0.3309
vn 0.7013 -0.6485 0.2960
vn 0.2788 -0.7996 -0.5319
vn 0.6054 -0.2289 -0.7623
vn 0.6019 -0.2341 -0.7635
vn 0.2752 -0.8047 -0.5261
vn 0.2787 -0.7996 -0.5319
vn 0.0769 -0.9898 -0.1200
vn 0.2751 -0.8047 -0.5261
vn -0.4973 0.5842 0.6414
vn -0.2755 0.7842 0.5560
vn -0.5308 0.5374 0.6553
vn -0.2180 0.8133 0.5395
vn 0.5854 -0.1808 0.7903
vn 0.4948 -0.5756 0.6511
vn 0.5855 -0.1751 0.7916
vn -0.4675 -0.8840 -0.0002
vn -0.2970 -0.8534 -0.4284
vn -0.4676 -0.8840 -0.0002
vn -0.3776 -0.8884 -0.2610
vn -0.2971 -0.8535 0.4281
vn 0.5964 -0.2458 0.7641
vn 0.2789 -0.7998 0.5316
vn 0.5864 -0.2599 0.7672
vn 0.2749 -0.8045 0.5265
vn 0.2787 -0.7998 0.5316
vn 0.0779 -0.9893 0.1236
vn -0.6691 -0.4460 -0.5944
vn -0.6136 -0.4927 -0.6171
vn -0.6650 -0.4497 -0.5963
vn -0.6691 -0.3865 0.6348
vn -0.6649 -0.3953 0.6338
vn -0.5931 -0.5343 0.6023
vn -0.0141 0.7534 0.6574
vn -0.0142 0.7534 0.6574
vn 0.1600 0.7606 0.6292
vn 0.1479 0.7609 0.6318
vn -0.1707 0.7503 -0.6387
vn -0.1458 0.7603 -0.6331
vn 0.0892 0.8277 -0.5540
vn 0.7982 -0.6023 -0.0083
vn 0.6996 -0.6357 -0.3263
vn 0.7074 -0.7068 0.0046
vn 0.7024 -0.6495 -0.2912
vn 0.7074 -0.7068 0.0047
vn 0.6985 -0.6347 0.3307
vn 0.7014 -0.6485 0.2958
vn 0.7579 -0.6523 -0.0108
vn 0.6961 -0.4069 -0.5915
vn -0.3851 0.6295 0.6749
vn -0.2831 0.7215 0.6319
vn -0.4055 0.6106 0.6802
vn -0.2593 0.7423 0.6179
vn -0.2595 0.7426 -0.6175
vn -0.3850 0.6292 -0.6752
vn -0.4057 0.6108 -0.6799
vn -0.0355 0.7780 0.6272
vn -0.2972 0.7142 0.6338
vn -0.1939 0.7655 0.6135
vn -0.0414 0.8078 0.5880
vn -0.5905 -0.1834 -0.7860
vn -0.5878 -0.2064 -0.7823
vn -0.5179 -0.5279 -0.6732
vn -0.1939 0.7654 -0.6137
vn -0.0415 0.8076 -0.5882
vn -0.2970 0.7138 -0.6342
vn -0.0355 0.7779 -0.6274
vn 0.6974 -0.3493 0.6258
vn 0.6941 -0.3592 0.6239
vn 0.6288 -0.4953 0.5994
vn 0.6960 -0.4071 -0.5915
vn 0.6477 -0.4520 -0.6134
vn 0.7004 -0.4028 -0.5892
vn -0.2732 0.4372 0.8569
vn -0.7272 0.4427 0.5246
vn -0.8077 0.4460 0.3856
vn -0.2128 0.4733 0.8548
vn -0.5964 -0.1852 0.7810
vn -0.4988 -0.5718 0.6514
vn -0.5947 -0.2065 0.7770
vn -0.2730 0.4370 -0.8570
vn -0.7271 0.4426 -0.5249
vn -0.8076 0.4459 -0.3860
vn 0.6155 0.2256 -0.7552
vn 0.5514 0.5185 -0.6535
vn 0.6163 0.2218 -0.7557
vn -0.3789 0.6780 0.6299
vn -0.1713 0.8133 0.5561
vn -0.4090 0.6469 0.6436
vn -0.1096 0.8348 0.5395
vn 0.6281 0.1939 0.7536
vn 0.6296 0.1774 0.7564
vn 0.5590 0.5012 0.6606
vn 0.4875 0.8731 -0.0002
vn 0.3284 0.8770 -0.3507
vn 0.3893 0.8907 -0.2347
vn 0.3892 0.8906 0.2353
vn 0.4874 0.8732 -0.0002
vn 0.3283 0.8769 0.3512
vn 0.5846 -0.1331 -0.8003
vn 0.5848 -0.1040 -0.8045
vn 0.5521 -0.4137 -0.7239
vn 0.1895 0.8319 0.5217
vn -0.1939 0.7656 0.6134
vn 0.5900 -0.1369 0.7957
vn 0.5353 -0.4681 0.7031
vn 0.5917 -0.1075 0.7990
vn -0.0413 0.8076 -0.5883
vn -0.1938 0.7654 -0.6137
vn 0.1895 0.8319 -0.5216
vn -0.1844 0.7453 0.6407
vn 0.0452 0.8221 0.5676
vn -0.1697 0.7515 0.6375
vn 0.1594 0.7214 0.6739
vn -0.3710 0.6255 0.6863
vn 0.2068 0.7248 0.6572
vn -0.4385 0.6058 0.6639
vn -0.3712 0.6256 0.6861
vn -0.4387 0.6057 0.6638
vn -0.7394 0.4528 0.4983
vn 0.5497 0.7672 0.3304
vn 0.2073 0.7248 0.6571
vn 0.5698 0.7725 0.2804
vn 0.1595 0.7214 0.6739
vn 0.2569 -0.6024 -0.7557
vn -0.3367 -0.7479 -0.5721
vn -0.3388 -0.7480 -0.5708
vn 0.2454 -0.6048 -0.7576
vn -0.6192 -0.7581 -0.2047
vn -0.6203 -0.7582 -0.2009
vn 0.1594 0.7212 -0.6741
vn -0.3710 0.6259 -0.6860
vn -0.4385 0.6056 -0.6641
vn 0.2071 0.7250 -0.6568
vn -0.3713 0.6258 -0.6859
vn -0.7392 0.4526 -0.4987
vn -0.4386 0.6056 -0.6640
vn 0.5497 0.7671 -0.3307
vn 0.2072 0.7251 -0.6568
vn 0.1595 0.7212 -0.6741
vn 0.5697 0.7725 -0.2806
vn -0.0537 0.6579 0.7512
vn -0.3442 0.4603 0.8183
vn -0.3794 0.4394 0.8142
vn -0.0858 0.6288 0.7728
vn 0.0560 0.7451 0.6646
vn -0.2750 0.4710 -0.8382
vn -0.0537 0.6582 -0.7509
vn -0.3037 0.4480 -0.8409
vn -0.0858 0.6290 -0.7726
vn 0.0560 0.7451 -0.6646
vn -0.0354 0.7780 -0.6273
vn -0.2973 0.7138 -0.6341
vn 0.3891 0.8907 -0.2349
vn -0.7584 -0.6517 -0.0098
vn -0.7584 -0.6517 -0.0079
vn -0.5989 -0.1324 -0.7898
vn -0.5998 -0.0897 -0.7951
vn -0.5998 -0.0901 -0.7951
vn -0.5989 -0.1326 -0.7898
vn -0.5760 -0.3526 -0.7375
vn -0.6037 -0.1404 0.7848
vn -0.6064 -0.0928 0.7897
vn -0.6064 -0.0930 0.7897
vn -0.5594 -0.4113 0.7196
vn -0.6037 -0.1408 0.7847
vn 0.3891 0.8906 0.2354
vn 0.3283 0.8768 0.3514
vn -0.0351 0.7781 0.6272
vn -0.4116 0.5570 0.7214
vn -0.1000 0.6714 0.7343
vn 0.2279 0.8521 0.4711
vn 0.3334 0.9036 0.2690
vn -0.6775 -0.4238 -0.6011
vn -0.6372 -0.4390 -0.6335
vn -0.6755 -0.4246 -0.6029
vn -0.0995 0.6713 -0.7345
vn 0.2279 0.8524 -0.4706
vn 0.3334 0.9036 -0.2691
vn -0.4115 0.5569 -0.7215
vn 0.5940 -0.0927 0.7991
vn 0.5947 -0.0507 0.8023
vn 0.5891 -0.0842 -0.8037
vn 0.5878 -0.0473 -0.8076
vn -0.7205 -0.6764 0.1527
vn -0.6756 -0.4244 -0.6029
vn -0.6757 -0.3662 0.6397
vn -0.6747 -0.3682 0.6397
vn -0.6174 -0.4845 0.6197
vn -0.7202 -0.6763 -0.1545
vn -0.6748 -0.3680 0.6397
vn 0.7074 -0.7067 0.0106
vn 0.6913 -0.6825 0.2373
vn 0.6917 -0.6838 0.2325
vn 0.7073 -0.7068 0.0125
vn 0.6928 -0.6847 -0.2261
vn 0.7073 -0.7068 0.0105
vn 0.6938 -0.6857 -0.2203
vn 0.7073 -0.7068 0.0124
vn 0.6155 0.2252 -0.7552
vn 0.7222 -0.3729 -0.5826
vn 0.7247 -0.4001 -0.5610
vn 0.6164 0.2214 -0.7557
vn 0.6937 -0.6857 -0.2203
vn 0.7251 -0.3270 -0.6060
vn 0.7075 -0.2672 -0.6542
vn 0.7241 -0.3241 -0.6088
vn 0.7210 -0.4004 0.5655
vn 0.6281 0.1936 0.7536
vn 0.7215 -0.4168 0.5529
vn 0.6296 0.1772 0.7564
vn 0.6917 -0.6837 0.2326
vn 0.7192 -0.2717 0.6395
vn 0.7177 -0.2749 0.6398
vn 0.6929 -0.3213 0.6455
vn 0.0095 0.5920 0.8059
vn -0.3827 0.4811 0.7887
vn -0.3779 0.4821 0.7904
vn -0.5828 0.4275 0.6911
vn 0.0095 0.5922 -0.8057
vn -0.3827 0.4810 -0.7888
vn -0.3777 0.4820 -0.7906
vn -0.5828 0.4276 -0.6911
vn 0.1025 0.6175 -0.7798
vn 0.6165 0.2200 -0.7560
vn 0.5579 0.5037 -0.6596
vn 0.6179 0.2121 -0.7571
vn 0.6187 0.2152 0.7556
vn 0.6196 0.2063 0.7573
vn 0.5579 0.5037 0.6596
vn 0.5891 -0.0844 -0.8037
vn 0.5878 -0.0475 -0.8076
vn 0.5796 -0.2979 -0.7585
vn 0.7252 -0.3270 -0.6060
vn 0.5940 -0.0929 0.7991
vn 0.5659 -0.3605 0.7414
vn 0.5948 -0.0510 0.8023
vn 0.7177 -0.2747 0.6398
vn 0.7192 -0.2715 0.6395
vn 0.6088 0.2117 -0.7645
vn 0.5125 0.5727 -0.6398
vn 0.6101 0.2070 -0.7648
vn -0.6008 -0.1666 0.7818
vn -0.6035 -0.1269 0.7872
vn 0.2092 0.9727 0.1001
vn 0.2100 0.9775 -0.0197
vn 0.2099 0.9775 -0.0216
vn 0.2092 0.9726 0.1011
vn 0.2100 0.9775 -0.0216
vn 0.2131 0.9705 -0.1131
vn 0.7045 0.6918 0.1586
vn 0.6955 0.7185 -0.0012
vn 0.7040 0.6953 0.1449
vn 0.7043 0.6916 -0.1599
vn 0.7039 0.6953 -0.1453
vn 0.6059 0.2078 0.7679
vn 0.6073 0.1960 0.7699
vn 0.5353 0.5231 0.6632
vn 0.6733 -0.2596 0.6923
vn 0.6187 0.2146 0.7557
vn 0.6775 -0.3109 0.6666
vn 0.6197 0.2060 0.7573
vn 0.7111 -0.6254 0.3213
vn 0.7129 -0.6375 0.2923
vn 0.6165 0.2197 -0.7561
vn 0.6842 -0.2767 -0.6748
vn 0.6892 -0.3284 -0.6459
vn 0.6180 0.2120 -0.7571
vn 0.7105 -0.6391 -0.2944
vn 0.7121 -0.6472 -0.2720
vn -0.5630 0.3461 0.7505
vn -0.4903 0.4919 0.7195
vn -0.5638 0.3431 0.7513
vn -0.4534 0.5477 -0.7032
vn -0.5633 0.3463 -0.7502
vn -0.4902 0.4917 -0.7197
vn -0.5640 0.3432 -0.7510
vn 0.7127 0.3344 -0.6166
vn 0.7197 0.3092 -0.6216
vn 0.6534 0.4986 -0.5697
vn -0.6917 -0.3823 -0.6127
vn -0.6724 -0.3420 -0.6564
vn -0.6927 -0.3834 -0.6109
vn -0.6877 -0.3267 0.6483
vn -0.6897 -0.3228 0.6482
vn -0.6551 -0.3937 0.6449
vn 0.5857 -0.1779 0.7908
vn 0.5860 -0.1700 0.7923
vn -0.3438 0.6191 0.7061
vn -0.1839 0.7326 0.6553
vn 0.0915 0.8534 0.5131
vn -0.3437 0.6189 -0.7063
vn 0.0918 0.8532 -0.5134
vn -0.1840 0.7330 -0.6549
vn -0.4057 0.6105 0.6802
vn -0.4492 0.5668 0.6906
vn -0.3851 0.6293 0.6750
vn -0.4494 0.5667 0.6906
vn -0.4492 0.5666 -0.6908
vn -0.4058 0.6108 -0.6799
vn -0.7204 -0.6766 0.1527
vn -0.5951 -0.1621 -0.7871
vn -0.5972 -0.1236 -0.7925
vn -0.5972 -0.1240 -0.7925
vn -0.5950 -0.1631 -0.7870
vn -0.5560 -0.4223 -0.7159
vn 0.5793 -0.1780 -0.7954
vn 0.5799 -0.1671 -0.7973
vn 0.7045 0.6918 0.1587
vn 0.7040 0.6953 0.1450
vn 0.7637 0.3789 0.5227
vn 0.7575 0.4459 0.4769
vn 0.7206 0.2789 0.6348
vn 0.7637 0.3787 0.5227
vn 0.7575 0.4457 0.4770
vn 0.7229 0.2662 0.6376
vn 0.6605 0.4841 0.5739
vn 0.7228 0.2664 0.6376
vn -0.6035 -0.1270 0.7872
vn -0.5380 -0.4756 0.6960
vn -0.6008 -0.1668 0.7818
vn 0.7539 0.4300 -0.4967
vn 0.7496 0.4697 -0.4664
vn 0.7043 0.6916 -0.1604
vn 0.7128 0.3342 -0.6166
vn 0.7198 0.3090 -0.6217
vn -0.5985 -0.0584 0.7990
vn -0.5638 0.3430 0.7513
vn -0.5958 -0.1062 0.7961
vn -0.5630 0.3460 0.7505
vn 0.5856 -0.1780 0.7908
vn 0.4977 -0.5688 0.6548
vn 0.5860 -0.1701 0.7923
vn -0.6927 -0.3833 -0.6109
vn -0.5987 -0.0584 -0.7988
vn -0.5962 -0.1062 -0.7958
vn 0.5793 -0.1781 -0.7954
vn 0.5799 -0.1674 -0.7973
vn 0.5154 -0.5250 -0.6773
vn -0.6877 -0.3266 0.6484
vn 0.7105 -0.6393 -0.2941
vn 0.7074 -0.7068 -0.0012
vn 0.7121 -0.6473 -0.2719
vn 0.7074 -0.7068 -0.0022
vn 0.7110 -0.6256 0.3211
vn 0.7129 -0.6376 0.2920
vn 0.7074 -0.7068 -0.0021
vn 0.7076 -0.3775 -0.5973
vn 0.6716 -0.3892 -0.6305
vn 0.7090 -0.3771 -0.5959
vn 0.7036 -0.3269 0.6309
vn 0.7046 -0.3249 0.6309
vn 0.6539 -0.4366 0.6179
vn 0.6782 0.7323 0.0621
vn 0.6955 0.7185 -0.0021
vn 0.6776 0.7327 0.0631
vn 0.6781 0.7321 -0.0644
vn 0.6775 0.7326 -0.0654
vn 0.7076 -0.3774 -0.5973
vn 0.7884 -0.6092 0.0854
vn 0.7046 -0.3248 0.6309
vn 0.7037 -0.3266 0.6309
vn 0.6088 0.2115 -0.7646
vn 0.7176 -0.4375 -0.5419
vn 0.7186 -0.4433 -0.5359
vn 0.6102 0.2068 -0.7648
vn 0.6974 -0.7032 -0.1385
vn -0.6678 -0.3893 0.6345
vn -0.6638 -0.3989 0.6327
vn -0.5900 -0.5403 0.6000
vn -0.6677 -0.4486 -0.5941
vn -0.6105 -0.4991 -0.6149
vn -0.6639 -0.4526 -0.5953
vn -0.6267 0.2553 0.7363
vn -0.6264 0.2556 0.7365
vn -0.5991 -0.2730 0.7527
vn -0.5971 -0.2797 0.7518
vn 0.7226 -0.4283 0.5426
vn 0.6059 0.2075 0.7680
vn 0.7233 -0.4382 0.5336
vn 0.6074 0.1959 0.7699
vn 0.6956 -0.7062 0.1323
vn 0.6957 -0.7063 0.1313
vn -0.6263 0.2554 -0.7365
vn -0.5990 -0.2729 -0.7528
vn -0.5968 -0.2797 -0.7520
vn -0.6264 0.2553 -0.7365
vn 0.7755 0.4874 -0.4013
vn 0.7730 0.5009 -0.3894
vn 0.7729 0.5008 -0.3896
vn 0.7302 0.3101 -0.6088
vn 0.7755 0.4873 -0.4014
vn 0.7361 0.2852 -0.6138
vn 0.7301 0.3105 -0.6088
vn 0.7360 0.2855 -0.6138
vn 0.6620 0.5056 -0.5534
vn 0.7054 -0.7088 0.0037
vn 0.6956 -0.7062 0.1322
vn -0.3038 0.4479 -0.8409
vn -0.6734 0.2946 -0.6780
vn -0.2750 0.4709 -0.8382
vn -0.6947 0.2870 -0.6596
vn -0.9503 0.1885 -0.2476
vn -0.9446 0.1896 -0.2680
vn 0.7867 0.4608 0.4109
vn 0.7886 0.4488 0.4204
vn 0.7382 0.2492 0.6269
vn 0.7867 0.4607 0.4109
vn 0.7386 0.2445 0.6282
vn 0.7381 0.2493 0.6269
vn 0.6694 0.4909 0.5576
vn 0.7386 0.2448 0.6282
vn 0.5773 -0.3274 0.7480
vn 0.4963 -0.5015 0.7086
vn 0.5805 -0.3179 0.7497
vn 0.5191 -0.4504 0.7264
vn 0.4965 -0.5018 -0.7083
vn 0.5189 -0.4503 -0.7266
vn 0.5773 -0.3273 -0.7480
vn 0.5808 -0.3184 -0.7492
vn -0.6168 0.3784 0.6902
vn -0.5310 0.5372 0.6553
vn -0.6177 0.3754 0.6911
vn -0.4974 0.5840 0.6415
vn -0.1274 0.8180 -0.5609
vn 0.1196 0.9410 -0.3167
vn 0.1608 0.9577 -0.2387
vn -0.4717 0.5200 -0.7121
vn 0.1197 0.9410 -0.3166
vn 0.1609 0.9577 -0.2387
vn -0.4718 0.5199 -0.7121
vn -0.1275 0.8180 -0.5609
vn -0.1841 0.7330 -0.6549
vn -0.1734 -0.9638 0.2024
vn -0.1735 -0.9638 0.2024
vn -0.1736 -0.9638 0.2024
vn -0.1733 -0.9638 0.2025
vn -0.4973 0.5839 -0.6417
vn -0.6167 0.3782 -0.6904
vn -0.5308 0.5372 -0.6555
vn -0.6179 0.3755 -0.6908
vn -0.1735 -0.9637 -0.2028
vn -0.1734 -0.9637 -0.2028
vn -0.1823 0.6842 0.7061
vn -0.6036 0.5447 0.5822
vn -0.3014 0.6606 0.6876
vn -0.0467 0.7049 0.7078
vn -0.4061 0.6517 0.6406
vn -0.1968 0.6795 0.7068
vn -0.4116 0.5571 0.7213
vn -0.0871 0.7203 0.6882
vn -0.1823 0.6840 -0.7063
vn -0.3012 0.6605 -0.6878
vn -0.6036 0.5447 -0.5822
vn -0.0468 0.7054 -0.7073
vn -0.4061 0.6515 -0.6408
vn -0.3795 0.4394 0.8142
vn -0.7467 0.2686 0.6085
vn -0.7538 0.2656 0.6010
vn -0.9530 0.1816 0.2424
vn -0.9471 0.1827 0.2637
vn -0.1969 0.6797 -0.7065
vn -0.4114 0.5568 -0.7216
vn -0.1001 0.6712 -0.7345
vn -0.0874 0.7205 -0.6879
vn -0.5636 -0.8165 -0.1258
vn -0.5753 -0.8179 0.0037
vn -0.5643 -0.8161 -0.1248
vn -0.5639 -0.8158 0.1284
vn -0.5638 -0.8157 0.1294
vn -0.7418 -0.6515 -0.1590
vn -0.6641 -0.4523 -0.5953
vn -0.6638 -0.3987 0.6328
vn -0.6678 -0.3890 0.6346
vn -0.5041 0.4671 0.7264
vn -0.1951 0.7424 0.6409
vn 0.0534 0.9111 0.4087
vn 0.1318 0.9508 0.2804
vn -0.5041 0.4672 0.7264
vn -0.3438 0.6190 0.7061
vn -0.1952 0.7422 0.6411
vn -0.1840 0.7328 0.6551
vn 0.0535 0.9112 0.4086
vn 0.1327 0.9506 0.2805
vn 0.2092 0.9727 0.1002
vn 0.6634 0.3024 0.6845
vn 0.5875 0.4324 0.6840
vn 0.6703 0.2898 0.6832
vn 0.6633 0.3055 -0.6831
vn 0.6694 0.2928 -0.6828
vn 0.5875 0.4324 -0.6840
vn 0.7039 0.7023 0.1059
vn 0.6950 0.7190 0.0008
vn 0.7048 0.6983 0.1254
vn 0.7041 0.7046 -0.0879
vn 0.7073 0.6949 -0.1297
vn -0.6653 -0.0403 0.7455
vn -0.6608 -0.1201 0.7409
vn -0.6169 0.3783 0.6902
vn -0.6657 -0.0403 -0.7452
vn -0.6607 -0.1200 -0.7410
vn -0.7271 0.4425 -0.5249
vn -0.8076 0.4459 -0.3859
vn -0.9157 0.4019 -0.0002
vn -0.9157 0.4020 -0.0002
vn -0.7945 0.5807 -0.1774
vn -0.5260 0.6542 -0.5434
vn -0.5320 0.6532 -0.5388
vn 0.0946 0.6644 -0.7413
vn 0.0777 0.6631 -0.7445
vn -0.6351 -0.5470 -0.5454
vn -0.5635 -0.8165 -0.1258
vn -0.6338 -0.5607 -0.5329
vn -0.6287 0.1047 -0.7705
vn -0.6338 -0.5606 -0.5329
vn -0.6352 -0.5469 -0.5454
vn -0.6270 0.0884 -0.7740
vn 0.6947 -0.3582 0.6238
vn 0.6888 -0.3722 0.6221
vn 0.6178 -0.5185 0.5912
vn 0.6913 -0.4195 -0.5883
vn 0.6912 -0.4197 -0.5883
vn 0.6366 -0.4772 -0.6058
vn 0.6969 -0.4129 -0.5864
vn -0.5637 -0.8157 0.1294
vn -0.6353 -0.5470 0.5452
vn -0.5638 -0.8158 0.1284
vn -0.6336 -0.5605 0.5333
vn -0.6337 -0.5603 0.5334
vn -0.6288 0.0855 0.7728
vn -0.6260 0.0601 0.7775
vn 0.6384 0.1135 0.7613
vn 0.4963 -0.5016 0.7086
vn 0.5191 -0.4502 0.7265
vn 0.6384 0.1135 -0.7613
vn -0.6746 -0.3683 0.6397
vn -0.6738 -0.3712 0.6389
vn -0.6145 -0.4907 0.6177
vn -0.6761 -0.4265 -0.6008
vn -0.6344 -0.4456 -0.6316
vn -0.6744 -0.4275 -0.6020
vn -0.5629 0.4758 0.6758
vn -0.4090 0.6468 0.6437
vn -0.5608 0.4787 0.6755
vn -0.3789 0.6778 -0.6301
vn -0.5627 0.4758 -0.6760
vn -0.4092 0.6471 -0.6433
vn -0.5607 0.4786 -0.6757
vn 0.5511 -0.3371 0.7633
vn 0.4231 -0.5192 0.7426
vn 0.6495 -0.0042 0.7603
vn 0.6496 -0.0051 0.7603
vn 0.6496 -0.0042 0.7603
vn 0.5805 -0.3182 0.7495
vn 0.6885 0.7252 0.0076
vn 0.6498 0.7521 0.1099
vn 0.6372 0.7630 0.1088
vn 0.6885 0.7252 0.0066
vn 0.6493 -0.0041 -0.7605
vn 0.5772 -0.3273 -0.7482
vn 0.6494 -0.0051 -0.7605
vn 0.6493 -0.0043 -0.7605
vn 0.6494 0.7527 -0.1083
vn 0.6343 0.7649 -0.1122
vn 0.5966 -0.2457 0.7640
vn 0.5865 -0.2597 0.7672
vn 0.7415 0.0236 0.6705
vn -0.7938 0.5800 0.1830
vn -0.5491 0.6475 0.5284
vn -0.7939 0.5801 0.1820
vn -0.5465 0.6479 0.5306
vn 0.0634 0.6703 0.7393
vn 0.0324 0.6678 0.7436
vn -0.6422 -0.7665 0.0047
vn -0.6192 -0.7569 0.2092
vn -0.6423 -0.7665 0.0047
vn -0.6191 -0.7578 0.2062
vn -0.6190 -0.7578 0.2062
vn -0.3608 -0.7481 0.5570
vn -0.3544 -0.7476 0.5617
vn 0.2285 -0.6163 0.7536
vn 0.2034 -0.6213 0.7568
vn 0.7441 0.4817 -0.4630
vn 0.7431 0.4960 -0.4491
vn 0.7074 0.6948 -0.1299
vn 0.6694 0.2927 -0.6828
vn 0.6635 0.3052 -0.6831
vn -0.6074 0.4108 0.6800
vn -0.6073 0.4108 0.6800
vn 0.7039 0.7023 0.1060
vn 0.7048 0.6982 0.1254
vn 0.7443 0.4982 0.4448
vn 0.7444 0.4962 0.4469
vn 0.6634 0.3022 0.6845
vn -0.6074 0.4108 -0.6800
vn -0.6074 0.4107 -0.6800
vn -0.6073 0.4108 -0.6800
vn 0.6055 -0.2287 -0.7623
vn 0.7562 0.0739 -0.6502
vn 0.6021 -0.2338 -0.7635
vn -0.6270 0.0886 -0.7740
vn -0.6183 0.4222 -0.6628
vn -0.6288 0.1052 -0.7704
vn -0.6260 0.0604 0.7775
vn -0.6288 0.0856 0.7728
vn -0.6284 0.3738 0.6822
vn -0.9850 0.1716 0.0203
vn -0.9850 0.1716 0.0174
vn -0.9531 0.1814 0.2423
vn -0.9472 0.1827 0.2636
vn -0.5958 -0.1060 0.7961
vn -0.5971 -0.2798 0.7518
vn -0.5989 -0.2729 -0.7529
vn -0.5988 -0.0585 -0.7988
vn -0.5969 -0.2797 -0.7520
vn -0.5961 -0.1061 -0.7959
vn -0.9447 0.1895 -0.2678
vn -0.9504 0.1885 -0.2475
vn -0.9850 0.1716 0.0173
vn 0.5509 -0.3371 -0.7635
vn 0.4231 -0.5192 -0.7426
vn 0.6301 -0.1257 -0.7663
vn -0.6836 0.2786 0.6746
vn -0.6591 -0.2868 0.6952
vn -0.6554 -0.3002 0.6930
vn -0.6832 0.2788 -0.6749
vn -0.6589 -0.2867 -0.6954
vn -0.6557 -0.3003 -0.6927
vn -0.6834 0.2785 -0.6748
vn 0.7185 -0.2756 0.6386
vn 0.7166 -0.2786 0.6395
vn 0.6908 -0.3297 0.6435
vn 0.7239 -0.3307 -0.6055
vn 0.7053 -0.2762 -0.6528
vn 0.7232 -0.3280 -0.6078
vn -0.5242 0.3992 -0.7522
vn -0.3157 0.7108 -0.6286
vn -0.5196 0.4091 -0.7501
vn -0.7153 -0.6987 -0.0078
vn -0.6745 -0.4274 -0.6020
vn -0.7202 -0.6764 -0.1544
vn -0.6739 -0.3710 0.6389
vn 0.7271 0.2762 0.6286
vn 0.6884 0.4220 0.5900
vn 0.7287 0.2687 0.6299
vn 0.7799 0.5334 -0.3274
vn 0.7744 0.5565 -0.3011
vn 0.6496 0.7523 0.1100
vn 0.7743 0.5567 -0.3011
vn 0.7226 0.2711 -0.6359
vn 0.7799 0.5335 -0.3274
vn 0.7240 0.2624 -0.6380
vn 0.7226 0.2712 -0.6359
vn 0.7239 0.2625 -0.6380
vn 0.6664 0.4718 -0.5774
vn 0.7694 0.5604 0.3066
vn 0.7594 0.5951 0.2628
vn 0.6493 0.7527 -0.1085
vn 0.7271 0.2760 0.6286
vn 0.7593 0.5953 0.2628
vn 0.7288 0.2685 0.6299
vn -0.5258 0.3886 0.7567
vn -0.5184 0.4044 0.7535
vn -0.3536 0.6718 0.6509
vn 0.7818 -0.6029 -0.1589
vn 0.7166 -0.2785 0.6395
vn -0.6607 -0.1199 0.7410
vn -0.6554 -0.3003 0.6930
vn -0.6654 -0.0401 0.7454
vn -0.6592 -0.2867 0.6952
vn -0.6607 -0.1199 -0.7410
vn -0.6589 -0.2866 -0.6955
vn -0.6657 -0.0402 -0.7452
vn 0.6557 0.1335 0.7431
vn 0.5526 0.5663 0.6115
vn 0.6518 0.1791 0.7369
vn 0.6555 0.1334 -0.7433
vn 0.6522 0.1792 -0.7366
vn 0.5526 0.5663 -0.6115
vn -0.3892 0.7715 0.5034
vn -0.7210 0.6503 0.2393
vn -0.7412 0.6450 0.1859
vn -0.1417 0.8110 0.5676
vn -0.3888 0.7715 0.5035
vn -0.1204 0.8090 0.5754
vn -0.1419 0.8109 0.5677
vn -0.2570 0.7953 0.5490
vn -0.4622 0.7417 0.4861
vn -0.7208 0.6503 -0.2397
vn -0.3891 0.7713 -0.5037
vn -0.7413 0.6450 -0.1854
vn -0.1416 0.8109 -0.5678
vn -0.3889 0.7713 -0.5038
vn -0.1419 0.8109 -0.5678
vn -0.1204 0.8088 -0.5757
vn -0.2570 0.7951 -0.5493
vn -0.4622 0.7417 -0.4861
vn -0.0465 0.7053 -0.7074
vn -0.7861 0.5701 -0.2388
vn -0.7416 0.5756 0.3445
vn -0.7861 0.5702 0.2384
vn -0.4062 0.6517 0.6405
vn -0.1460 0.7601 -0.6332
vn -0.1710 0.7502 -0.6387
vn 0.0063 0.9495 -0.3136
vn -0.0149 0.9406 -0.3392
vn -0.1848 0.7453 0.6407
vn -0.1701 0.7514 0.6375
vn 0.0063 0.9496 0.3133
vn -0.0148 0.9404 0.3398
vn 0.7290 -0.2655 0.6309
vn 0.8138 -0.0832 0.5752
vn 0.7251 -0.2723 0.6326
vn 0.9495 -0.0756 0.3047
vn 0.7289 -0.2655 0.6310
vn 0.7249 -0.2726 0.6326
vn 0.9365 -0.1014 0.3358
vn 0.7400 -0.2418 -0.6276
vn 0.7315 -0.2575 -0.6313
vn 0.8254 -0.0366 -0.5633
vn 0.7400 -0.2419 -0.6276
vn 0.9494 -0.0755 -0.3050
vn 0.7315 -0.2577 -0.6313
vn 0.9367 -0.1014 -0.3352
vn -0.6422 -0.7665 0.0046
vn -0.6203 -0.7582 -0.2008
vn 0.6524 0.1646 0.7398
vn 0.5600 0.5593 0.6112
vn 0.6498 0.1957 0.7345
vn -0.3865 -0.8315 0.3990
vn -0.3866 -0.8317 -0.3985
vn 0.6528 0.1646 -0.7395
vn 0.6496 0.1956 -0.7347
vn 0.5600 0.5593 -0.6112
vn -0.8379 0.5459 -0.0002
vn -0.7416 0.5756 -0.3447
vn -0.7862 0.5701 -0.2387
vn -0.7417 0.5756 0.3444
vn -0.7862 0.5702 0.2382
vn -0.6224 0.3967 0.6747
vn -0.5609 0.4786 0.6755
vn 0.6630 -0.3547 0.6593
vn 0.7043 -0.6259 0.3350
vn 0.6976 -0.6034 0.3863
vn 0.6631 -0.3340 0.6699
vn 0.6519 0.1788 0.7369
vn 0.6558 0.1332 0.7431
vn 0.7045 -0.6260 -0.3345
vn 0.6628 -0.3546 -0.6595
vn 0.6977 -0.6036 -0.3858
vn 0.6630 -0.3339 -0.6701
vn 0.6522 0.1790 -0.7366
vn 0.6556 0.1331 -0.7433
vn -0.5608 0.4785 -0.6757
vn -0.6227 0.3968 -0.6744
vn -0.8508 0.4090 0.3299
vn -0.7627 0.6387 -0.1015
vn -0.7719 0.6274 -0.1026
vn -0.8509 0.4006 0.3398
vn -0.7616 0.6386 0.1099
vn -0.8507 0.4090 -0.3302
vn -0.7707 0.6272 0.1129
vn -0.8511 0.4007 -0.3393
vn -0.7296 0.1502 -0.6672
vn -0.7303 0.1423 -0.6681
vn -0.8506 0.4092 -0.3302
vn -0.8511 0.4006 -0.3393
vn -0.8508 0.4091 0.3299
vn -0.7314 0.1248 0.6704
vn -0.7319 0.1255 0.6698
vn -0.7303 0.1427 -0.6680
vn -0.7296 0.1507 -0.6671
vn -0.7108 0.3665 -0.6003
vn 0.6248 -0.2222 0.7485
vn 0.6209 -0.1610 0.7672
vn 0.5845 0.2459 0.7732
vn 0.5859 0.2242 0.7787
vn 0.5859 0.2246 0.7786
vn 0.5390 0.4948 0.6817
vn 0.5845 0.2463 0.7731
vn 0.5843 0.2458 -0.7734
vn 0.6207 -0.1610 -0.7673
vn 0.6246 -0.2222 -0.7486
vn 0.5858 0.2243 -0.7788
vn 0.5857 0.2245 -0.7788
vn 0.5843 0.2460 -0.7734
vn 0.5385 0.4952 -0.6818
vn -0.5974 -0.6578 0.4586
vn -0.5974 -0.6579 0.4586
vn -0.7318 0.1260 0.6698
vn -0.7218 0.3213 0.6130
vn -0.7314 0.1250 0.6704
vn -0.5973 -0.6578 -0.4589
vn -0.5973 -0.6577 -0.4589
vn 0.6706 -0.3496 0.6543
vn 0.7076 -0.6298 0.3204
vn 0.7010 -0.6067 0.3749
vn 0.6705 -0.3231 0.6679
vn 0.6706 -0.3493 0.6544
vn 0.6705 -0.3229 0.6680
vn 0.6498 0.1955 0.7345
vn 0.6525 0.1641 0.7398
vn 0.7075 -0.6298 -0.3207
vn 0.6704 -0.3494 -0.6546
vn 0.7009 -0.6066 -0.3752
vn 0.6703 -0.3230 -0.6681
vn 0.6496 0.1953 -0.7348
vn 0.6527 0.1640 -0.7396
vn 0.6209 -0.1612 0.7671
vn 0.6248 -0.2226 0.7484
vn 0.7036 -0.5574 0.4407
vn 0.7137 -0.5941 0.3709
vn 0.6247 -0.2223 -0.7486
vn 0.7038 -0.5575 -0.4403
vn 0.7139 -0.5943 -0.3702
vn 0.6207 -0.1611 -0.7673
vn 0.7176 -0.6965 -0.0001
vn 0.7175 -0.6966 0.0002
vn 0.6975 -0.6036 0.3862
vn 0.7044 -0.6259 0.3347
vn 0.7045 -0.6261 -0.3342
vn 0.6977 -0.6038 -0.3856
vn 0.7176 -0.6965 -0.0002
vn 0.7176 -0.6965 -0.0003
vn 0.6360 0.1006 0.7651
vn 0.5481 0.5167 0.6577
vn 0.6325 0.1473 0.7604
vn 0.6364 0.1007 -0.7648
vn 0.6323 0.1472 -0.7606
vn 0.5481 0.5167 -0.6577
vn -0.8037 0.5949 0.0086
vn -0.7707 0.6272 0.1128
vn -0.8038 0.5949 0.0076
vn -0.7617 0.6386 0.1099
vn -0.7628 0.6387 -0.1015
vn -0.8037 0.5950 0.0086
vn -0.7720 0.6273 -0.1025
vn -0.8037 0.5950 0.0076
vn 0.9804 0.1731 -0.0937
vn 0.9365 -0.1012 0.3358
vn 0.9494 -0.0756 0.3047
vn 0.9828 0.1584 -0.0947
vn 0.9367 -0.1014 -0.3351
vn 0.9794 0.1740 0.1021
vn 0.9493 -0.0756 -0.3050
vn 0.9819 0.1585 0.1040
vn 0.9936 0.1130 0.0076
vn 0.9819 0.1583 0.1040
vn 0.9936 0.1130 0.0068
vn 0.9828 0.1585 -0.0946
vn 0.9805 0.1730 -0.0937
vn 0.9936 0.1130 0.0066
vn -0.7831 0.6219 -0.0002
vn -0.7209 0.6503 -0.2397
vn -0.7414 0.6450 -0.1852
vn -0.7209 0.6504 0.2393
vn -0.7413 0.6449 0.1858
vn -0.6692 0.3478 0.6566
vn -0.6693 0.3480 0.6564
vn -0.6692 0.3479 0.6566
vn -0.6695 0.3483 0.6561
vn -0.6692 0.3478 -0.6567
vn -0.6693 0.3485 -0.6562
vn -0.6692 0.3478 -0.6566
vn -0.6692 0.3479 -0.6566
vn -0.4029 0.9152 0.0076
vn -0.3575 0.9273 0.1108
vn -0.4029 0.9152 0.0077
vn -0.3431 0.9330 0.1089
vn -0.3392 0.9339 -0.1132
vn -0.3575 0.9275 -0.1093
vn 0.7213 -0.6926 -0.0001
vn 0.7213 -0.6926 -0.0002
vn 0.7010 -0.6067 0.3748
vn 0.7076 -0.6299 0.3202
vn 0.7075 -0.6298 -0.3206
vn 0.7009 -0.6066 -0.3751
vn 0.7213 -0.6926 -0.0004
vn 0.7213 -0.6926 -0.0005
vn 0.6891 0.0937 0.7186
vn 0.6021 0.5194 0.6064
vn 0.6853 0.1491 0.7128
vn 0.6975 0.7166 -0.0002
vn 0.6894 0.6938 0.2081
vn 0.6883 0.6875 0.2317
vn 0.6890 0.0937 -0.7187
vn 0.6851 0.1491 -0.7130
vn 0.6021 0.5190 -0.6067
vn 0.6893 0.6938 -0.2085
vn 0.6975 0.7166 -0.0005
vn 0.6881 0.6875 -0.2321
vn 0.7087 0.5337 0.4614
vn 0.7106 0.5125 0.4820
vn 0.6894 0.6938 0.2083
vn 0.6857 0.3597 0.6329
vn 0.6834 0.3673 0.6309
vn 0.6554 0.4346 0.6177
vn 0.6544 0.2474 0.7145
vn 0.6579 0.2261 0.7183
vn 0.6054 0.4449 0.6600
vn 0.6893 0.6938 -0.2086
vn 0.6881 0.6874 -0.2321
vn 0.7086 0.5336 -0.4617
vn 0.7105 0.5125 -0.4822
vn 0.6860 0.3598 -0.6325
vn 0.6832 0.3672 -0.6311
vn 0.6554 0.4346 -0.6177
vn 0.6546 0.2475 -0.7143
vn 0.6054 0.4449 -0.6600
vn 0.6582 0.2261 -0.7181
vn 0.6801 -0.3697 0.6330
vn 0.7021 -0.6389 0.3145
vn 0.6980 -0.6200 0.3582
vn 0.6806 -0.3570 0.6398
vn 0.7020 -0.6388 -0.3148
vn 0.6800 -0.3697 -0.6332
vn 0.6982 -0.6201 -0.3577
vn 0.6805 -0.3569 -0.6400
vn 0.6440 -0.3730 0.6680
vn 0.6902 -0.6410 0.3358
vn 0.6824 -0.6156 0.3942
vn 0.6436 -0.3473 0.6820
vn 0.6441 -0.3727 0.6680
vn 0.6436 -0.3471 0.6821
vn 0.6326 0.1471 0.7604
vn 0.6361 0.1003 0.7651
vn 0.6903 -0.6411 -0.3353
vn 0.6439 -0.3728 -0.6682
vn 0.6825 -0.6158 -0.3937
vn 0.6439 -0.3473 -0.6817
vn 0.6827 0.6946 0.2268
vn 0.6844 0.7005 0.2024
vn 0.7069 0.5319 0.4663
vn 0.7095 0.4986 0.4980
vn 0.6324 0.1471 -0.7605
vn 0.6439 -0.3471 -0.6818
vn 0.6439 -0.3726 -0.6682
vn 0.6364 0.1005 -0.7648
vn 0.6844 0.7006 -0.2018
vn 0.6826 0.6946 -0.2272
vn 0.7068 0.5318 -0.4666
vn 0.7097 0.4987 -0.4976
vn 0.7069 0.5318 0.4664
vn 0.6844 0.3098 0.6600
vn 0.7095 0.4984 0.4981
vn 0.6849 0.3080 0.6604
vn 0.6698 0.3471 0.6564
vn 0.6842 0.3097 -0.6603
vn 0.7097 0.4985 -0.4978
vn 0.6847 0.3080 -0.6606
vn 0.7068 0.5317 -0.4666
vn 0.6698 0.3472 -0.6564
vn 0.6842 0.3098 -0.6603
vn 0.7185 -0.6955 -0.0000
vn 0.7185 -0.6955 -0.0001
vn 0.7036 -0.5575 0.4407
vn 0.7138 -0.5942 0.3707
vn 0.7139 -0.5944 -0.3702
vn 0.7037 -0.5577 -0.4402
vn 0.7185 -0.6955 -0.0002
vn -0.5837 0.4897 -0.6477
vn -0.5809 0.4956 -0.6457
vn -0.4604 0.6689 -0.5837
vn 0.6935 0.7205 -0.0002
vn 0.6935 0.7204 -0.0002
vn 0.6826 0.6947 -0.2271
vn 0.6935 0.7205 -0.0000
vn 0.6844 0.7005 0.2023
vn 0.6827 0.6947 0.2267
vn 0.6935 0.7205 0.0001
vn 0.6801 -0.3696 0.6331
vn 0.6807 -0.3568 0.6398
vn 0.6853 0.1490 0.7129
vn 0.6891 0.0936 0.7186
vn 0.6851 0.1490 -0.7130
vn 0.6804 -0.3567 -0.6401
vn 0.6799 -0.3696 -0.6333
vn 0.6889 0.0935 -0.7188
vn 0.6979 0.2039 0.6865
vn 0.7092 0.3952 0.5838
vn 0.6580 0.2260 0.7183
vn 0.6543 0.2473 0.7146
vn 0.6982 0.2039 -0.6862
vn 0.6547 0.2474 -0.7143
vn 0.7096 0.3952 -0.5834
vn -0.8103 0.5860 0.0047
vn -0.7938 0.5800 0.1829
vn 0.7084 -0.7058 -0.0000
vn 0.7083 -0.7059 -0.0002
vn 0.6981 -0.6202 0.3579
vn 0.7021 -0.6389 0.3143
vn 0.6983 -0.6202 -0.3574
vn 0.7083 -0.7059 -0.0003
vn 0.6995 0.7146 -0.0002
vn 0.7074 0.6607 0.2511
vn 0.7077 0.6247 0.3300
vn 0.6995 0.7146 -0.0001
vn 0.7074 0.6606 -0.2514
vn 0.7076 0.6246 -0.3304
vn 0.7092 0.3954 0.5837
vn 0.6981 0.2042 0.6862
vn 0.7079 0.6244 0.3301
vn 0.7075 0.6606 0.2513
vn 0.7073 0.6605 -0.2517
vn 0.7079 0.6242 -0.3304
vn 0.7095 0.3954 -0.5833
vn 0.6982 0.2044 -0.6861
vn 0.7054 0.3779 0.5997
vn 0.6977 0.3979 0.5957
vn 0.6573 0.4903 0.5723
vn 0.7057 0.3780 -0.5993
vn 0.6573 0.4903 -0.5723
vn 0.6980 0.3980 -0.5953
vn 0.7054 -0.7088 -0.0001
vn 0.7054 -0.7088 -0.0000
vn 0.6824 -0.6159 0.3937
vn 0.6903 -0.6410 0.3355
vn 0.6904 -0.6411 -0.3351
vn 0.6825 -0.6159 -0.3935
vn 0.7054 -0.7088 -0.0002
vn -0.3391 0.9339 -0.1132
vn -0.5125 0.8149 0.2707
vn -0.5309 0.7889 0.3095
vn -0.5124 0.8150 0.2706
vn -0.5831 0.5023 0.6385
vn -0.5860 0.4973 0.6397
vn -0.4974 0.6292 0.5973
vn -0.5397 0.7827 -0.3100
vn -0.3574 0.9273 0.1109
vn -0.5504 0.7664 -0.3312
vn -0.5395 0.7828 -0.3100
vn -0.5810 0.4954 -0.6458
vn -0.5838 0.4895 -0.6477
vn -0.8311 -0.1680 -0.5302
vn -0.8954 -0.4244 -0.1345
vn -0.8310 -0.1680 -0.5302
vn -0.5243 0.3992 -0.7522
vn 0.6972 0.3660 0.6164
vn 0.6918 0.3794 0.6144
vn 0.6602 0.4494 0.6018
vn 0.6975 0.3661 -0.6160
vn 0.6606 0.4488 -0.6019
vn 0.6921 0.3795 -0.6140
vn -0.8948 -0.4275 0.1284
vn -0.8330 -0.1573 0.5305
vn -0.8950 -0.4275 0.1274
vn -0.8340 -0.1613 0.5277
vn -0.5185 0.4040 0.7536
vn -0.5259 0.3884 0.7567
vn 0.7063 0.7079 -0.0002
vn 0.7005 0.6876 -0.1911
vn 0.7063 0.7079 -0.0004
vn 0.6997 0.6827 -0.2106
vn 0.7063 0.7079 -0.0001
vn 0.7005 0.6875 0.1916
vn 0.6996 0.6826 0.2111
vn -0.7777 0.3531 -0.5201
vn -0.9791 0.1660 -0.1171
vn -0.9793 0.1660 -0.1161
vn -0.7770 0.3543 -0.5203
vn -0.7769 0.3543 -0.5205
vn -0.7776 0.3532 -0.5201
vn -0.2057 0.6286 -0.7501
vn -0.2259 0.6165 -0.7543
vn -0.9787 0.1660 0.1206
vn -0.7778 0.3533 0.5198
vn -0.9788 0.1660 0.1196
vn -0.7768 0.3541 0.5208
vn -0.2250 0.6190 0.7525
vn -0.7767 0.3543 0.5208
vn -0.2516 0.6026 0.7574
vn -0.9053 -0.4247 0.0037
vn 0.7267 0.5258 0.4421
vn 0.7282 0.5162 0.4509
vn 0.6997 0.6825 0.2112
vn 0.7004 0.6875 0.1917
vn 0.7055 0.3778 0.5997
vn 0.7266 0.5257 -0.4424
vn 0.7280 0.5161 -0.4512
vn 0.7058 0.3780 -0.5992
vn 0.7049 0.7093 -0.0002
vn 0.6975 0.6863 0.2062
vn 0.6962 0.6798 0.2307
vn 0.7049 0.7093 -0.0003
vn 0.6974 0.6863 -0.2066
vn 0.6961 0.6798 -0.2309
vn 0.6975 0.6863 0.2063
vn 0.7176 0.5273 0.4549
vn 0.7195 0.5100 0.4713
vn 0.6973 0.3659 0.6164
vn 0.6919 0.3792 0.6144
vn 0.6974 0.6862 -0.2067
vn 0.6961 0.6797 -0.2311
vn 0.7180 0.5275 -0.4541
vn 0.7198 0.5101 -0.4708
vn -0.9845 0.1754 0.0037
vt 0.000000 0.000000
vt 0.375000 1.000000
vt 0.500000 0.750000
vt 0.375000 0.750000
vt 0.500000 1.000000
vt 0.375000 0.500000
vt 0.500000 0.500000
vt 0.625000 0.750000
vt 0.625000 1.000000
vt 0.625000 0.500000
vt 0.375000 0.250000
vt 0.500000 0.250000
vt 0.375000 0.000000
vt 0.500000 0.000000
vt 0.625000 0.000000
vt 0.625000 0.250000
s 1
f 1/1/1 2/1/2 3/1/3
f 2/1/2 1/1/1 4/1/4
f 5/1/5 3/1/3 2/1/2
f 3/1/3 5/1/5 6/1/6
f 7/1/7 6/1/6 5/1/5
f 6/1/6 7/1/7 8/1/8
f 9/1/9 10/1/9 11/1/9
f 12/1/9 9/1/9 11/1/9
f 10/1/9 9/1/9 13/1/9
f 9/1/9 12/1/9 14/1/9
f 15/1/9 10/1/9 13/1/9
f 16/1/9 14/1/9 12/1/9
f 10/1/9 15/1/9 17/1/9
f 12/1/9 18/1/9 16/1/9
f 15/1/9 19/1/9 17/1/9
f 20/1/9 16/1/9 18/1/9
f 19/1/9 15/1/9 21/1/9
f 16/1/9 20/1/9 22/1/9
f 23/1/9 19/1/9 21/1/9
f 20/1/9 23/1/9 22/1/9
f 19/1/9 23/1/9 24/1/9
f 20/1/9 24/1/9 23/1/9
f 25/1/10 26/1/11 27/1/12
f 26/1/11 25/1/10 28/1/13
f 28/1/13 29/1/14 26/1/11
f 27/1/12 30/1/15 25/1/10
f 30/1/15 27/1/12 31/1/16
f 25/1/10 32/1/17 28/1/13
f 29/1/14 28/1/13 32/1/17
f 33/1/18 25/1/10 30/1/15
f 31/1/16 33/1/18 30/1/15
f 33/1/18 32/1/17 25/1/10
f 33/1/18 31/1/16 34/1/19
f 29/1/14 32/1/17 35/1/20
f 34/1/19 36/1/21 33/1/18
f 36/1/21 34/1/19 37/1/22
f 38/1/23 33/1/18 36/1/21
f 37/1/22 38/1/23 36/1/21
f 33/1/18 38/1/23 32/1/17
f 38/1/23 37/1/22 39/1/24
f 40/1/25 35/1/20 32/1/17
f 32/1/17 38/1/23 40/1/25
f 35/1/20 40/1/25 39/1/24
f 38/1/23 39/1/24 40/1/25
f 41/1/26 42/1/27 43/1/26
f 41/1/26 43/1/26 44/1/26
f 45/1/26 42/1/27 41/1/26
f 42/1/27 45/1/26 46/1/26
f 43/1/26 42/1/27 47/1/27
f 47/1/27 42/1/27 48/1/26
f 48/1/26 49/1/26 47/1/27
f 49/1/26 48/1/26 50/1/26
f 51/1/26 47/1/27 49/1/26
f 47/1/27 51/1/26 52/1/26
f 53/1/20 54/1/24 55/1/20
f 54/1/24 53/1/20 56/1/24
f 55/1/20 57/1/14 53/1/20
f 54/1/24 56/1/24 58/1/22
f 57/1/14 55/1/20 59/1/14
f 60/1/22 58/1/22 56/1/24
f 57/1/14 59/1/14 61/1/11
f 58/1/22 60/1/22 62/1/19
f 63/1/11 61/1/11 59/1/14
f 64/1/19 62/1/19 60/1/22
f 61/1/11 63/1/11 65/1/12
f 62/1/19 64/1/19 66/1/16
f 67/1/12 65/1/12 63/1/11
f 68/1/16 66/1/16 64/1/19
f 65/1/12 67/1/12 68/1/16
f 66/1/16 68/1/16 67/1/12
f 69/1/9 70/1/9 71/1/9
f 72/1/9 71/1/9 70/1/9
f 71/1/9 72/1/9 73/1/9
f 72/1/9 70/1/9 74/1/9
f 74/1/9 70/1/9 75/1/9
f 72/1/9 74/1/9 76/1/9
f 77/1/9 78/1/28 79/1/9
f 78/1/28 77/1/9 80/1/9
f 81/1/28 79/1/9 78/1/28
f 79/1/9 81/1/28 82/1/9
f 83/1/9 78/1/28 84/1/9
f 85/1/9 78/1/28 83/1/9
f 85/1/9 81/1/28 78/1/28
f 81/1/28 85/1/9 86/1/9
f 81/1/28 86/1/9 87/1/9
f 88/1/16 89/1/16 90/1/16
f 90/1/16 91/1/16 88/1/16
f 92/1/29 93/1/30 94/1/29
f 94/1/29 93/1/30 95/1/31
f 93/1/30 96/1/32 95/1/31
f 95/1/31 96/1/32 97/1/33
f 96/1/32 98/1/34 97/1/33
f 98/1/34 96/1/32 99/1/35
f 100/1/36 101/1/37 102/1/38
f 101/1/37 100/1/36 103/1/37
f 104/1/39 100/1/36 102/1/38
f 105/1/40 100/1/36 104/1/39
f 106/1/41 105/1/40 104/1/39
f 107/1/42 105/1/40 106/1/41
f 108/1/43 109/1/44 110/1/45
f 108/1/43 111/1/46 109/1/44
f 112/1/47 111/1/46 108/1/43
f 110/1/45 109/1/44 113/1/48
f 110/1/45 113/1/48 114/1/49
f 114/1/49 113/1/48 115/1/50
f 116/1/51 117/1/52 118/1/53
f 118/1/53 119/1/54 116/1/51
f 117/1/52 120/1/55 118/1/53
f 116/1/51 119/1/54 121/1/56
f 120/1/55 117/1/52 122/1/57
f 122/1/57 123/1/11 120/1/55
f 120/1/55 123/1/11 124/1/58
f 125/1/59 121/1/56 119/1/54
f 126/1/22 121/1/56 125/1/59
f 121/1/56 126/1/22 127/1/60
f 128/1/20 129/1/20 130/1/20
f 130/1/20 131/1/20 128/1/20
f 132/1/11 133/1/11 134/1/61
f 133/1/11 135/1/62 134/1/61
f 135/1/62 136/1/63 134/1/61
f 136/1/63 135/1/62 137/1/64
f 138/1/65 136/1/63 137/1/64
f 137/1/64 139/1/66 138/1/65
f 138/1/65 139/1/66 140/1/67
f 141/1/67 140/1/67 139/1/66
f 141/1/67 142/1/22 140/1/67
f 142/1/22 141/1/67 143/1/22
f 144/1/68 145/1/68 146/1/20
f 145/1/68 144/1/68 147/1/69
f 145/1/68 147/1/69 148/1/69
f 144/1/68 146/1/20 149/1/20
f 149/1/20 146/1/20 150/1/70
f 149/1/20 150/1/70 151/1/70
f 152/1/71 151/1/70 150/1/70
f 152/1/71 153/1/71 151/1/70
f 154/1/72 155/1/73 156/1/73
f 155/1/73 154/1/72 157/1/74
f 158/1/75 159/1/76 160/1/76
f 161/1/77 160/1/76 159/1/76
f 162/1/11 163/1/11 164/1/11
f 163/1/11 162/1/11 165/1/11
f 162/1/11 166/1/11 165/1/11
f 165/1/11 166/1/11 167/1/11
f 168/1/22 169/1/22 170/1/22
f 168/1/22 170/1/22 171/1/22
f 172/1/22 169/1/22 168/1/22
f 169/1/22 172/1/22 173/1/22
f 174/1/16 175/1/16 176/1/78
f 177/1/79 176/1/78 175/1/16
f 175/1/16 174/1/16 178/1/80
f 179/1/81 178/1/80 174/1/16
f 180/1/11 181/1/11 182/1/11
f 181/1/11 180/1/11 183/1/11
f 180/1/11 184/1/11 183/1/11
f 183/1/11 184/1/11 185/1/58
f 186/1/22 187/1/22 188/1/22
f 186/1/22 188/1/22 189/1/22
f 190/1/22 187/1/22 186/1/22
f 187/1/22 190/1/22 191/1/60
f 192/1/22 193/1/22 194/1/22
f 195/1/22 194/1/22 193/1/22
f 196/1/11 197/1/11 198/1/11
f 197/1/11 196/1/11 199/1/11
f 200/1/82 201/1/82 202/1/11
f 203/1/11 202/1/11 201/1/82
f 202/1/11 203/1/11 204/1/83
f 205/1/83 204/1/83 203/1/11
f 206/1/22 207/1/22 208/1/84
f 209/1/84 208/1/84 207/1/22
f 210/1/85 207/1/22 206/1/22
f 207/1/22 210/1/85 211/1/85
f 212/1/22 213/1/22 214/1/22
f 215/1/22 214/1/22 213/1/22
f 216/1/11 217/1/11 218/1/11
f 217/1/11 216/1/11 219/1/11
f 220/1/86 221/1/87 222/1/88
f 221/1/87 220/1/86 223/1/87
f 222/1/88 224/1/89 220/1/86
f 222/1/88 225/1/89 224/1/89
f 225/1/89 226/1/90 224/1/89
f 227/1/90 226/1/90 225/1/89
f 228/1/20 229/1/91 230/1/20
f 229/1/91 228/1/20 231/1/92
f 230/1/20 232/1/93 228/1/20
f 232/1/93 230/1/20 233/1/93
f 234/1/94 235/1/11 236/1/95
f 235/1/11 234/1/94 237/1/11
f 237/1/11 238/1/96 235/1/11
f 238/1/96 237/1/11 239/1/97
f 240/1/98 241/1/98 242/1/22
f 243/1/22 242/1/22 241/1/98
f 242/1/22 243/1/22 244/1/99
f 245/1/100 244/1/99 243/1/22
f 246/1/101 247/1/102 248/1/102
f 247/1/102 249/1/103 248/1/102
f 249/1/103 247/1/102 250/1/104
f 246/1/101 248/1/102 251/1/105
f 246/1/101 251/1/105 252/1/106
f 252/1/106 251/1/105 253/1/107
f 254/1/108 255/1/109 256/1/109
f 254/1/108 256/1/109 257/1/109
f 258/1/110 259/1/110 260/1/110
f 258/1/110 260/1/110 261/1/110
f 262/1/14 263/1/20 264/1/14
f 263/1/20 262/1/14 265/1/20
f 262/1/14 264/1/14 266/1/11
f 265/1/20 267/1/24 263/1/20
f 268/1/11 266/1/11 264/1/14
f 267/1/24 265/1/20 269/1/24
f 266/1/11 268/1/11 270/1/12
f 267/1/24 269/1/24 271/1/22
f 272/1/12 270/1/12 268/1/11
f 273/1/22 271/1/22 269/1/24
f 270/1/12 272/1/12 274/1/16
f 271/1/22 273/1/22 275/1/19
f 276/1/16 274/1/16 272/1/12
f 277/1/19 275/1/19 273/1/22
f 274/1/16 276/1/16 277/1/19
f 275/1/19 277/1/19 276/1/16
f 278/1/111 279/1/112 280/1/113
f 280/1/113 279/1/112 281/1/114
f 278/1/111 282/1/115 279/1/112
f 283/1/116 280/1/113 281/1/114
f 278/1/111 284/1/117 282/1/115
f 283/1/116 281/1/114 285/1/118
f 284/1/117 285/1/118 282/1/115
f 283/1/116 285/1/118 284/1/117
f 286/1/112 287/1/112 288/1/113
f 288/1/113 287/1/112 289/1/114
f 286/1/112 290/1/115 287/1/112
f 291/1/118 288/1/113 289/1/114
f 286/1/112 292/1/117 290/1/115
f 291/1/118 289/1/114 293/1/118
f 292/1/117 293/1/118 290/1/115
f 291/1/118 293/1/118 292/1/117
f 294/1/19 295/1/19 296/1/22
f 297/1/16 295/1/19 294/1/19
f 294/1/19 296/1/22 298/1/22
f 297/1/16 299/1/16 295/1/19
f 298/1/22 296/1/22 300/1/24
f 301/1/12 299/1/16 297/1/16
f 298/1/22 300/1/24 302/1/24
f 301/1/12 303/1/12 299/1/16
f 304/1/20 302/1/24 300/1/24
f 305/1/11 303/1/12 301/1/12
f 302/1/24 304/1/20 306/1/20
f 305/1/11 307/1/11 303/1/12
f 308/1/14 306/1/20 304/1/20
f 309/1/14 307/1/11 305/1/11
f 306/1/20 308/1/14 309/1/14
f 309/1/14 308/1/14 307/1/11
f 310/1/119 311/1/119 312/1/120
f 312/1/120 311/1/119 313/1/121
f 310/1/119 314/1/122 311/1/119
f 315/1/123 314/1/122 310/1/119
f 315/1/123 316/1/124 314/1/122
f 317/1/125 316/1/124 315/1/123
f 318/1/27 319/1/26 320/1/26
f 319/1/26 318/1/27 321/1/26
f 322/1/26 318/1/27 323/1/26
f 324/1/26 318/1/27 322/1/26
f 325/1/27 321/1/26 318/1/27
f 324/1/26 325/1/27 318/1/27
f 321/1/26 325/1/27 326/1/26
f 325/1/27 324/1/26 327/1/26
f 325/1/27 327/1/26 328/1/26
f 329/1/28 330/1/9 331/1/9
f 330/1/9 329/1/28 332/1/9
f 332/1/9 329/1/28 333/1/9
f 332/1/9 333/1/9 334/1/9
f 333/1/9 329/1/28 335/1/28
f 335/1/28 329/1/28 336/1/9
f 336/1/9 337/1/9 335/1/28
f 337/1/9 336/1/9 338/1/9
f 335/1/28 337/1/9 339/1/9
f 335/1/28 339/1/9 340/1/9
f 341/1/26 342/1/26 343/1/26
f 342/1/26 341/1/26 344/1/26
f 344/1/26 341/1/26 345/1/26
f 344/1/26 346/1/26 342/1/26
f 342/1/26 346/1/26 347/1/26
f 346/1/26 344/1/26 348/1/26
f 349/1/9 350/1/9 351/1/9
f 350/1/9 352/1/9 351/1/9
f 350/1/9 353/1/9 352/1/9
f 353/1/9 354/1/9 352/1/9
f 353/1/9 355/1/9 354/1/9
f 355/1/9 356/1/9 354/1/9
f 357/2/126 358/3/127 359/4/128
f 358/3/127 357/2/126 360/5/129
f 361/3/127 362/2/130 363/4/131
f 362/2/130 361/3/127 364/5/132
f 365/4/133 366/4/134 367/2/135
f 366/4/134 368/2/136 367/2/135
f 369/2/137 370/4/138 365/4/139
f 370/4/138 369/2/137 371/2/140
f 372/4/141 373/4/142 374/2/143
f 372/4/141 374/2/143 375/2/144
f 376/4/145 377/2/146 373/4/147
f 377/2/146 376/4/145 378/2/148
f 379/4/149 380/4/150 378/2/151
f 381/2/152 382/3/153 383/4/154
f 382/3/153 381/2/152 384/5/155
f 385/3/153 386/2/156 387/4/157
f 386/2/156 385/3/153 388/5/158
f 389/4/159 390/2/160 391/2/161
f 390/2/160 389/4/159 392/4/162
f 393/2/163 389/4/159 391/2/161
f 394/4/164 389/4/159 393/2/163
f 395/4/165 396/2/166 397/4/167
f 396/2/166 395/4/165 398/2/168
f 395/4/165 399/2/169 398/2/168
f 399/2/169 395/4/165 400/4/170
f 401/6/171 402/6/172 403/4/173
f 404/5/174 405/3/175 406/4/167
f 404/5/174 406/4/167 407/2/176
f 408/2/160 409/4/162 410/5/174
f 409/4/162 411/3/177 410/5/174
f 412/2/178 413/4/179 414/2/180
f 413/4/179 415/4/181 414/2/180
f 416/4/182 417/4/157 418/2/183
f 417/4/157 419/2/184 418/2/183
f 420/2/185 421/4/186 422/4/187
f 422/4/187 423/2/188 420/2/185
f 424/4/154 425/4/189 426/2/190
f 424/4/154 426/2/190 427/2/191
f 428/4/192 429/2/193 430/4/194
f 431/6/195 432/4/196 433/6/197
f 434/4/198 435/4/199 436/2/200
f 437/7/201 438/4/202 439/3/203
f 438/4/202 437/7/201 440/6/204
f 441/4/205 442/7/206 443/3/207
f 442/7/206 441/4/205 444/6/208
f 445/4/198 446/2/209 447/4/210
f 446/2/209 445/4/198 448/2/211
f 449/6/212 450/4/213 451/6/214
f 452/4/215 453/2/216 454/2/217
f 453/2/216 452/4/215 455/4/218
f 456/2/219 452/4/215 454/2/217
f 457/4/220 452/4/215 456/2/219
f 458/4/221 459/2/222 460/4/223
f 459/2/222 458/4/221 461/2/224
f 458/4/221 462/2/225 461/2/224
f 462/2/225 458/4/221 463/4/226
f 464/4/227 465/2/228 466/4/229
f 467/7/230 468/4/231 469/3/230
f 468/4/231 467/7/230 470/6/232
f 471/4/233 472/7/234 473/3/230
f 472/7/234 471/4/233 474/6/235
f 475/6/236 476/6/237 477/4/238
f 478/4/239 479/2/240 480/2/241
f 479/2/240 478/4/239 481/4/242
f 482/5/243 483/3/243 484/4/244
f 482/5/243 484/4/244 485/2/245
f 486/2/246 487/4/247 488/5/243
f 487/4/247 489/3/248 488/5/243
f 490/4/164 491/2/163 492/4/249
f 493/4/250 494/4/251 495/2/252
f 496/8/253 497/9/254 498/8/255
f 497/9/254 496/8/253 499/9/256
f 500/8/257 501/10/258 502/10/259
f 501/10/258 500/8/257 503/8/260
f 504/4/261 505/6/262 506/4/263
f 505/6/262 504/4/261 507/6/264
f 508/4/265 507/6/264 504/4/261
f 507/6/264 508/4/265 509/6/266
f 510/6/267 511/4/268 512/4/269
f 511/4/268 510/6/267 513/6/270
f 513/6/270 514/4/271 511/4/268
f 514/4/271 513/6/270 515/6/272
f 516/4/273 517/6/274 518/6/275
f 517/6/274 516/4/273 519/4/213
f 518/6/276 520/6/277 521/4/273
f 522/4/278 521/4/273 520/6/277
f 523/4/279 524/6/280 525/4/281
f 524/6/280 523/4/279 526/6/282
f 527/4/283 528/6/284 526/6/285
f 528/6/284 527/4/283 529/4/286
f 530/5/287 531/3/287 532/4/288
f 530/5/287 532/4/288 533/2/289
f 534/2/290 535/4/291 536/5/287
f 535/4/291 537/3/287 536/5/287
f 538/2/292 539/3/293 540/4/179
f 539/3/293 538/2/292 541/5/294
f 542/3/294 543/2/295 544/4/296
f 543/2/295 542/3/294 545/5/297
f 546/4/298 547/6/299 548/4/300
f 547/6/299 546/4/298 549/6/301
f 550/4/302 549/6/301 546/4/298
f 549/6/301 550/4/302 551/6/204
f 552/6/303 553/4/304 554/4/305
f 553/4/304 552/6/303 555/6/306
f 555/6/306 556/4/307 553/4/304
f 556/4/307 555/6/306 557/6/308
f 558/7/309 559/4/310 560/3/311
f 559/4/310 558/7/309 561/6/312
f 562/4/313 563/7/314 564/3/315
f 563/7/314 562/4/313 565/6/316
f 566/2/317 567/4/318 568/2/319
f 569/4/291 568/2/319 567/4/318
f 570/8/320 571/2/320 572/4/320
f 571/2/320 570/8/320 573/9/321
f 574/4/322 575/2/323 576/2/324
f 577/4/325 574/4/322 576/2/324
f 578/8/326 579/6/326 580/10/327
f 579/6/326 578/8/326 581/4/326
f 582/4/328 583/2/329 584/4/330
f 585/4/331 586/4/332 587/2/333
f 588/7/334 589/11/335 590/12/334
f 589/11/335 588/7/334 591/6/336
f 592/6/337 593/7/334 594/11/338
f 594/11/338 593/7/334 595/12/334
f 596/6/262 597/6/339 598/4/340
f 599/6/341 600/4/342 601/6/343
f 602/13/344 603/11/345 604/13/346
f 603/11/345 602/13/344 605/11/347
f 606/7/348 607/4/349 608/3/350
f 607/4/349 606/7/348 609/6/351
f 610/4/352 611/7/353 612/3/354
f 611/7/353 610/4/352 613/6/355
f 614/11/356 615/13/357 616/13/358
f 615/13/357 614/11/356 617/11/359
f 618/8/360 619/9/256 620/8/256
f 619/9/256 618/8/360 621/9/361
f 618/8/360 622/9/362 621/9/361
f 622/9/362 618/8/360 623/8/363
f 624/5/364 625/3/364 626/4/365
f 624/5/364 626/4/365 627/2/366
f 628/2/367 629/4/368 630/5/369
f 629/4/368 631/3/370 630/5/369
f 632/4/371 633/2/372 634/2/373
f 633/2/372 632/4/371 635/4/374
f 636/4/375 637/2/376 638/4/377
f 637/2/376 636/4/375 639/2/378
f 640/6/379 641/7/380 642/11/381
f 642/11/381 641/7/380 643/12/380
f 644/7/380 645/11/382 646/12/380
f 645/11/382 644/7/380 647/6/383
f 648/4/384 649/2/385 650/2/386
f 649/2/385 648/4/384 651/4/368
f 652/4/387 653/2/366 654/4/388
f 653/2/366 652/4/387 655/2/389
f 656/2/390 657/4/391 658/4/384
f 657/4/391 656/2/390 659/2/392
f 660/2/393 661/4/394 662/2/395
f 661/4/394 660/2/393 663/4/396
f 664/4/397 665/6/398 666/4/399
f 665/6/398 664/4/397 667/6/400
f 668/6/401 669/4/402 670/4/403
f 669/4/402 668/6/401 671/6/404
f 672/6/405 673/6/406 674/4/407
f 675/6/408 676/4/409 677/6/410
f 678/4/284 679/7/411 680/6/286
f 679/7/411 678/4/284 681/3/411
f 682/7/411 683/4/278 684/6/277
f 683/4/278 682/7/411 685/3/411
f 686/4/412 687/6/413 688/4/414
f 687/6/413 686/4/412 689/6/415
f 690/4/416 691/2/417 692/2/418
f 691/2/417 690/4/416 693/4/419
f 694/2/420 690/4/416 692/2/418
f 695/4/421 690/4/416 694/2/420
f 696/6/422 697/4/423 698/4/424
f 697/4/423 696/6/422 699/6/425
f 700/4/426 701/2/427 702/4/428
f 701/2/427 700/4/426 703/2/429
f 700/4/426 704/2/430 703/2/429
f 704/2/430 700/4/426 705/4/431
f 706/5/432 707/3/433 708/4/434
f 706/5/432 708/4/434 709/2/435
f 710/2/417 711/4/436 712/5/437
f 711/4/436 713/3/438 712/5/437
f 714/6/439 715/4/440 716/6/441
f 715/4/440 714/6/439 717/4/442
f 718/4/443 719/6/444 720/4/445
f 719/6/444 718/4/443 721/6/446
f 722/6/447 723/4/448 724/4/449
f 723/4/448 722/6/447 725/6/450
f 726/6/451 727/4/452 728/4/453
f 727/4/452 726/6/451 729/6/454
f 730/4/455 731/7/456 732/6/455
f 731/7/456 730/4/455 733/3/457
f 734/3/457 735/6/458 736/7/456
f 735/6/458 734/3/457 737/4/458
f 738/8/459 739/10/460 740/10/461
f 739/10/460 738/8/459 741/8/460
f 740/10/461 742/10/462 738/8/459
f 743/8/463 738/8/459 742/10/462
f 743/8/464 744/10/465 745/8/466
f 746/4/391 747/2/467 748/4/468
f 749/4/394 750/4/469 751/2/395
f 752/6/470 753/4/471 754/6/472
f 753/4/471 752/6/470 755/4/473
f 753/4/471 756/6/474 754/6/472
f 756/6/474 753/4/471 757/4/455
f 758/7/475 759/4/476 760/3/475
f 759/4/476 758/7/475 761/6/477
f 762/4/478 763/7/479 764/3/480
f 763/7/479 762/4/478 765/6/481
f 766/6/482 767/4/483 768/4/484
f 767/4/483 766/6/482 769/6/485
f 769/6/485 770/6/486 767/4/483
f 771/4/487 767/4/483 770/6/486
f 772/4/488 773/2/489 774/4/490
f 775/6/491 776/6/492 777/4/493
f 778/4/494 779/4/495 780/2/496
f 781/11/497 782/6/498 783/11/381
f 782/6/498 781/11/497 784/6/499
f 785/6/500 784/6/499 781/11/497
f 781/11/497 786/11/501 785/6/500
f 787/6/502 788/11/503 789/11/382
f 788/11/503 787/6/502 790/6/504
f 788/11/503 790/6/504 791/6/505
f 792/11/506 788/11/503 791/6/505
f 793/6/507 794/4/508 795/6/509
f 796/6/510 797/6/511 798/4/512
f 799/6/513 800/4/514 801/6/515
f 802/4/516 803/6/517 804/4/518
f 803/6/517 802/4/516 805/6/519
f 806/6/520 807/4/521 808/4/522
f 807/4/521 806/6/520 809/6/523
f 810/6/524 811/4/525 812/6/526
f 811/4/525 810/6/524 813/4/527
f 814/6/528 815/4/529 816/4/530
f 815/4/529 814/6/528 817/6/531
f 818/4/532 819/2/533 820/4/534
f 821/4/535 822/4/536 823/2/537
f 824/6/538 825/6/539 826/4/540
f 827/6/541 828/4/542 829/6/543
f 830/7/544 831/11/545 832/12/544
f 831/11/545 830/7/544 833/6/546
f 834/6/547 835/7/548 836/11/549
f 836/11/549 835/7/548 837/12/544
f 838/8/550 839/2/550 840/4/550
f 839/2/550 838/8/550 841/9/550
f 842/8/551 843/6/551 844/10/552
f 843/6/551 842/8/551 845/4/551
f 846/6/553 847/6/554 848/4/555
f 849/6/556 850/4/557 851/6/558
f 852/11/559 853/12/560 854/13/561
f 854/13/561 853/12/560 855/14/560
f 856/12/560 857/13/562 858/14/560
f 857/13/562 856/12/560 859/11/563
f 860/8/564 861/9/565 862/8/566
f 861/9/565 860/8/564 863/9/567
f 864/8/568 865/10/569 866/10/570
f 865/10/569 864/8/568 867/8/571
f 868/9/572 869/4/573 870/8/574
f 869/4/573 868/9/572 871/2/575
f 872/10/576 873/4/577 874/6/578
f 873/4/577 872/10/576 875/8/579
f 876/11/580 877/13/581 878/12/582
f 877/13/581 879/14/582 878/12/582
f 880/12/582 881/14/582 882/13/583
f 880/12/582 882/13/583 883/11/584
f 884/4/585 885/2/586 886/4/587
f 887/12/588 888/6/589 889/7/590
f 888/6/589 887/12/588 890/11/591
f 891/6/592 892/12/590 893/7/590
f 892/12/590 891/6/592 894/11/593
f 895/11/594 896/13/595 897/11/596
f 896/13/595 895/11/594 898/13/583
f 899/13/597 900/11/598 901/11/599
f 900/11/598 899/13/597 902/13/581
f 903/11/600 904/6/592 905/6/601
f 904/6/592 903/11/600 906/11/602
f 905/6/601 907/6/603 903/11/600
f 903/11/600 907/6/603 908/11/604
f 909/6/605 910/11/606 911/6/607
f 910/11/606 909/6/605 912/11/608
f 913/6/609 911/6/607 910/11/606
f 913/6/609 910/11/606 914/11/610
f 915/6/611 916/11/612 917/11/613
f 916/11/612 915/6/611 918/6/614
f 918/6/614 919/6/615 916/11/612
f 916/11/612 919/6/615 920/11/616
f 921/6/617 922/11/618 923/6/619
f 922/11/618 921/6/617 924/11/620
f 925/6/621 923/6/619 922/11/618
f 925/6/621 922/11/618 926/11/622
f 927/3/623 928/7/623 929/6/624
f 927/3/623 929/6/624 930/4/625
f 931/4/626 932/6/627 933/3/628
f 932/6/627 934/7/628 933/3/628
f 935/9/629 936/8/630 937/8/631
f 936/8/630 935/9/629 938/9/630
f 939/8/632 940/8/633 941/10/634
f 940/8/633 942/10/635 941/10/634
f 943/9/636 944/8/637 945/8/638
f 944/8/637 943/9/636 946/9/639
f 947/9/640 944/8/637 946/9/639
f 944/8/637 947/9/640 948/8/641
f 949/11/642 950/11/643 951/6/644
f 952/11/645 953/6/646 954/11/647
f 955/11/648 956/11/649 957/6/650
f 958/9/651 959/8/631 960/8/652
f 959/8/631 958/9/651 961/9/629
f 962/8/653 963/8/632 964/10/654
f 963/8/632 965/10/634 964/10/654
f 966/4/655 967/4/656 968/2/657
f 966/4/655 968/2/657 969/2/658
f 970/4/659 971/2/660 967/4/661
f 971/2/660 970/4/659 972/2/662
f 973/4/663 974/4/664 972/2/665
f 975/6/666 976/4/667 977/4/668
f 976/4/667 975/6/666 978/6/669
f 979/6/670 976/4/667 978/6/669
f 976/4/667 979/6/670 980/4/626
f 981/4/671 982/4/672 983/2/673
f 982/4/672 984/2/674 983/2/673
f 985/2/675 986/4/676 981/4/677
f 986/4/676 985/2/675 987/2/678
f 988/4/679 987/2/680 989/4/681
f 990/8/682 991/10/683 992/8/684
f 990/8/685 993/8/686 994/10/687
f 993/8/686 995/10/688 994/10/687
f 993/8/686 996/10/689 995/10/688
f 996/10/689 993/8/686 997/8/690
f 998/6/691 999/4/692 1000/6/693
f 999/4/692 998/6/691 1001/4/694
f 1000/6/693 999/4/692 1002/6/624
f 1003/4/695 1002/6/624 999/4/692
f 1004/6/696 1005/11/697 1006/11/698
f 1006/11/698 1007/6/699 1004/6/696
f 1008/6/700 1009/11/701 1010/6/702
f 1009/11/701 1011/11/703 1010/6/702
f 1012/11/704 1013/6/705 1014/11/706
f 1015/6/617 1016/7/707 1017/11/708
f 1017/11/708 1016/7/707 1018/12/707
f 1019/7/707 1020/11/709 1021/12/707
f 1020/11/709 1019/7/707 1022/6/710
f 1023/15/711 1024/16/712 1025/16/713
f 1024/16/712 1023/15/711 1026/15/714
f 1027/10/715 1028/10/716 1029/16/717
f 1028/10/716 1030/16/718 1029/16/717
f 1031/12/719 1032/14/719 1033/13/720
f 1031/12/719 1033/13/720 1034/11/720
f 1035/11/721 1036/13/721 1037/12/719
f 1036/13/721 1038/14/719 1037/12/719
f 1039/6/336 1040/11/722 1041/11/335
f 1040/11/722 1039/6/336 1042/6/723
f 1043/11/724 1042/6/725 1044/6/726
f 1045/11/727 1043/11/724 1044/6/726
f 1045/11/728 1046/6/729 1047/11/730
f 1048/6/731 1049/11/732 1050/6/733
f 1049/11/732 1048/6/731 1051/11/734
f 1052/6/735 1050/6/736 1053/11/737
f 1052/6/735 1053/11/737 1054/11/738
f 1054/11/739 1055/11/740 1056/6/741
f 1057/2/742 1058/8/743 1059/9/744
f 1058/8/743 1057/2/742 1060/4/745
f 1061/8/746 1062/6/747 1063/10/748
f 1062/6/747 1061/8/746 1064/4/749
f 1065/16/750 1066/11/751 1067/13/752
f 1067/13/752 1068/15/753 1065/16/750
f 1069/6/754 1070/16/755 1071/10/756
f 1070/16/755 1069/6/754 1072/11/757
f 1073/13/758 1074/11/759 1075/13/760
f 1076/13/761 1077/13/762 1078/11/763
f 1079/2/764 1080/3/765 1081/4/655
f 1080/3/765 1079/2/764 1082/5/766
f 1083/12/588 1084/6/589 1085/7/590
f 1084/6/589 1083/12/588 1086/11/591
f 1087/6/592 1088/12/590 1089/7/590
f 1088/12/590 1087/6/592 1090/11/593
f 1091/3/767 1092/2/768 1093/4/672
f 1092/2/768 1091/3/767 1094/5/766
f 1095/11/769 1096/13/770 1097/13/771
f 1096/13/770 1095/11/769 1098/11/772
f 1099/13/773 1098/11/774 1100/11/775
f 1100/11/775 1101/13/776 1099/13/773
f 1102/15/777 1103/16/778 1104/16/779
f 1103/16/778 1102/15/777 1105/15/780
f 1106/6/781 1107/4/782 1108/6/783
f 1109/11/784 1110/6/785 1111/11/786
f 1112/10/716 1113/10/787 1114/16/718
f 1113/10/787 1115/16/788 1114/16/718
f 1116/11/789 1117/11/790 1118/6/791
f 1119/11/792 1120/6/793 1121/11/794
f 1122/11/795 1123/11/796 1124/6/797
f 1125/8/798 1126/9/799 1127/9/800
f 1126/9/799 1125/8/798 1128/8/801
f 1129/9/802 1130/8/803 1127/9/804
f 1129/9/802 1131/8/805 1130/8/803
f 1132/11/806 1133/12/807 1134/13/808
f 1134/13/808 1133/12/807 1135/14/807
f 1136/13/809 1137/11/810 1138/13/811
f 1137/11/810 1136/13/809 1139/11/812
f 1139/11/812 1140/13/813 1141/11/814
f 1141/11/814 1140/13/813 1142/13/815
f 1142/13/816 1143/13/817 1144/11/818
f 1145/8/819 1146/10/820 1147/10/821
f 1146/10/820 1145/8/819 1148/8/822
f 1149/8/823 1147/10/824 1150/10/825
f 1151/8/826 1149/8/823 1150/10/825
f 1152/12/827 1153/13/828 1154/14/829
f 1153/13/828 1152/12/827 1155/11/769
f 1156/6/830 1157/6/831 1158/4/832
f 1159/6/833 1160/11/834 1161/6/835
f 1160/11/834 1159/6/833 1162/11/836
f 1163/11/837 1164/6/838 1165/11/839
f 1165/11/839 1164/6/838 1166/6/840
f 1167/9/841 1168/8/842 1169/8/843
f 1168/8/842 1167/9/841 1170/9/844
f 1171/15/845 1172/16/846 1173/16/847
f 1172/16/846 1171/15/845 1174/15/848
f 1175/6/849 1176/6/850 1177/11/851
f 1177/11/851 1176/6/850 1178/11/852
f 1179/6/853 1180/11/854 1181/11/855
f 1179/6/853 1182/6/856 1180/11/854
f 1183/11/600 1184/6/592 1185/6/601
f 1184/6/592 1183/11/600 1186/11/602
f 1185/6/601 1187/6/857 1183/11/600
f 1183/11/600 1187/6/857 1188/11/858
f 1188/11/859 1189/6/860 1190/11/861
f 1191/3/623 1192/7/623 1193/6/624
f 1191/3/623 1193/6/624 1194/4/695
f 1195/4/862 1196/6/627 1197/3/628
f 1196/6/627 1198/7/628 1197/3/628
f 1199/11/863 1200/13/864 1201/11/865
f 1202/13/866 1201/11/865 1200/13/864
f 1203/11/867 1204/13/868 1205/13/869
f 1205/13/869 1206/11/870 1203/11/867
f 1207/6/605 1208/11/606 1209/6/871
f 1208/11/606 1207/6/605 1210/11/591
f 1211/6/872 1209/6/871 1208/11/606
f 1211/6/872 1208/11/606 1212/11/873
f 1212/11/874 1213/11/875 1214/6/876
f 1215/6/877 1216/7/878 1217/11/879
f 1217/11/879 1216/7/878 1218/12/880
f 1219/7/878 1220/11/881 1221/12/882
f 1220/11/881 1219/7/878 1222/6/883
f 1223/6/884 1224/4/885 1225/4/886
f 1224/4/885 1223/6/884 1226/6/887
f 1227/6/670 1224/4/885 1226/6/887
f 1224/4/885 1227/6/670 1228/4/626
f 1229/6/888 1230/4/692 1231/6/693
f 1230/4/692 1229/6/888 1232/4/889
f 1231/6/693 1230/4/692 1233/6/624
f 1234/4/695 1233/6/624 1230/4/692
f 1235/10/890 1236/16/891 1237/10/892
f 1238/16/893 1235/10/894 1239/10/895
f 1239/10/895 1240/16/896 1238/16/893
f 1241/11/897 1242/11/898 1243/6/899
f 1244/11/900 1245/6/901 1246/11/902
f 1247/6/903 1248/11/904 1249/6/905
f 1248/11/904 1247/6/903 1250/11/906
f 1251/6/907 1249/6/905 1248/11/904
f 1251/6/907 1248/11/904 1252/11/908
f 1253/6/909 1254/11/910 1255/11/911
f 1254/11/910 1253/6/909 1256/6/912
f 1256/6/912 1257/6/913 1254/11/910
f 1254/11/910 1257/6/913 1258/11/914
f 1259/13/915 1260/11/916 1261/13/917
f 1262/12/588 1263/6/589 1264/7/588
f 1263/6/589 1262/12/588 1265/11/918
f 1266/6/592 1267/12/590 1268/7/590
f 1267/12/590 1266/6/592 1269/11/593
f 1270/13/919 1271/11/920 1272/13/921
f 1273/13/922 1274/13/923 1275/11/924
f 1276/4/925 1277/4/926 1278/2/927
f 1279/2/928 1280/4/929 1278/2/930
f 1280/4/929 1279/2/928 1281/4/931
f 1282/6/903 1283/7/932 1284/11/933
f 1284/11/933 1283/7/932 1285/12/934
f 1286/7/935 1287/11/911 1288/12/936
f 1287/11/911 1286/7/935 1289/6/909
f 1290/16/937 1291/15/938 1292/16/939
f 1293/11/600 1294/6/592 1295/6/601
f 1294/6/592 1293/11/600 1296/11/602
f 1295/6/601 1297/6/940 1293/11/600
f 1293/11/600 1297/6/940 1298/11/941
f 1299/11/942 1300/12/943 1301/13/944
f 1301/13/944 1300/12/943 1302/14/943
f 1303/12/943 1304/13/945 1305/14/946
f 1303/12/943 1306/11/947 1304/13/945
f 1307/6/605 1308/11/606 1309/6/871
f 1308/11/606 1307/6/605 1310/11/948
f 1311/6/949 1309/6/871 1308/11/606
f 1311/6/949 1308/11/606 1312/11/950
f 1313/8/951 1314/10/952 1315/8/953
f 1316/8/954 1317/10/955 1313/8/956
f 1318/10/957 1317/10/955 1316/8/954
f 1319/12/958 1320/14/959 1321/13/960
f 1319/12/958 1321/13/960 1322/11/961
f 1323/11/962 1324/13/963 1325/12/964
f 1324/13/963 1326/14/965 1325/12/964
f 1327/11/914 1328/6/913 1329/11/966
f 1330/11/967 1331/11/968 1332/6/969
f 1333/13/970 1334/11/971 1335/13/944
f 1334/11/971 1333/13/970 1336/11/972
f 1337/13/973 1338/13/974 1339/11/975
f 1340/3/623 1341/7/623 1342/6/624
f 1340/3/623 1342/6/624 1343/4/625
f 1344/4/626 1345/6/627 1346/3/628
f 1345/6/627 1347/7/628 1346/3/628
f 1348/11/976 1349/13/977 1350/11/978
f 1351/6/979 1352/11/980 1353/11/981
f 1352/11/980 1351/6/979 1354/6/982
f 1355/11/961 1356/13/983 1357/11/984
f 1356/13/983 1355/11/961 1358/13/960
f 1357/11/985 1359/13/986 1360/11/987
f 1361/6/988 1362/11/989 1363/11/990
f 1363/11/990 1364/6/991 1361/6/988
f 1362/11/992 1365/6/993 1366/11/994
f 1367/6/995 1365/6/993 1362/11/992
f 1368/11/996 1369/6/997 1364/6/998
f 1364/6/998 1370/11/999 1368/11/996
f 1371/6/1000 1372/6/1001 1373/11/1002
f 1373/11/1002 1372/6/1001 1374/11/1003
f 1375/9/1004 1376/8/1005 1377/9/1006
f 1378/6/1007 1379/11/1008 1380/11/1009
f 1381/6/1010 1379/11/1008 1378/6/1007
f 1382/6/1011 1383/6/1012 1380/11/1013
f 1382/6/1011 1380/11/1013 1384/11/1014
f 1385/11/1015 1386/11/1016 1381/6/1017
f 1387/6/1018 1385/11/1015 1381/6/1017
f 1388/9/1019 1389/8/1020 1390/8/1021
f 1389/8/1020 1388/9/1019 1391/9/1022
f 1392/13/1023 1393/11/1024 1394/11/1025
f 1393/11/1024 1392/13/1023 1395/13/1026
f 1396/11/1027 1397/13/1028 1394/11/1029
f 1398/11/1030 1399/13/1031 1400/11/1032
f 1400/11/1032 1399/13/1031 1401/13/1033
f 1402/11/1034 1403/13/1035 1404/13/1036
f 1404/13/1036 1405/11/1037 1402/11/1034
f 1406/6/1038 1407/4/667 1408/4/1039
f 1407/4/667 1406/6/1038 1409/6/669
f 1410/6/670 1407/4/667 1409/6/669
f 1407/4/667 1410/6/670 1411/4/626
f 1412/6/1040 1413/4/692 1414/6/693
f 1413/4/692 1412/6/1040 1415/4/1041
f 1414/6/693 1413/4/692 1416/6/624
f 1417/4/695 1416/6/624 1413/4/692
f 1418/11/1042 1419/6/1043 1420/11/1044
f 1420/11/1044 1419/6/1043 1421/6/1045
f 1422/6/1046 1423/11/1047 1424/11/1048
f 1422/6/1046 1425/6/1049 1423/11/1047
f 1426/6/1050 1427/11/1051 1428/6/1052
f 1427/11/1051 1426/6/1050 1429/11/1053
f 1430/6/1054 1431/6/1055 1432/11/1053
f 1432/11/1053 1431/6/1055 1433/11/1056
f 1434/3/1057 1435/2/1058 1436/5/1059
f 1435/2/1058 1434/3/1057 1437/4/1060
f 1438/3/1061 1439/2/1062 1440/4/1063
f 1439/2/1062 1438/3/1061 1441/5/1064
f 1442/11/1065 1443/13/1066 1444/11/1067
f 1443/13/1066 1442/11/1065 1445/13/970
f 1446/13/1068 1447/11/1069 1448/11/1070
f 1447/11/1069 1446/13/1068 1449/13/1071
f 1450/14/1072 1451/11/1073 1452/13/1073
f 1451/11/1073 1450/14/1072 1453/12/1072
f 1454/11/1073 1455/13/1074 1452/13/1073
f 1455/13/1074 1454/11/1073 1456/11/1075
f 1457/13/1074 1456/11/1076 1458/11/1077
f 1458/11/1077 1459/13/1078 1457/13/1074
f 1460/16/1079 1461/15/1080 1462/16/1081
f 1463/13/1082 1464/11/1083 1465/13/1084
f 1464/11/1083 1463/13/1082 1466/11/1085
f 1466/11/1086 1467/13/1082 1468/11/1087
f 1468/11/1087 1467/13/1082 1469/13/1088
f 1470/13/1089 1471/13/1090 1472/11/1091
f 1473/6/1092 1474/7/1093 1475/11/1094
f 1475/11/1094 1474/7/1093 1476/12/1095
f 1477/7/1096 1478/11/1097 1479/12/1098
f 1478/11/1097 1477/7/1096 1480/6/1099
f 1481/11/1100 1482/6/1101 1483/11/1102
f 1484/4/1103 1485/2/1104 1486/4/1105
f 1487/2/1106 1486/4/1105 1485/2/1104
f 1488/2/1107 1484/4/1108 1489/4/1109
f 1490/2/1110 1491/4/1111 1492/4/1112
f 1490/2/1110 1492/4/1112 1493/2/1113
f 1494/2/1114 1495/4/1115 1491/4/1116
f 1496/6/1117 1497/4/1118 1498/6/1119
f 1499/11/1083 1500/12/1120 1501/13/1084
f 1501/13/1084 1500/12/1120 1502/14/1120
f 1503/16/1121 1504/15/1122 1505/16/1123
f 1506/12/588 1507/6/589 1508/7/588
f 1507/6/589 1506/12/588 1509/11/591
f 1510/6/592 1511/12/590 1512/7/590
f 1511/12/590 1510/6/592 1513/11/593
f 1514/11/1124 1515/6/1125 1516/11/1126
f 1517/13/1127 1518/11/1128 1519/13/1129
f 1520/11/1130 1521/11/1131 1522/6/1132
f 1523/11/1133 1524/11/1134 1525/6/1135
f 1526/8/1136 1527/10/1137 1528/8/1138
f 1526/8/1139 1529/8/1140 1530/10/1141
f 1529/8/1140 1531/10/1142 1530/10/1141
f 1532/6/1143 1533/6/1144 1534/4/1145
f 1535/11/600 1536/6/592 1537/6/601
f 1536/6/592 1535/11/600 1538/11/602
f 1537/6/601 1539/6/1146 1535/11/600
f 1535/11/600 1539/6/1146 1540/11/1147
f 1541/6/605 1542/11/606 1543/6/871
f 1542/11/606 1541/6/605 1544/11/948
f 1545/6/1148 1543/6/871 1542/11/606
f 1545/6/1148 1542/11/606 1546/11/1149
f 1547/4/1150 1548/2/1151 1549/2/1152
f 1548/2/1151 1547/4/1150 1550/4/1151
f 1551/11/1153 1552/6/1154 1553/6/1155
f 1551/11/1153 1553/6/1155 1554/11/1156
f 1555/6/1157 1556/6/1158 1557/11/1159
f 1555/6/1157 1557/11/1159 1558/11/1160
f 1559/12/958 1560/14/1161 1561/13/960
f 1559/12/958 1561/13/960 1562/11/961
f 1563/11/962 1564/13/963 1565/12/964
f 1564/13/963 1566/14/1162 1565/12/964
f 1567/13/1163 1568/13/1164 1569/11/1165
f 1570/13/1066 1571/13/1166 1572/11/1167
f 1573/13/1168 1574/11/1169 1575/13/1170
f 1576/13/1171 1577/11/1172 1578/13/1173
f 1579/16/1079 1580/15/1080 1581/16/1081
f 1582/3/623 1583/7/623 1584/6/624
f 1582/3/623 1584/6/624 1585/4/625
f 1586/4/626 1587/6/627 1588/3/628
f 1587/6/627 1589/7/628 1588/3/628
f 1590/3/1174 1591/6/1175 1592/7/1174
f 1591/6/1175 1590/3/1174 1593/4/1176
f 1594/3/1174 1595/6/1177 1596/4/1178
f 1595/6/1177 1594/3/1174 1597/7/1174
f 1598/11/1179 1599/13/983 1600/11/984
f 1599/13/983 1598/11/1179 1601/13/1180
f 1600/11/1181 1602/13/1182 1603/11/1183
f 1604/6/1184 1605/4/1185 1606/6/1186
f 1607/11/1187 1608/6/1188 1609/11/1189
f 1610/13/1023 1611/11/1190 1612/11/1191
f 1611/11/1190 1610/13/1023 1613/13/1192
f 1614/11/1193 1615/13/1194 1612/11/1195
f 1616/13/1196 1617/11/1197 1618/13/1198
f 1619/11/1199 1618/13/1198 1617/11/1197
f 1617/11/1197 1616/13/1196 1620/11/1200
f 1621/13/1201 1620/11/1200 1616/13/1196
f 1622/3/1202 1623/6/1203 1624/7/1202
f 1623/6/1203 1622/3/1202 1625/4/1204
f 1626/3/1202 1627/6/1205 1628/4/1206
f 1627/6/1205 1626/3/1202 1629/7/1202
f 1630/9/1207 1631/8/1208 1632/9/1209
f 1633/4/1210 1634/4/1211 1635/2/1212
f 1636/6/1213 1637/4/667 1638/4/1214
f 1637/4/667 1636/6/1213 1639/6/1215
f 1640/6/670 1637/4/667 1639/6/1215
f 1637/4/667 1640/6/670 1641/4/626
f 1642/4/1216 1643/6/1217 1644/4/1218
f 1643/6/1217 1642/4/1216 1645/6/1219
f 1642/4/1216 1646/6/1220 1645/6/1219
f 1646/6/1220 1642/4/1216 1647/4/1221
f 1648/6/1222 1649/4/692 1650/6/693
f 1649/4/692 1648/6/1222 1651/4/1223
f 1650/6/693 1649/4/692 1652/6/624
f 1653/4/695 1652/6/624 1649/4/692
f 1654/6/1224 1655/4/1225 1656/4/1226
f 1655/4/1225 1654/6/1224 1657/6/1227
f 1657/6/1227 1658/6/1228 1655/4/1225
f 1659/4/1229 1655/4/1225 1658/6/1228
f 1660/6/1230 1661/12/1231 1662/7/1231
f 1661/12/1231 1660/6/1230 1663/11/1232
f 1664/12/1233 1665/6/1234 1666/7/1231
f 1665/6/1234 1664/12/1233 1667/11/1235
f 1668/6/1236 1669/6/1237 1670/4/1238
f 1671/3/1239 1672/6/1240 1673/7/1239
f 1672/6/1240 1671/3/1239 1674/4/1241
f 1675/4/1242 1676/2/1243 1677/4/1244
f 1678/3/1239 1679/6/1245 1680/4/1246
f 1679/6/1245 1678/3/1239 1681/7/1239
f 1682/6/1247 1683/4/1248 1684/4/1249
f 1683/4/1248 1682/6/1247 1685/6/1250
f 1686/6/1251 1684/4/1252 1687/6/1253
f 1688/4/1254 1685/6/1255 1689/6/1256
f 1685/6/1255 1688/4/1254 1690/4/1257
f 1691/11/1258 1692/12/1259 1693/13/1260
f 1693/13/1260 1692/12/1259 1694/14/1259
f 1695/12/1259 1696/13/1261 1697/14/1259
f 1696/13/1261 1695/12/1259 1698/11/1262
f 1699/6/1263 1700/4/1264 1701/6/1265
f 1700/4/1264 1699/6/1263 1702/4/1266
f 1703/6/1267 1704/6/1268 1702/4/1269
f 1705/4/1270 1701/6/1271 1706/4/1272
f 1701/6/1271 1705/4/1270 1707/6/1273
f 1708/16/1274 1709/15/1275 1710/16/1276
f 1711/3/1057 1712/2/1058 1713/5/1277
f 1712/2/1058 1711/3/1057 1714/4/1060
f 1715/3/1278 1716/2/1062 1717/4/1063
f 1716/2/1062 1715/3/1278 1718/5/1064
f 1719/15/1279 1720/16/779 1721/16/1280
f 1719/15/1279 1721/16/1280 1722/15/1281
f 1723/11/1282 1724/11/1283 1725/6/1284
f 1726/16/1285 1727/10/1286 1728/10/1287
f 1727/10/1286 1726/16/1285 1729/16/1288
f 1730/6/1289 1731/11/1290 1732/11/1291
f 1730/6/1289 1733/6/1292 1731/11/1290
f 1734/11/1293 1735/6/1294 1736/6/1295
f 1734/11/1293 1736/6/1295 1737/11/1296
f 1738/13/1297 1739/11/1298 1740/13/1299
f 1739/11/1298 1738/13/1297 1741/11/1300
f 1741/11/1301 1742/13/1302 1743/11/1303
f 1743/11/1303 1742/13/1302 1744/13/1304
f 1745/11/1305 1746/6/1306 1747/11/1307
f 1748/11/1308 1749/13/1309 1750/11/1310
f 1749/13/1309 1748/11/1308 1751/13/1311
f 1752/11/1312 1753/13/1313 1754/13/1314
f 1753/13/1313 1752/11/1312 1755/11/1315
f 1756/11/1316 1757/13/1317 1758/13/1318
f 1757/13/1317 1756/11/1316 1759/11/1319
f 1757/13/1317 1759/11/1319 1760/11/1320
f 1760/11/1320 1761/13/1321 1757/13/1317
f 1761/13/1322 1762/11/1323 1763/13/1324
f 1764/11/1325 1765/13/1326 1766/13/1327
f 1766/13/1327 1767/11/1327 1764/11/1325
f 1765/13/1328 1768/11/1329 1769/13/1330
f 1770/4/1331 1771/2/1104 1772/4/1105
f 1773/2/1106 1772/4/1105 1771/2/1104
f 1774/2/1332 1770/4/1333 1775/4/1334
f 1775/4/1335 1776/4/1336 1777/2/1337
f 1778/11/1338 1779/13/1339 1780/13/1340
f 1779/13/1339 1778/11/1338 1781/11/1341
f 1782/13/1342 1781/11/1341 1783/11/1343
f 1782/13/1342 1783/11/1343 1784/13/1344
f 1785/12/588 1786/6/589 1787/7/590
f 1786/6/589 1785/12/588 1788/11/591
f 1789/6/592 1790/12/590 1791/7/590
f 1790/12/590 1789/6/592 1792/11/593
f 1793/11/1345 1794/13/1346 1795/11/1347
f 1794/13/1346 1793/11/1345 1796/13/1348
f 1797/11/1349 1795/11/1350 1798/13/1351
f 1797/11/1349 1798/13/1351 1799/13/1352
f 1800/2/1353 1801/4/1354 1802/4/1112
f 1800/2/1353 1802/4/1112 1803/2/1113
f 1804/2/1355 1805/4/1356 1801/4/1357
f 1805/4/1356 1804/2/1355 1806/4/1358
f 1807/11/1359 1808/11/1360 1809/6/1361
f 1810/11/1362 1811/13/1363 1812/11/1364
f 1811/13/1363 1810/11/1362 1813/13/1365
f 1814/11/1366 1813/13/1365 1810/11/1362
f 1814/11/1366 1815/13/1367 1813/13/1365
f 1816/13/1368 1817/13/1369 1818/11/1370
f 1819/13/1371 1820/13/1372 1821/11/1373
f 1822/13/1374 1823/13/1375 1824/11/1376
f 1825/4/1377 1826/6/1378 1827/6/1379
f 1826/6/1378 1825/4/1377 1828/4/1380
f 1829/4/1381 1830/6/1382 1831/4/1383
f 1830/6/1382 1829/4/1381 1832/6/1384
f 1833/9/1385 1834/8/1386 1835/9/1387
f 1836/12/958 1837/14/1388 1838/13/960
f 1836/12/958 1838/13/960 1839/11/961
f 1840/11/1389 1841/13/963 1842/12/964
f 1841/13/963 1843/14/965 1842/12/964
f 1844/11/600 1845/6/592 1846/6/601
f 1845/6/592 1844/11/600 1847/11/602
f 1846/6/601 1848/6/1390 1844/11/600
f 1844/11/600 1848/6/1390 1849/11/1391
f 1849/11/1391 1850/6/1392 1851/11/1393
f 1852/13/1394 1853/11/1395 1854/13/1396
f 1855/6/605 1856/11/606 1857/6/871
f 1856/11/606 1855/6/605 1858/11/591
f 1859/6/1397 1857/6/871 1856/11/606
f 1859/6/1397 1856/11/606 1860/11/1398
f 1860/11/1399 1861/11/1400 1862/6/1401
f 1863/11/1179 1864/13/1402 1865/11/984
f 1864/13/1402 1863/11/1179 1866/13/960
f 1865/11/1181 1867/13/1182 1868/11/1403
f 1869/9/1404 1870/8/1405 1871/9/1406
f 1872/13/1023 1873/11/1190 1874/11/1191
f 1873/11/1190 1872/13/1023 1875/13/963
f 1876/11/1407 1877/13/1408 1874/11/1195
f 1878/3/623 1879/7/623 1880/6/624
f 1878/3/623 1880/6/624 1881/4/695
f 1882/4/862 1883/6/627 1884/3/628
f 1883/6/627 1885/7/628 1884/3/628
f 1886/10/1409 1887/16/1410 1888/10/1411
f 1889/16/1412 1886/10/1413 1890/10/1414
f 1890/10/1414 1891/16/1415 1889/16/1412
f 1892/13/1416 1893/11/1417 1894/13/1418
f 1895/6/1419 1896/4/1420 1897/6/1421
f 1898/6/1422 1899/4/692 1900/6/693
f 1899/4/692 1898/6/1422 1901/4/1423
f 1900/6/693 1899/4/692 1902/6/624
f 1903/4/695 1902/6/624 1899/4/692
f 1904/6/1424 1905/4/885 1906/4/1425
f 1905/4/885 1904/6/1424 1907/6/1215
f 1908/6/670 1905/4/885 1907/6/1215
f 1905/4/885 1908/6/670 1909/4/626
f 1910/13/1426 1911/13/1427 1912/11/1428
f 1913/13/1429 1914/11/1430 1915/13/1431
f 1916/6/1432 1917/6/1433 1918/4/1434
f 1919/3/1057 1920/2/1058 1921/5/1277
f 1920/2/1058 1919/3/1057 1922/4/1060
f 1923/3/1061 1924/2/1435 1925/4/1063
f 1924/2/1435 1923/3/1061 1926/5/1059
f 1927/11/1345 1928/12/1436 1929/13/1437
f 1929/13/1437 1928/12/1436 1930/14/1438
f 1931/12/1436 1932/13/1439 1933/14/1440
f 1932/13/1439 1931/12/1436 1934/11/1441
f 1935/11/1442 1936/13/1443 1937/11/1443
f 1936/13/1443 1935/11/1442 1938/13/1444
f 1939/11/1445 1940/13/1446 1941/13/1447
f 1942/11/1448 1940/13/1446 1939/11/1445
f 1943/4/1449 1944/2/1104 1945/4/1105
f 1946/2/1106 1945/4/1105 1944/2/1104
f 1947/2/1450 1943/4/1108 1948/4/1451
f 1949/13/1452 1950/13/1453 1951/11/1454
f 1952/2/1353 1953/4/1354 1954/4/1112
f 1952/2/1353 1954/4/1112 1955/2/1113
f 1956/2/1455 1957/4/1456 1953/4/1457
f 1958/11/1458 1959/6/1459 1960/11/1460
f 1961/6/1461 1962/6/1462 1963/11/1463
f 1963/11/1463 1962/6/1462 1964/11/1464
f 1965/11/1465 1966/6/1466 1967/11/1467
f 1967/11/1467 1966/6/1466 1968/6/1468
f 1969/13/1469 1970/11/1407 1971/13/1470
f 1972/9/1471 1973/8/1471 1974/8/1471
f 1973/8/1471 1972/9/1471 1975/9/1471
f 1976/8/1472 1977/10/1473 1978/10/1473
f 1976/8/1472 1978/10/1473 1979/8/1472
f 1980/4/1451 1981/4/1474 1982/2/1475
f 1983/6/1476 1984/4/1477 1985/6/1478
f 1986/12/588 1987/6/589 1988/7/588
f 1987/6/589 1986/12/588 1989/11/1479
f 1990/6/592 1991/12/590 1992/7/590
f 1991/12/590 1990/6/592 1993/11/593
f 1994/11/1480 1995/11/1481 1996/6/1482
f 1997/6/1483 1998/11/1293 1999/7/1484
f 1998/11/1293 2000/12/1484 1999/7/1484
f 2001/7/1484 2002/12/1484 2003/11/1485
f 2001/7/1484 2003/11/1485 2004/6/1486
f 2005/6/605 2006/11/606 2007/6/871
f 2006/11/606 2005/6/605 2008/11/948
f 2009/6/1487 2007/6/871 2006/11/606
f 2009/6/1487 2006/11/606 2010/11/1488
f 2011/10/890 2012/16/891 2013/10/892
f 2014/16/893 2011/10/894 2015/10/1489
f 2015/10/1489 2016/16/896 2014/16/893
f 2017/4/1490 2018/2/1491 2019/4/1492
f 2020/6/1493 2021/6/1494 2022/4/1495
f 2023/7/1496 2024/11/1497 2025/12/1496
f 2024/11/1497 2023/7/1496 2026/6/1498
f 2027/6/1499 2028/7/1496 2029/11/1500
f 2029/11/1500 2028/7/1496 2030/12/1501
f 2031/11/1502 2032/6/1503 2033/11/1504
f 2034/11/1505 2035/11/1506 2036/6/1507
f 2037/4/1508 2038/4/1509 2039/2/1510
f 2038/4/1509 2040/2/1511 2039/2/1510
f 2041/4/1512 2042/4/1513 2040/2/1514
f 2042/4/1513 2043/2/1515 2040/2/1514
f 2042/4/1513 2044/4/1516 2043/2/1515
f 2045/9/1517 2046/8/1518 2047/8/1519
f 2046/8/1518 2045/9/1517 2048/9/1520
f 2049/2/1521 2050/4/1522 2051/4/1523
f 2052/2/1524 2050/4/1522 2049/2/1521
f 2053/4/1525 2052/2/1526 2054/4/1527
f 2055/2/1528 2054/4/1527 2052/2/1526
f 2054/4/1527 2055/2/1528 2056/4/1529
f 2057/10/569 2058/8/1530 2059/10/1531
f 2058/8/1530 2057/10/569 2060/8/571
f 2061/12/958 2062/14/959 2063/13/960
f 2061/12/958 2063/13/960 2064/11/961
f 2065/11/962 2066/13/963 2067/12/964
f 2066/13/963 2068/14/965 2067/12/964
f 2069/11/1532 2070/13/1533 2071/11/1534
f 2069/11/1532 2072/13/1535 2070/13/1533
f 2073/13/1536 2074/11/1537 2075/13/1538
f 2075/13/1538 2074/11/1537 2076/11/1539
f 2077/11/1540 2078/13/1541 2079/11/1542
f 2077/11/1540 2080/13/1543 2078/13/1541
f 2081/12/1544 2082/13/1545 2083/14/1546
f 2082/13/1545 2081/12/1544 2084/11/1312
f 2085/13/1547 2086/11/1548 2087/13/1447
f 2088/11/1549 2087/13/1447 2086/11/1548
f 2089/3/1550 2090/2/1551 2091/4/1552
f 2090/2/1551 2089/3/1550 2092/5/1550
f 2093/2/1553 2094/3/1550 2095/4/1554
f 2094/3/1550 2093/2/1553 2096/5/1550
f 2097/11/1555 2098/12/1544 2099/13/1556
f 2099/13/1556 2098/12/1544 2100/14/1557
f 2101/11/600 2102/6/592 2103/6/601
f 2102/6/592 2101/11/600 2104/11/602
f 2103/6/601 2105/6/1558 2101/11/600
f 2101/11/600 2105/6/1558 2106/11/1559
f 2106/11/1560 2107/6/1561 2108/11/1562
f 2109/3/623 2110/7/628 2111/6/624
f 2109/3/623 2111/6/624 2112/4/625
f 2113/4/626 2114/6/627 2115/3/628
f 2114/6/627 2116/7/628 2115/3/628
f 2117/6/1563 2118/4/692 2119/6/693
f 2118/4/692 2117/6/1563 2120/4/1564
f 2119/6/693 2118/4/692 2121/6/624
f 2122/4/695 2121/6/624 2118/4/692
f 2123/11/961 2124/13/983 2125/11/984
f 2124/13/983 2123/11/961 2126/13/960
f 2125/11/985 2127/13/986 2128/11/1565
f 2129/6/1566 2130/4/667 2131/4/1567
f 2130/4/667 2129/6/1566 2132/6/669
f 2133/6/670 2130/4/667 2132/6/669
f 2130/4/667 2133/6/670 2134/4/626
f 2135/13/1023 2136/11/1024 2137/11/1025
f 2136/11/1024 2135/13/1023 2138/13/1026
f 2139/11/1568 2140/13/1569 2137/11/1195
f 2141/6/1570 2142/11/1464 2143/6/1571
f 2142/11/1464 2141/6/1570 2144/11/1572
f 2145/15/1573 2146/16/1574 2147/16/1575
f 2146/16/1574 2145/15/1573 2148/15/1576
f 2149/11/1577 2150/6/1578 2151/11/1579
f 2151/11/1579 2150/6/1578 2152/6/1580
f 2153/13/1581 2154/13/1582 2155/11/1583
f 2156/11/1584 2157/11/1585 2158/6/1586
f 2159/4/1587 2160/7/1588 2161/6/1589
f 2160/7/1588 2159/4/1587 2162/3/1588
f 2163/7/1588 2164/4/1590 2165/6/1591
f 2164/4/1590 2163/7/1588 2166/3/1588
f 2167/13/1569 2168/11/1592 2169/13/1593
f 2170/11/1594 2171/13/1595 2172/11/1596
f 2173/6/1597 2174/4/1598 2175/6/1599
f 2176/3/1057 2177/2/1058 2178/5/1059
f 2177/2/1058 2176/3/1057 2179/4/1060
f 2180/3/1057 2181/2/1062 2182/4/1063
f 2181/2/1062 2180/3/1057 2183/5/1064
f 2184/6/1600 2185/6/1601 2186/4/1602
f 2187/10/1603 2188/16/1604 2189/10/1605
f 2190/16/1606 2187/10/1607 2191/10/1608
f 2191/10/1608 2192/16/1609 2190/16/1606
f 2193/15/845 2194/16/1610 2195/16/1611
f 2194/16/1610 2193/15/845 2196/15/1612
f 2197/2/1613 2198/3/1614 2199/5/1614
f 2198/3/1614 2197/2/1613 2200/4/1615
f 2201/3/1616 2202/2/1617 2203/5/1614
f 2202/2/1617 2201/3/1616 2204/4/1618
f 2205/4/1619 2206/2/1104 2207/4/1105
f 2208/2/1106 2207/4/1105 2206/2/1104
f 2209/2/1107 2205/4/1108 2210/4/1620
f 2211/2/1353 2212/4/1621 2213/4/1112
f 2211/2/1353 2213/4/1112 2214/2/1622
f 2215/2/1623 2216/4/1114 2212/4/1116
f 2217/6/1624 2218/4/1625 2219/6/1626
f 2218/4/1625 2217/6/1624 2220/4/1627
f 2217/6/1624 2221/6/1628 2220/4/1627
f 2222/16/1629 2223/10/1630 2224/10/1631
f 2224/10/1631 2225/16/1632 2222/16/1629
f 2223/10/1633 2226/16/1634 2227/10/1635
f 2228/6/1636 2229/4/1637 2230/4/1638
f 2229/4/1637 2228/6/1636 2231/6/1639
f 2228/6/1636 2230/4/1638 2232/6/1640
f 2233/9/1641 2234/8/1642 2235/8/1643
f 2234/8/1642 2233/9/1641 2236/9/1644
f 2237/8/1645 2238/10/1646 2239/10/1647
f 2237/8/1645 2239/10/1647 2240/8/1648
f 2241/11/1649 2242/13/1650 2243/11/1651
f 2244/6/605 2245/11/606 2246/6/871
f 2245/11/606 2244/6/605 2247/11/608
f 2248/6/1652 2246/6/871 2245/11/606
f 2248/6/1652 2245/11/606 2249/11/1653
f 2250/11/600 2251/6/592 2252/6/601
f 2251/6/592 2250/11/600 2253/11/602
f 2252/6/601 2254/6/1654 2250/11/600
f 2250/11/600 2254/6/1654 2255/11/1655
f 2256/12/588 2257/6/589 2258/7/590
f 2257/6/589 2256/12/588 2259/11/1479
f 2260/6/592 2261/12/590 2262/7/590
f 2261/12/590 2260/6/592 2263/11/602
f 2264/11/1656 2265/6/1657 2266/11/1658
f 2267/11/1659 2268/11/1660 2269/6/1661
f 2270/4/1221 2271/7/1662 2272/6/1663
f 2271/7/1662 2270/4/1221 2273/3/1662
f 2274/7/1662 2275/4/1229 2276/6/1228
f 2275/4/1229 2274/7/1662 2277/3/1662
f 2278/4/1664 2279/4/1665 2280/2/1666
f 2281/11/1667 2282/6/1668 2283/11/1669
f 2284/4/1670 2285/2/1671 2286/4/1672
f 2287/12/1673 2288/13/1674 2289/14/1673
f 2288/13/1674 2287/12/1673 2290/11/1675
f 2291/11/1676 2292/12/1673 2293/13/1677
f 2293/13/1677 2292/12/1673 2294/14/1673
f 2295/11/1678 2296/11/1679 2297/6/1680
f 2298/13/1681 2299/13/1682 2300/11/1032
f 2301/13/1683 2302/11/1684 2303/13/1685
f 2304/11/962 2305/13/963 2306/12/964
f 2305/13/963 2307/14/1162 2306/12/964
f 2308/12/958 2309/14/1161 2310/13/960
f 2308/12/958 2310/13/960 2311/11/961
f 2312/6/1686 2313/6/1687 2314/4/1688
f 2315/6/1689 2316/4/1690 2317/6/1691
f 2318/6/1692 2319/4/692 2320/6/693
f 2319/4/692 2318/6/1692 2321/4/1693
f 2320/6/693 2319/4/692 2322/6/624
f 2323/4/695 2322/6/624 2319/4/692
f 2324/6/1694 2325/4/667 2326/4/1695
f 2325/4/667 2324/6/1694 2327/6/669
f 2328/6/670 2325/4/667 2327/6/669
f 2325/4/667 2328/6/670 2329/4/626
f 2330/3/623 2331/7/623 2332/6/624
f 2330/3/623 2332/6/624 2333/4/625
f 2334/4/626 2335/6/627 2336/3/628
f 2335/6/627 2337/7/628 2336/3/628
f 2338/11/1179 2339/13/983 2340/11/984
f 2339/13/983 2338/11/1179 2341/13/1180
f 2340/11/1181 2342/13/1182 2343/11/1696
f 2344/13/1023 2345/11/1190 2346/11/1697
f 2345/11/1190 2344/13/1023 2347/13/1192
f 2348/11/1698 2349/13/1699 2346/11/1195
f 2350/4/1700 2351/2/1701 2352/4/1702
f 2353/4/1703 2354/4/1704 2355/2/1705
f 2356/6/1706 2357/4/1707 2358/6/1708
f 2359/6/1709 2360/4/1710 2361/6/1711
f 2360/4/1710 2359/6/1709 2362/4/1712
f 2363/4/1713 2361/6/1711 2360/4/1710
f 2361/6/1711 2363/4/1713 2364/6/1714
f 2365/4/1715 2366/6/1716 2367/6/1717
f 2366/6/1716 2365/4/1715 2368/4/1718
f 2367/6/1717 2369/4/1719 2365/4/1715
f 2369/4/1719 2367/6/1717 2370/6/1720
f 2371/4/1721 2372/6/1722 2373/4/1723
f 2372/6/1722 2371/4/1721 2374/6/1724
f 2375/4/1725 2376/6/1726 2374/6/1727
f 2376/6/1726 2375/4/1725 2377/4/1587
f 2378/15/1728 2379/16/1729 2380/16/1730
f 2379/16/1729 2378/15/1728 2381/15/1731
f 2382/6/1732 2383/6/1733 2384/4/1734
f 2385/12/1735 2386/13/1736 2387/14/1737
f 2386/13/1736 2385/12/1735 2388/11/1738
f 2389/11/1649 2390/12/1735 2391/13/1739
f 2391/13/1739 2390/12/1735 2392/14/1737
f 2393/6/1740 2394/4/1741 2395/4/1742
f 2394/4/1741 2393/6/1740 2396/6/1743
f 2396/6/1743 2397/6/1591 2398/4/1744
f 2399/4/1745 2398/4/1744 2397/6/1591
f 2400/13/1746 2401/13/1747 2402/11/1748
f 2403/13/1749 2404/11/1750 2405/13/1751
f 2406/11/1752 2407/13/1753 2408/11/1754
f 2408/11/1754 2407/13/1753 2409/13/1755
f 2410/13/1756 2411/11/1757 2412/13/1758
f 2413/3/1061 2414/2/1435 2415/4/1063
f 2414/2/1435 2413/3/1061 2416/5/1759
f 2417/3/1057 2418/2/1058 2419/5/1277
f 2418/2/1058 2417/3/1057 2420/4/1060
f 2421/4/1760 2422/7/1761 2423/6/1762
f 2422/7/1761 2421/4/1760 2424/3/1763
f 2425/7/1763 2426/4/1764 2427/6/1765
f 2426/4/1764 2425/7/1763 2428/3/1763
f 2429/4/1331 2430/2/1104 2431/4/1105
f 2432/2/1106 2431/4/1105 2430/2/1104
f 2433/2/1766 2429/4/1333 2434/4/1767
f 2435/15/1768 2436/16/1769 2437/16/1770
f 2436/16/1769 2435/15/1768 2438/15/1771
f 2439/16/1415 2440/10/1772 2441/10/1773
f 2441/10/1773 2442/16/1774 2439/16/1415
f 2443/11/1775 2444/13/1776 2445/11/1777
f 2446/13/1778 2445/11/1777 2444/13/1776
f 2447/11/1779 2448/6/1780 2449/11/1781
f 2450/11/1782 2451/13/1783 2452/13/1784
f 2452/13/1784 2453/11/1785 2450/11/1782
f 2454/2/1353 2455/4/1354 2456/4/1112
f 2454/2/1353 2456/4/1112 2457/2/1113
f 2458/2/1786 2459/4/1787 2455/4/1457
f 2459/4/1787 2458/2/1786 2460/4/1788
f 2461/4/1789 2462/4/1790 2463/2/1791
f 2464/6/1792 2465/4/1793 2466/6/1794
f 2465/4/1793 2464/6/1792 2467/4/1795
f 2468/11/1796 2469/11/1797 2470/6/1798
f 2471/6/1799 2472/4/1800 2473/4/1637
f 2472/4/1800 2471/6/1799 2474/6/1801
f 2475/6/1802 2476/6/1803 2477/4/1804
f 2478/15/1805 2479/16/1806 2480/16/1807
f 2479/16/1806 2478/15/1805 2481/15/1808
f 2482/12/588 2483/6/589 2484/7/590
f 2483/6/589 2482/12/588 2485/11/591
f 2486/6/592 2487/12/590 2488/7/590
f 2487/12/590 2486/6/592 2489/11/593
f 2490/6/1809 2491/4/1810 2492/6/1811
f 2493/12/1812 2494/13/1813 2495/14/1812
f 2494/13/1813 2493/12/1812 2496/11/1814
f 2497/11/1815 2498/12/1816 2499/13/1817
f 2499/13/1817 2498/12/1816 2500/14/1812
f 2501/6/1818 2502/4/1819 2503/6/1820
f 2504/13/1778 2505/13/1821 2506/11/1822
f 2507/6/1823 2508/6/1824 2509/4/1825
f 2510/13/1826 2511/11/1827 2512/13/1828
f 2513/13/1829 2514/13/1830 2515/11/1831
f 2516/4/1832 2517/6/1833 2518/6/1834
f 2517/6/1833 2516/4/1832 2519/4/1835
f 2520/6/1836 2519/4/1837 2521/6/1838
f 2522/4/1839 2518/6/1840 2523/6/1841
f 2518/6/1840 2522/4/1839 2524/4/1842
f 2525/6/1843 2526/4/1844 2527/6/1845
f 2526/4/1844 2525/6/1843 2528/4/1846
f 2529/6/1847 2527/6/1845 2526/4/1844
f 2529/6/1847 2526/4/1844 2530/4/1848
f 2531/4/1849 2532/6/1850 2533/4/1851
f 2532/6/1850 2531/4/1849 2534/6/1852
f 2535/6/1853 2536/6/1854 2533/4/1855
f 2537/4/1856 2534/6/1857 2538/4/1858
f 2534/6/1857 2537/4/1856 2539/6/1859
f 2540/6/1860 2541/4/1861 2542/6/1862
f 2541/4/1861 2540/6/1860 2543/4/1863
f 2540/6/1860 2544/6/1864 2543/4/1863
f 2545/4/1865 2546/6/1866 2547/6/1867
f 2546/6/1866 2545/4/1865 2548/4/1868
f 2546/6/1866 2548/4/1868 2549/6/1869
f 2550/11/1870 2551/13/1871 2552/11/1872
f 2553/11/1389 2554/13/963 2555/12/958
f 2554/13/963 2556/14/965 2555/12/958
f 2557/12/1873 2558/14/1874 2559/13/960
f 2557/12/1873 2559/13/960 2560/11/961
f 2561/11/600 2562/6/592 2563/6/601
f 2562/6/592 2561/11/600 2564/11/602
f 2563/6/601 2565/6/1875 2561/11/600
f 2561/11/600 2565/6/1875 2566/11/1876
f 2566/11/1877 2567/6/1878 2568/11/1879
f 2569/6/605 2570/11/606 2571/6/871
f 2570/11/606 2569/6/605 2572/11/591
f 2573/6/1880 2571/6/871 2570/11/606
f 2573/6/1880 2570/11/606 2574/11/1881
f 2574/11/1882 2575/11/1883 2576/6/1884
f 2577/11/1885 2578/13/1886 2579/11/1887
f 2580/2/1888 2581/4/1889 2582/2/1890
f 2583/4/1891 2582/2/1890 2581/4/1889
f 2584/13/1892 2585/13/1893 2586/11/1894
f 2587/4/1895 2588/2/1896 2589/4/1897
f 2588/2/1896 2587/4/1895 2590/2/1898
f 2591/6/1899 2592/4/692 2593/6/693
f 2592/4/692 2591/6/1899 2594/4/1900
f 2593/6/693 2592/4/692 2595/6/624
f 2596/4/695 2595/6/624 2592/4/692
f 2597/6/1901 2598/4/667 2599/4/1902
f 2598/4/667 2597/6/1901 2600/6/887
f 2601/6/670 2598/4/667 2600/6/887
f 2598/4/667 2601/6/670 2602/4/626
f 2603/11/1179 2604/13/1402 2605/11/984
f 2604/13/1402 2603/11/1179 2606/13/1903
f 2605/11/1181 2607/13/1182 2608/11/1904
f 2609/13/1905 2610/11/1906 2611/13/1907
f 2612/13/1023 2613/11/1190 2614/11/1191
f 2613/11/1190 2612/13/1023 2615/13/1908
f 2616/11/1909 2617/13/1905 2614/11/1195
f 2618/3/623 2619/7/623 2620/6/624
f 2618/3/623 2620/6/624 2621/4/695
f 2622/4/862 2623/6/627 2624/3/628
f 2623/6/627 2625/7/628 2624/3/628
f 2626/7/1910 2627/4/1911 2628/6/1912
f 2627/4/1911 2626/7/1910 2629/3/1913
f 2630/4/1914 2631/7/1915 2632/6/1916
f 2631/7/1915 2630/4/1914 2633/3/1917
f 2634/6/1918 2635/4/1919 2636/6/1920
f 2635/4/1919 2634/6/1918 2637/4/1921
f 2635/4/1919 2638/6/1922 2636/6/1920
f 2638/6/1922 2635/4/1919 2639/4/1914
f 2640/4/1923 2641/4/1924 2642/2/1925
f 2643/4/1926 2644/6/1927 2645/6/1928
f 2644/6/1927 2643/4/1926 2646/4/1929
f 2645/6/1928 2647/6/1930 2643/4/1926
f 2648/4/1911 2643/4/1926 2647/6/1930
f 2649/3/1061 2650/2/1435 2651/4/1063
f 2650/2/1435 2649/3/1061 2652/5/1059
f 2653/3/1057 2654/2/1058 2655/5/1277
f 2654/2/1058 2653/3/1057 2656/4/1060
f 2657/4/1931 2658/2/1932 2659/4/1933
f 2660/4/1934 2661/6/1935 2662/6/1378
f 2661/6/1935 2660/4/1934 2663/4/1936
f 2661/6/1935 2663/4/1936 2664/6/1937
f 2665/4/1938 2666/6/1939 2667/4/1940
f 2666/6/1939 2668/6/1941 2667/4/1940
f 2666/6/1939 2665/4/1938 2669/6/1942
f 2670/6/1943 2671/6/1944 2672/4/1945
f 2673/6/1946 2674/4/1947 2675/6/1948
f 2676/6/1949 2677/4/1950 2678/6/1951
f 2679/4/1331 2680/2/1104 2681/4/1105
f 2682/2/1106 2681/4/1105 2680/2/1104
f 2683/2/1450 2679/4/1108 2684/4/1952
f 2685/6/1953 2686/6/1954 2687/4/1955
f 2688/2/1353 2689/4/1354 2690/4/1112
f 2688/2/1353 2690/4/1112 2691/2/1113
f 2692/2/1956 2693/4/1957 2689/4/1457
f 2694/6/1958 2695/6/1959 2696/4/1960
f 2697/6/605 2698/11/606 2699/6/871
f 2698/11/606 2697/6/605 2700/11/948
f 2701/6/1961 2699/6/871 2698/11/606
f 2701/6/1961 2698/11/606 2702/11/1962
f 2703/2/1963 2704/3/1964 2705/5/1965
f 2704/3/1964 2703/2/1963 2706/4/1966
f 2707/5/1967 2708/3/1964 2709/4/1968
f 2707/5/1967 2709/4/1968 2710/2/1968
f 2711/2/1969 2712/3/1970 2713/4/1971
f 2712/3/1970 2711/2/1969 2714/5/1970
f 2715/3/1970 2716/2/1972 2717/4/1973
f 2716/2/1972 2715/3/1970 2718/5/1970
f 2719/6/1974 2720/4/1975 2721/6/1976
f 2722/4/1977 2723/6/1978 2724/6/1979
f 2723/6/1978 2722/4/1977 2725/4/1980
f 2724/6/1979 2726/4/1981 2722/4/1977
f 2726/4/1981 2724/6/1979 2727/6/1982
f 2728/12/588 2729/6/589 2730/7/588
f 2729/6/589 2728/12/588 2731/11/591
f 2732/6/592 2733/12/590 2734/7/590
f 2733/12/590 2732/6/592 2735/11/593
f 2736/6/1983 2737/4/1984 2738/6/1985
f 2737/4/1984 2736/6/1983 2739/4/1986
f 2740/4/1987 2738/6/1985 2737/4/1984
f 2738/6/1985 2740/4/1987 2741/6/1988
f 2742/15/1989 2743/16/1990 2744/16/1991
f 2743/16/1990 2742/15/1989 2745/15/714
f 2746/10/1992 2747/10/1993 2748/16/1994
f 2747/10/1993 2749/16/1995 2748/16/1994
f 2750/4/1996 2751/2/1997 2752/4/1998
f 2753/13/1999 2754/13/2000 2755/11/2001
f 2756/13/2002 2757/11/2003 2758/13/2004
f 2759/6/2005 2760/4/692 2761/6/693
f 2760/4/692 2759/6/2005 2762/4/2006
f 2761/6/693 2760/4/692 2763/6/624
f 2764/4/695 2763/6/624 2760/4/692
f 2765/4/2007 2766/2/2008 2767/4/2009
f 2768/4/2010 2769/4/2011 2770/2/2012
f 2771/16/2013 2772/15/2014 2773/15/2015
f 2772/15/2014 2771/16/2013 2774/16/2016
f 2775/11/962 2776/13/963 2777/12/958
f 2776/13/963 2778/14/965 2777/12/958
f 2779/10/1773 2780/10/2017 2781/16/2018
f 2780/10/2017 2782/16/2017 2781/16/2018
f 2783/12/1873 2784/14/1874 2785/13/2019
f 2783/12/1873 2785/13/2019 2786/11/961
f 2787/11/600 2788/6/592 2789/6/601
f 2788/6/592 2787/11/600 2790/11/602
f 2789/6/601 2791/6/2020 2787/11/600
f 2787/11/600 2791/6/2020 2792/11/2021
f 2792/11/2022 2793/6/2023 2794/11/2024
f 2795/6/2025 2796/4/667 2797/4/2026
f 2796/4/667 2795/6/2025 2798/6/887
f 2799/6/670 2796/4/667 2798/6/887
f 2796/4/667 2799/6/670 2800/4/626
f 2801/2/2027 2802/4/2028 2803/2/2029
f 2802/4/2028 2804/4/2030 2803/2/2029
f 2805/4/2031 2806/2/2032 2804/4/2033
f 2806/2/2032 2805/4/2031 2807/2/2034
f 2808/4/2031 2809/4/2035 2807/2/2036
f 2810/11/2037 2811/11/2038 2812/6/2039
f 2813/2/2040 2814/4/2041 2815/4/1973
f 2815/4/1973 2816/2/2042 2813/2/2040
f 2813/2/2040 2817/4/2043 2814/4/2041
f 2817/4/2043 2813/2/2040 2818/2/2044
f 2819/15/2045 2820/16/2046 2821/16/2047
f 2820/16/2046 2819/15/2045 2822/15/2048
f 2823/6/2049 2824/6/2050 2825/4/2051
f 2826/11/961 2827/13/983 2828/11/984
f 2827/13/983 2826/11/961 2829/13/960
f 2828/11/985 2830/13/1402 2831/11/2052
f 2832/16/1995 2833/10/1993 2834/10/2053
f 2834/10/2053 2835/16/2054 2832/16/1995
f 2836/3/623 2837/7/623 2838/6/624
f 2836/3/623 2838/6/624 2839/4/625
f 2840/4/626 2841/6/627 2842/3/628
f 2841/6/627 2843/7/628 2842/3/628
f 2844/6/2055 2845/4/2056 2846/6/2057
f 2847/13/1023 2848/11/1024 2849/11/1025
f 2848/11/1024 2847/13/1023 2850/13/1026
f 2851/11/2003 2852/13/2058 2849/11/1195
f 2853/4/2059 2854/7/2060 2855/6/2061
f 2854/7/2060 2853/4/2059 2856/3/2062
f 2857/7/2060 2858/4/2063 2859/6/2064
f 2858/4/2063 2857/7/2060 2860/3/2065
f 2861/4/2066 2862/4/2067 2863/2/2068
f 2864/4/2069 2865/2/2070 2866/4/2071
f 2867/3/1061 2868/2/1062 2869/4/1063
f 2868/2/1062 2867/3/1061 2870/5/1064
f 2871/3/1057 2872/2/1058 2873/5/1059
f 2872/2/1058 2871/3/1057 2874/4/1060
f 2875/2/2072 2876/3/2073 2877/4/2074
f 2876/3/2073 2875/2/2072 2878/5/2073
f 2879/3/2073 2880/2/2075 2881/4/2076
f 2880/2/2075 2879/3/2073 2882/5/2073
f 2883/4/1103 2884/2/1104 2885/4/1105
f 2886/2/1106 2885/4/1105 2884/2/1104
f 2887/2/1107 2883/4/1108 2888/4/2077
f 2889/2/2078 2890/4/1621 2891/4/1112
f 2889/2/2078 2891/4/1112 2892/2/1113
f 2893/2/2079 2894/4/2080 2890/4/1116
f 2895/6/2081 2896/4/2082 2897/6/2083
f 2896/4/2082 2895/6/2081 2898/4/2084
f 2896/4/2082 2899/6/2085 2897/6/2083
f 2899/6/2085 2896/4/2082 2900/4/2085
f 2901/13/2086 2902/11/2087 2903/13/2088
f 2904/13/2089 2905/13/2090 2906/11/2091
f 2907/11/2092 2908/13/2093 2909/16/2094
f 2908/13/2093 2910/15/2095 2909/16/2094
f 2911/4/2096 2912/6/2097 2913/6/2098
f 2912/6/2097 2911/4/2096 2914/4/2099
f 2913/6/2098 2915/6/2100 2911/4/2096
f 2916/4/2101 2911/4/2096 2915/6/2100
f 2917/6/2102 2918/16/2103 2919/10/2104
f 2918/16/2103 2917/6/2102 2920/11/2105
f 2921/4/2106 2922/4/2076 2923/2/2107
f 2922/4/2076 2924/2/2075 2923/2/2107
f 2925/2/2108 2926/4/2109 2921/4/2110
f 2926/4/2109 2925/2/2108 2927/2/2111
f 2928/4/2112 2927/2/2113 2929/4/2114
f 2930/4/2085 2931/7/2115 2932/6/2085
f 2931/7/2115 2930/4/2085 2933/3/2115
f 2934/7/2115 2935/4/2101 2936/6/2116
f 2935/4/2101 2934/7/2115 2937/3/2115
f 2938/6/2117 2939/4/2118 2940/4/2119
f 2939/4/2118 2938/6/2117 2941/6/2120
f 2942/6/2121 2939/4/2118 2941/6/2120
f 2939/4/2118 2942/6/2121 2943/4/2122
f 2944/4/2074 2945/4/2123 2946/2/2124
f 2944/4/2074 2946/2/2124 2947/2/2072
f 2948/4/2125 2949/2/2124 2945/4/2126
f 2949/2/2124 2948/4/2125 2950/2/2127
f 2951/4/2128 2952/4/2129 2950/2/2130
f 2953/9/2131 2954/8/2132 2955/8/2133
f 2954/8/2132 2953/9/2131 2956/9/2134
f 2957/8/2135 2958/10/2136 2959/10/2137
f 2957/8/2135 2959/10/2137 2960/8/2138
f 2961/15/2139 2962/16/2140 2963/16/2141
f 2962/16/2140 2961/15/2139 2964/15/2142
f 2965/4/2143 2966/2/2144 2967/4/2145
f 2966/2/2144 2965/4/2143 2968/2/2146
f 2969/2/2147 2970/4/1968 2967/4/2148
f 2971/2/1968 2970/4/1968 2969/2/2147
f 2972/4/2010 2968/2/2149 2973/4/2150
f 2968/2/2149 2972/4/2010 2974/2/2151
f 2975/9/2152 2976/8/2153 2977/8/2154
f 2976/8/2153 2975/9/2152 2978/9/2155
f 2979/10/2156 2980/10/2157 2981/16/2158
f 2980/10/2157 2982/16/2159 2981/16/2158
f 2983/8/2160 2984/10/2161 2985/10/2161
f 2983/8/2160 2985/10/2161 2986/8/2160
f 2987/11/962 2988/13/963 2989/12/964
f 2988/13/963 2990/14/965 2989/12/964
f 2991/12/1873 2992/14/965 2993/13/960
f 2991/12/1873 2993/13/960 2994/11/961
f 2995/4/2162 2996/4/2163 2997/2/2164
f 2998/2/2165 2995/4/2162 2997/2/2164
f 2995/4/2162 2998/2/2165 2999/4/2166
f 3000/4/2167 3001/2/2168 3002/2/2169
f 3001/2/2168 3000/4/2167 3003/4/1889
f 3004/4/2170 3005/2/2171 3006/4/2172
f 3004/4/2170 3007/2/2173 3005/2/2171
f 3007/2/2173 3004/4/2170 3008/4/2174
f 3009/6/2175 3010/4/2176 3011/6/2177
f 3010/4/2176 3009/6/2175 3012/4/1861
f 3011/6/2177 3010/4/2176 3013/6/2178
f 3014/4/2179 3013/6/2178 3010/4/2176
f 3015/4/2180 3016/2/2181 3017/4/2182
f 3016/2/2181 3015/4/2180 3018/2/2183
f 3019/6/2184 3020/7/2185 3021/11/2186
f 3021/11/2186 3020/7/2185 3022/12/2185
f 3023/7/2185 3024/11/2187 3025/12/2185
f 3024/11/2187 3023/7/2185 3026/6/2188
f 3027/11/1179 3028/13/983 3029/11/984
f 3028/13/983 3027/11/1179 3030/13/1180
f 3029/11/2189 3031/13/1182 3032/11/2190
f 3033/13/1023 3034/11/1190 3035/11/1191
f 3034/11/1190 3033/13/1023 3036/13/1192
f 3037/11/2191 3038/13/2192 3035/11/1195
f 3039/2/2193 3040/4/2194 3041/2/2195
f 3042/4/2196 3041/2/2195 3040/4/2194
f 3039/2/2197 3043/4/2198 3044/4/2199
f 3043/4/2198 3039/2/2197 3045/2/2200
f 3046/4/1966 3047/2/2201 3042/4/2202
f 3047/2/2201 3046/4/1966 3048/2/2203
f 3049/4/2204 3050/4/2205 3051/2/2206
f 3052/4/2207 3053/2/2208 3054/4/2209
f 3055/2/2210 3056/3/2211 3057/4/2212
f 3056/3/2211 3055/2/2210 3058/5/2211
f 3059/3/2211 3060/2/2213 3061/4/2214
f 3060/2/2213 3059/3/2211 3062/5/2211
f 3063/15/2215 3064/16/2141 3065/16/2216
f 3064/16/2141 3063/15/2215 3066/15/2217
f 3067/16/2159 3068/10/2157 3069/10/2218
f 3069/10/2218 3070/16/2219 3067/16/2159
f 3071/3/1061 3072/2/1435 3073/4/1063
f 3072/2/1435 3071/3/1061 3074/5/1759
f 3075/4/2220 3076/6/2221 3077/3/2222
f 3076/6/2221 3078/7/2222 3077/3/2222
f 3079/3/2222 3080/7/2223 3081/6/1794
f 3079/3/2222 3081/6/1794 3082/4/1793
f 3083/3/1057 3084/2/1058 3085/5/1277
f 3084/2/1058 3083/3/1057 3086/4/1060
f 3087/6/2224 3088/11/2225 3089/6/2226
f 3088/11/2225 3087/6/2224 3090/11/2224
f 3088/11/2225 3091/6/2227 3089/6/2226
f 3092/11/2228 3091/6/2227 3088/11/2225
f 3093/11/2229 3094/6/2230 3095/11/2186
f 3094/6/2230 3093/11/2229 3096/6/2231
f 3097/6/2232 3096/6/2233 3098/11/2234
f 3097/6/2232 3098/11/2234 3099/11/2235
f 3100/2/1353 3101/4/1354 3102/4/1112
f 3100/2/1353 3102/4/1112 3103/2/1113
f 3104/2/2236 3105/4/2237 3101/4/1357
f 3105/4/2237 3104/2/2236 3106/4/2238
f 3107/4/1331 3108/2/1104 3109/4/1105
f 3110/2/1106 3109/4/1105 3108/2/1104
f 3111/2/1332 3107/4/1333 3112/4/2239
f 3112/4/2240 3113/4/2241 3114/2/2242
f 3115/6/2243 3116/11/2244 3117/11/2245
f 3116/11/2244 3115/6/2243 3118/6/2246
f 3118/6/2247 3119/6/2248 3120/11/2244
f 3120/11/2244 3119/6/2248 3121/11/2249
f 3122/2/2250 3123/8/2251 3124/9/2252
f 3123/8/2251 3122/2/2250 3125/4/2250
f 3126/8/2135 3127/6/2253 3128/10/2136
f 3127/6/2253 3126/8/2135 3129/4/2253
f 3130/13/2254 3131/11/2255 3132/13/2256
f 3133/13/2257 3134/13/2258 3135/11/2259
f 3136/15/2260 3137/16/2261 3138/16/2262
f 3137/16/2261 3136/15/2260 3139/15/1805
f 3140/10/2263 3141/10/2264 3142/16/2265
f 3141/10/2264 3143/16/2266 3142/16/2265
f 3144/9/2267 3145/8/1405 3146/9/2268
f 3147/8/2269 3148/9/1022 3149/9/2270
f 3148/9/1022 3147/8/2269 3150/8/801
f 3151/9/2131 3152/8/2271 3149/9/2270
f 3153/8/2272 3152/8/2271 3151/9/2131
f 3154/3/2273 3155/2/2274 3156/4/2275
f 3155/2/2274 3154/3/2273 3157/5/2276
f 3158/8/2277 3159/10/2278 3160/10/2279
f 3159/10/2278 3158/8/2277 3161/8/2138
f 3162/8/2280 3160/10/2279 3163/10/825
f 3164/8/826 3162/8/2280 3163/10/825
f 3165/2/2281 3166/3/2273 3167/4/2282
f 3166/3/2273 3165/2/2281 3168/5/2276
f 3169/6/2283 3170/4/2284 3171/6/2285
f 3172/6/2286 3173/11/2287 3174/11/2288
f 3173/11/2287 3172/6/2286 3175/6/2289
f 3175/6/2289 3176/6/2290 3173/11/2287
f 3173/11/2287 3176/6/2290 3177/11/2291
f 3178/3/2292 3179/6/2293 3180/7/2294
f 3179/6/2293 3178/3/2292 3181/4/2295
f 3179/6/2293 3182/4/2296 3183/4/2297
f 3184/6/2298 3179/6/2293 3183/4/2297
f 3183/4/2297 3185/6/2299 3184/6/2298
f 3185/6/2299 3183/4/2297 3186/4/2300
f 3187/2/2301 3188/4/2302 3189/4/2303
f 3190/2/2304 3188/4/2302 3187/2/2301
f 3188/4/2302 3190/2/2304 3191/4/2305
f 3192/11/2306 3193/13/2306 3194/16/2306
f 3193/13/2306 3195/15/2307 3194/16/2306
f 3196/2/2308 3197/4/2309 3198/2/2310
f 3197/4/2309 3199/4/2311 3198/2/2310
f 3198/2/2310 3199/4/2311 3200/2/2206
f 3201/4/2312 3200/2/2206 3199/4/2311
f 3202/6/2313 3203/16/2313 3204/10/2314
f 3203/16/2313 3202/6/2313 3205/11/2315
f 3206/6/2316 3207/6/2317 3208/4/2318
f 3209/11/2319 3210/11/2320 3211/6/2321
f 3212/11/2322 3213/6/2323 3214/11/2324
f 3215/3/2325 3216/7/2326 3217/6/2327
f 3215/3/2325 3217/6/2327 3218/4/2328
f 3219/15/2045 3220/16/2329 3221/16/2094
f 3219/15/2045 3221/16/2094 3222/15/2330
f 3223/16/2331 3224/10/2332 3225/10/2333
f 3224/10/2332 3223/16/2331 3226/16/2334
f 3227/4/2335 3228/6/2336 3229/3/2325
f 3228/6/2336 3230/7/2337 3229/3/2325
f 3231/8/1136 3232/10/2338 3233/8/2339
f 3231/8/1136 3234/8/1140 3235/10/1141
f 3234/8/1140 3236/10/2340 3235/10/1141
f 3237/11/962 3238/13/963 3239/12/964
f 3238/13/963 3240/14/965 3239/12/964
f 3241/12/958 3242/14/1874 3243/13/960
f 3241/12/958 3243/13/960 3244/11/961
f 3245/11/2341 3246/13/2341 3247/16/2342
f 3246/13/2341 3248/15/2343 3247/16/2342
f 3249/6/2344 3250/16/2345 3251/10/2346
f 3250/16/2345 3249/6/2344 3252/11/2347
f 3253/4/2348 3254/2/2349 3255/4/2350
f 3256/9/1019 3257/8/1020 3258/8/1021
f 3257/8/1020 3256/9/1019 3259/9/1022
f 3260/4/2351 3261/4/2352 3262/2/2353
f 3263/11/2354 3264/11/2355 3265/6/2356
f 3266/11/1179 3267/13/1402 3268/11/984
f 3267/13/1402 3266/11/1179 3269/13/1903
f 3268/11/1181 3270/13/2357 3271/11/2358
f 3272/13/1023 3273/11/1190 3274/11/1191
f 3273/11/1190 3272/13/1023 3275/13/2359
f 3276/11/2360 3277/13/1909 3274/11/1195
f 3278/4/2361 3279/4/2362 3280/2/2363
f 3281/4/2364 3282/4/2275 3283/2/2365
f 3282/4/2275 3284/2/2366 3283/2/2365
f 3285/2/2367 3286/4/2368 3281/4/2369
f 3286/4/2368 3285/2/2367 3287/2/2370
f 3288/4/2371 3287/2/2372 3289/4/2373
f 3290/3/1061 3291/2/1435 3292/4/1063
f 3291/2/1435 3290/3/1061 3293/5/1059
f 3294/3/1057 3295/2/1058 3296/5/1277
f 3295/2/1058 3294/3/1057 3297/4/1060
f 3298/4/2282 3299/4/2374 3300/2/2375
f 3298/4/2282 3300/2/2375 3301/2/2376
f 3302/4/2377 3303/2/2378 3299/4/2374
f 3303/2/2378 3302/4/2377 3304/2/2379
f 3305/11/2380 3306/6/2381 3307/11/2382
f 3308/4/1449 3309/2/1104 3310/4/1105
f 3311/2/1106 3310/4/1105 3309/2/1104
f 3312/2/1107 3308/4/2383 3313/4/2351
f 3314/2/1353 3315/4/1354 3316/4/1112
f 3314/2/1353 3316/4/1112 3317/2/1622
f 3318/2/2384 3319/4/2348 3315/4/1457
f 3320/16/2385 3321/15/2386 3322/15/2387
f 3321/15/2386 3320/16/2385 3323/16/2388
f 3324/16/2389 3325/10/2346 3326/16/2390
f 3324/16/2389 3327/10/2391 3325/10/2346
f 3328/11/2392 3329/11/2393 3330/6/2394
f 3331/11/2395 3332/6/2396 3333/11/2397
f 3334/4/2398 3335/2/2399 3336/4/2400
f 3335/2/2399 3334/4/2398 3337/2/2401
f 3338/4/2402 3339/4/2403 3337/2/2404
f 3339/4/2403 3340/2/2405 3337/2/2404
f 3339/4/2403 3341/4/2406 3340/2/2405
f 3342/2/2407 3343/4/2408 3344/4/2409
f 3345/2/2410 3343/4/2408 3342/2/2407
f 3346/4/2411 3345/2/2412 3347/4/2413
f 3348/2/2414 3347/4/2413 3345/2/2412
f 3347/4/2413 3348/2/2414 3349/4/2415
f 3350/2/2416 3351/4/2174 3352/4/2417
f 3353/2/2418 3354/4/2419 3355/4/2420
f 3356/11/2421 3357/13/2422 3358/13/2423
f 3358/13/2423 3359/11/2424 3356/11/2421
f 3360/13/2425 3361/11/2426 3362/13/2427
f 3363/11/2428 3362/13/2427 3361/11/2426
f 3364/4/2429 3365/4/2430 3366/2/2431
f 3367/2/2432 3368/4/2433 3366/2/2434
f 3368/4/2433 3367/2/2432 3369/4/2435
f 3370/4/2436 3371/2/2437 3372/4/2438
f 3373/4/2439 3374/2/2440 3371/2/2441
f 3374/2/2440 3373/4/2439 3375/4/2442
f 3376/3/2443 3377/6/1847 3378/4/2444
f 3377/6/1847 3376/3/2443 3379/7/2294
f 3380/11/2445 3381/11/2446 3382/6/2447
f 3383/16/2448 3384/15/2448 3385/15/2448
f 3384/15/2448 3383/16/2448 3386/16/2448
f 3387/16/2449 3388/10/2449 3389/16/2449
f 3387/16/2449 3390/10/2449 3388/10/2449
f 3391/11/2450 3392/6/2451 3393/11/2452
f 3394/3/2453 3395/2/2454 3396/4/2455
f 3395/2/2454 3394/3/2453 3397/5/2453
f 3398/2/2456 3399/3/2453 3400/4/2457
f 3399/3/2453 3398/2/2456 3401/5/2453
f 3402/15/2458 3403/16/2459 3404/16/2458
f 3403/16/2459 3402/15/2458 3405/15/2260
f 3406/6/2460 3407/6/2461 3408/11/2462
f 3406/6/2460 3408/11/2462 3409/11/2463
f 3406/6/2460 3409/11/2463 3410/6/2464
f 3409/11/2463 3411/11/2465 3410/6/2464
f 3412/6/2466 3413/6/2467 3414/11/2468
f 3414/11/2468 3413/6/2467 3415/11/2469
f 3416/6/2470 3415/11/2469 3413/6/2467
f 3416/6/2470 3417/11/2471 3415/11/2469
f 3418/16/2472 3419/10/2264 3420/10/2473
f 3420/10/2473 3421/16/2473 3418/16/2472
f 3422/13/2474 3423/11/2475 3424/13/2476
f 3423/11/2475 3422/13/2474 3425/11/2477
f 3426/11/2478 3427/13/2479 3428/13/2480
f 3427/13/2479 3426/11/2478 3429/11/2481
f 3430/11/2482 3431/13/2483 3432/13/2484
f 3432/13/2484 3433/11/2485 3430/11/2482
f 3434/11/2477 3435/13/2486 3436/11/2487
f 3436/11/2487 3435/13/2486 3437/13/2488
f 3438/13/2489 3439/11/2490 3440/13/2491
f 3441/6/2492 3442/11/2493 3443/6/2494
f 3442/11/2493 3444/11/2495 3443/6/2494
f 3444/11/2496 3445/11/2497 3446/6/2498
f 3447/6/2499 3448/11/2500 3449/6/2501
f 3447/6/2499 3450/11/2502 3448/11/2500
f 3450/11/2503 3451/6/2504 3452/11/2505
f 3453/15/2506 3454/16/2507 3455/16/2507
f 3456/15/2507 3454/16/2507 3453/15/2506
f 3457/13/2508 3458/13/2509 3459/11/2510
f 3460/16/2511 3461/10/2512 3462/16/2512
f 3460/16/2511 3463/10/2512 3461/10/2512
f 3464/6/2513 3465/6/2514 3466/11/2515
f 3464/6/2513 3466/11/2515 3467/11/2516
f 3468/6/2517 3469/11/2518 3470/6/2519
f 3469/11/2518 3471/11/2520 3470/6/2519
f 3472/6/2521 3473/6/2522 3474/11/2523
f 3474/11/2523 3473/6/2522 3475/11/2524
f 3476/6/2525 3477/11/2524 3478/6/2522
f 3476/6/2525 3479/11/2526 3477/11/2524
f 3480/11/2527 3481/6/2528 3482/11/2529
f 3483/6/2530 3482/11/2529 3481/6/2528
f 3484/6/2531 3485/11/2532 3486/6/2533
f 3485/11/2532 3484/6/2531 3487/11/2534
f 3488/7/2535 3489/12/2536 3490/11/2537
f 3488/7/2535 3490/11/2537 3491/6/2538
f 3492/6/2539 3493/11/2540 3494/7/2541
f 3493/11/2540 3495/12/2542 3494/7/2541
f 3496/11/2543 3497/11/2544 3498/6/2545
f 3499/11/2546 3500/6/2547 3501/11/2548
f 3502/12/2549 3503/13/2550 3504/14/2551
f 3503/13/2550 3502/12/2549 3505/11/2552
f 3506/11/2553 3507/12/2554 3508/13/2555
f 3508/13/2555 3507/12/2554 3509/14/2556
f 3510/4/2557 3511/4/2558 3512/2/2559
f 3510/4/2557 3512/2/2559 3513/2/2560
f 3514/4/2561 3515/4/2562 3516/2/2563
f 3515/4/2562 3517/2/2564 3516/2/2563
f 3518/3/2565 3519/2/2566 3515/4/2562
f 3519/2/2566 3518/3/2565 3520/5/2567
f 3521/2/2568 3522/3/2565 3523/4/2569
f 3522/3/2565 3521/2/2568 3524/5/2570
f 3525/3/2571 3526/2/2572 3527/4/2573
f 3526/2/2572 3525/3/2571 3528/5/2571
f 3529/2/2574 3530/3/2571 3531/4/2575
f 3530/3/2571 3529/2/2574 3532/5/2571
f 3533/11/2576 3534/15/2577 3535/16/2578
f 3534/15/2577 3533/11/2576 3536/13/2579
f 3537/10/2580 3538/6/2581 3539/11/2582
f 3537/10/2580 3539/11/2582 3540/16/2583
f 3541/12/2584 3542/13/2585 3543/14/2586
f 3542/13/2585 3541/12/2584 3544/11/2587
f 3545/11/2588 3546/12/2584 3547/13/2589
f 3547/13/2589 3546/12/2584 3548/14/2584
f 3549/7/2590 3550/12/2591 3551/11/2592
f 3549/7/2590 3551/11/2592 3552/6/2593
f 3553/6/2594 3554/11/2595 3555/7/2596
f 3554/11/2595 3556/12/2597 3555/7/2596
f 3557/11/2598 3558/11/2599 3559/6/2600
f 3560/14/2601 3561/11/2602 3562/13/2603
f 3561/11/2602 3560/14/2601 3563/12/2601
f 3564/11/2604 3565/6/2605 3566/11/2606
f 3567/14/2601 3568/11/2607 3569/12/2608
f 3568/11/2607 3567/14/2601 3570/13/2609
f 3571/11/2610 3572/13/2611 3573/13/2603
f 3573/13/2603 3574/11/2612 3571/11/2610
f 3571/11/2610 3575/13/2613 3572/13/2611
f 3575/13/2613 3571/11/2610 3576/11/2614
f 3575/13/2613 3576/11/2614 3577/13/2615
f 3578/13/2616 3579/11/2617 3580/13/2618
f 3581/11/2619 3582/13/2620 3583/11/2621
f 3583/11/2621 3582/13/2620 3584/13/2622
f 3585/13/2623 3583/11/2621 3584/13/2622
f 3583/11/2621 3585/13/2623 3586/11/2624
f 3585/13/2623 3587/13/2625 3586/11/2624
f 3588/13/2626 3589/13/2627 3590/11/2628
f 3591/6/2629 3592/6/2630 3593/11/2631
f 3591/6/2629 3593/11/2631 3594/11/2632
f 3595/6/2633 3596/6/2634 3597/11/2635
f 3597/11/2635 3596/6/2634 3598/11/2636
f 3599/6/2637 3600/6/2638 3601/11/2639
f 3599/6/2637 3601/11/2639 3602/11/2640
f 3603/6/2641 3604/11/2642 3605/6/2643
f 3604/11/2642 3606/11/2644 3605/6/2643
f 3607/6/2645 3608/6/2646 3609/11/2647
f 3609/11/2647 3608/6/2646 3610/11/2648
f 3611/13/2649 3612/11/2650 3613/11/2651
f 3611/13/2649 3613/11/2651 3614/13/2652
f 3615/6/2653 3616/11/2654 3617/6/2655
f 3615/6/2653 3618/11/2656 3616/11/2654
f 3619/11/2657 3620/13/2658 3621/11/2659
f 3621/11/2659 3620/13/2658 3622/13/2660
f 3623/11/2661 3624/11/2662 3625/13/2663
f 3625/13/2663 3624/11/2662 3626/13/2664
f 3626/13/2664 3627/11/2662 3628/13/2665
f 3629/11/2666 3630/13/2667 3631/13/2668
f 3630/13/2667 3629/11/2666 3632/11/2669
f 3631/13/2668 3633/13/2670 3634/11/2671
f 3635/7/2672 3636/12/2673 3637/11/2674
f 3635/7/2672 3637/11/2674 3638/6/2675
f 3639/6/2676 3640/11/2677 3641/7/2678
f 3640/11/2677 3642/12/2678 3641/7/2678
f 3643/13/2679 3644/11/2680 3645/13/2681
f 3646/14/2682 3647/11/2657 3648/12/2683
f 3647/11/2657 3646/14/2682 3649/13/2684
f 3650/14/2685 3651/11/2686 3652/13/2687
f 3651/11/2686 3650/14/2685 3653/12/2688
f 3654/6/2689 3655/11/2690 3656/6/2691
f 3655/11/2690 3657/11/2692 3656/6/2691
f 3658/6/2693 3659/11/2694 3660/6/2695
f 3658/6/2693 3661/11/2696 3659/11/2694
f 3662/13/2697 3663/11/2698 3664/11/2699
f 3662/13/2697 3664/11/2699 3665/13/2700
f 3666/11/2628 3667/13/2701 3668/13/2702
f 3666/11/2628 3669/11/2703 3667/13/2701
f 3670/7/2704 3671/11/2288 3672/12/2704
f 3671/11/2288 3670/7/2704 3673/6/2705
f 3674/7/2706 3675/12/2707 3676/11/2708
f 3674/7/2706 3676/11/2708 3677/6/2709
f 3678/6/2224 3679/7/2704 3680/11/2224
f 3680/11/2224 3679/7/2704 3681/12/2704
f 3682/6/2633 3683/11/2710 3684/7/2707
f 3683/11/2710 3685/12/2711 3684/7/2707
f 3686/14/2712 3687/11/2713 3688/13/2714
f 3687/11/2713 3686/14/2712 3689/12/2715
f 3690/14/2712 3691/11/2716 3692/12/2712
f 3691/11/2716 3690/14/2712 3693/13/2717
f 3694/11/2718 3695/13/2719 3696/13/2720
f 3696/13/2720 3697/11/2721 3694/11/2718
f 3698/11/2722 3699/13/2723 3700/11/2724
f 3701/13/2725 3700/11/2724 3699/13/2723
f 3702/13/2726 3703/11/2727 3704/13/2728
f 3705/13/2729 3706/13/2730 3707/11/2731
f 3708/7/2732 3709/12/2733 3710/11/2734
f 3708/7/2732 3710/11/2734 3711/6/2735
f 3712/6/2736 3713/11/2737 3714/7/2738
f 3713/11/2737 3715/12/2738 3714/7/2738
f 3716/11/2739 3717/13/2740 3718/11/2741
f 3717/13/2740 3716/11/2739 3719/13/2589
f 3718/11/2741 3720/13/2742 3721/11/2743
f 3721/11/2743 3720/13/2742 3722/13/2744
f 3722/13/2744 3723/13/2745 3721/11/2743
f 3724/11/2587 3725/13/2746 3726/13/2747
f 3725/13/2746 3724/11/2587 3727/11/2748
f 3728/13/2749 3727/11/2748 3729/11/2750
f 3729/11/2750 3730/13/2751 3728/13/2749
f 3731/11/2752 3732/6/2753 3733/11/2753
f 3732/6/2753 3731/11/2752 3734/6/2754
f 3735/6/2356 3734/6/2754 3731/11/2752
f 3735/6/2356 3731/11/2752 3736/11/2755
f 3737/13/2756 3738/11/2757 3739/13/2758
f 3740/13/2759 3741/13/2760 3742/11/2761
f 3743/6/2762 3744/11/2763 3745/11/2764
f 3744/11/2763 3743/6/2762 3746/6/2765
f 3744/11/2763 3746/6/2765 3747/6/2766
f 3748/11/2767 3744/11/2763 3747/6/2766
f 3749/14/2768 3750/11/2769 3751/12/2770
f 3750/11/2769 3749/14/2768 3752/13/2771
f 3753/14/2772 3754/11/2773 3755/13/2774
f 3754/11/2773 3753/14/2772 3756/12/2768
f 3757/11/2775 3758/6/2776 3759/11/2777
f 3758/6/2776 3757/11/2775 3760/6/2778
f 3760/6/2779 3761/11/2780 3762/6/2781
f 3761/11/2780 3763/11/2782 3762/6/2781
f 3764/6/2783 3765/11/2784 3766/11/2785
f 3765/11/2784 3764/6/2783 3767/6/2786
f 3768/6/2787 3769/11/2784 3767/6/2788
f 3768/6/2787 3770/11/2789 3769/11/2784
f 3771/6/2753 3772/7/2790 3773/11/2753
f 3773/11/2753 3772/7/2790 3774/12/2790
f 3775/7/2790 3776/11/2764 3777/12/2790
f 3776/11/2764 3775/7/2790 3778/6/2762
f 3779/11/2791 3780/13/2792 3781/13/2793
f 3781/13/2793 3782/11/2794 3779/11/2791
f 3779/11/2791 3783/13/2795 3780/13/2792
f 3783/13/2795 3779/11/2791 3784/11/2727
f 3785/11/2769 3786/13/2771 3787/11/2796
f 3787/11/2796 3786/13/2771 3788/13/2797
f 3789/13/2798 3787/11/2796 3788/13/2797
f 3787/11/2796 3789/13/2798 3790/11/2731
f 3791/14/2799 3792/11/2800 3793/13/2801
f 3792/11/2800 3791/14/2799 3794/12/2799
f 3795/14/2802 3796/11/2803 3797/12/2799
f 3796/11/2803 3795/14/2802 3798/13/2804
f 3799/13/2801 3800/11/2805 3801/11/2806
f 3799/13/2801 3801/11/2806 3802/13/2807
f 3801/11/2806 3803/13/2808 3802/13/2807
f 3803/13/2808 3801/11/2806 3804/11/2809
f 3805/11/2810 3806/13/2811 3807/11/2812
f 3807/11/2812 3806/13/2811 3808/13/2813
f 3809/13/2759 3807/11/2812 3808/13/2813
f 3807/11/2812 3809/13/2759 3810/11/2761
f 3811/6/2776 3812/7/2814 3813/11/2777
f 3813/11/2777 3812/7/2814 3814/12/2814
f 3815/7/2814 3816/11/2785 3817/12/2814
f 3816/11/2785 3815/7/2814 3818/6/2783
