# Blender 5.2.2 LTS
# www.blender.org
mtllib Glass iron 67.mtl
o 17662005180
v 1.511058 -0.308953 -0.094150
v 1.513058 -0.308940 -0.094150
v 1.508588 0.070283 -0.095571
v 1.510588 0.070296 -0.095571
v 1.508588 0.070284 0.095571
v 1.510588 0.070297 0.095571
v 1.511058 -0.308953 0.094150
v 1.513058 -0.308940 0.094150
v 1.511058 -0.308953 -0.094150
v 1.512005 -0.310714 -0.094150
v 1.447857 -0.342949 0.111030
v 1.448804 -0.344710 0.111030
v 1.447857 -0.342949 -0.111030
v 1.448804 -0.344710 -0.111030
v 1.511058 -0.308953 0.094150
v 1.512005 -0.310714 0.094150
v 1.508588 0.070284 0.095571
v 1.509530 0.072048 0.095571
v 1.508588 0.070283 -0.095571
v 1.509530 0.072047 -0.095571
v 1.444944 0.104279 -0.112706
v 1.445886 0.106043 -0.112706
v 1.444944 0.104280 0.112706
v 1.445886 0.106044 0.112706
v -1.511058 0.098927 -0.000000
v -1.513058 0.098927 -0.000000
v -1.511058 0.098627 0.027821
v -1.513058 0.098627 0.027821
v -1.511058 0.110328 -0.000000
v -1.513058 0.110328 -0.000000
v -1.511058 0.098627 -0.027821
v -1.513058 0.098627 -0.027821
v -1.511058 0.090566 0.019881
v -1.513058 0.090566 0.019881
v -1.511058 0.090566 -0.019881
v -1.513058 0.090566 -0.019881
v -1.511058 0.070379 0.039345
v -1.513058 0.070379 0.039345
v -1.511058 0.070379 -0.039345
v -1.513058 0.070379 -0.039345
v -1.511058 0.070379 0.028116
v -1.513058 0.070379 0.028116
v -1.511058 0.070379 -0.028116
v -1.513058 0.070379 -0.028116
v -1.511058 0.050192 0.019881
v -1.513058 0.050192 0.019881
v -1.511058 0.050192 -0.019881
v -1.513058 0.050192 -0.019881
v -1.511058 0.042131 0.027821
v -1.513058 0.042131 0.027821
v -1.511058 0.042131 -0.027821
v -1.513058 0.042131 -0.027821
v -1.511058 0.041831 -0.000000
v -1.513058 0.041831 -0.000000
v -1.511058 0.030429 -0.000000
v -1.513058 0.030429 -0.000000
v -1.455030 0.270283 -0.010516
v -1.457030 0.270283 -0.010516
v -1.455030 0.270283 0.010516
v -1.457030 0.270283 0.010516
v -1.455030 0.279629 0.008413
v -1.457030 0.279629 0.008413
v -1.455030 0.279629 0.016826
v -1.457030 0.279629 0.016826
v -1.455030 0.295012 0.016826
v -1.457030 0.295012 0.016826
v -1.455030 0.295012 0.008413
v -1.457030 0.295012 0.008413
v -1.455030 0.154739 0.011770
v -1.457030 0.154739 0.011770
v -1.455030 0.279629 -0.008413
v -1.457030 0.279629 -0.008413
v -1.455030 0.154739 -0.011770
v -1.457030 0.154739 -0.011770
v -1.455030 0.103818 0.017686
v -1.457030 0.103818 0.017686
v -1.455030 0.103818 -0.017686
v -1.457030 0.103818 -0.017686
v -1.455030 0.279629 -0.016826
v -1.457030 0.279629 -0.016826
v -1.455030 0.295012 -0.016826
v -1.457030 0.295012 -0.016826
v -1.455030 0.295012 -0.008413
v -1.457030 0.295012 -0.008413
v -1.388774 0.090566 0.019881
v -1.389082 0.089176 0.018476
v -1.511058 0.070379 0.028116
v -1.511058 0.070379 0.026116
v -1.511058 0.090566 0.019881
v -1.511058 0.089159 0.018459
v -1.388774 0.098927 -0.000000
v -1.389081 0.096951 0.000000
v -1.511058 0.098927 -0.000000
v -1.511058 0.096927 -0.000000
v -1.388774 0.070379 0.028116
v -1.389083 0.070379 0.026140
v -1.388774 0.090566 -0.019881
v -1.389082 0.089176 -0.018476
v -1.511058 0.090566 -0.019881
v -1.511058 0.089159 -0.018459
v -1.511058 0.050192 0.019881
v -1.511058 0.051599 0.018459
v -1.388774 0.070379 -0.028116
v -1.389083 0.070379 -0.026140
v -1.511058 0.070379 -0.028116
v -1.511058 0.070379 -0.026116
v -1.388774 0.050192 0.019881
v -1.389082 0.051582 0.018476
v -1.511058 0.041831 -0.000000
v -1.511058 0.043831 0.000000
v -1.388774 0.050192 -0.019881
v -1.389082 0.051582 -0.018476
v -1.511058 0.050192 -0.019881
v -1.511058 0.051599 -0.018459
v -1.388774 0.041831 -0.000000
v -1.389081 0.043807 -0.000000
v -1.436533 0.285977 -0.000597
v -1.438446 0.286560 -0.000597
v -1.438550 0.279356 -0.002210
v -1.440463 0.279939 -0.002210
v -1.438550 0.279356 0.002210
v -1.440463 0.279939 0.002210
v -1.436533 0.285977 0.000597
v -1.438446 0.286560 0.000597
v 0.063670 0.259999 0.017194
v 0.065670 0.259999 0.017194
v 0.063670 0.270131 0.017194
v 0.065670 0.270131 0.017194
v 0.063670 0.270131 0.027020
v 0.065670 0.270131 0.027020
v 0.063670 0.259999 0.027020
v 0.065670 0.259999 0.027020
v 0.063670 0.259999 -0.027020
v 0.065670 0.259999 -0.027020
v 0.063670 0.270131 -0.027020
v 0.065670 0.270131 -0.027020
v 0.063670 0.270131 -0.017194
v 0.065670 0.270131 -0.017194
v 0.063670 0.259999 -0.017194
v 0.065670 0.259999 -0.017194
v 1.447857 -0.342949 0.111030
v 1.448375 -0.342953 0.112962
v 1.508588 0.070284 0.095571
v 1.509106 0.070280 0.097503
v 1.444944 0.104280 0.112706
v 1.445462 0.104276 0.114638
v 1.511058 -0.308953 0.094150
v 1.511576 -0.308957 0.096082
v 1.508588 0.070283 -0.095571
v 1.509106 0.070279 -0.097503
v 1.447857 -0.342949 -0.111030
v 1.448375 -0.342953 -0.112962
v 1.444944 0.104279 -0.112706
v 1.445462 0.104275 -0.114638
v 1.511058 -0.308953 -0.094150
v 1.511576 -0.308957 -0.096082
v -0.092774 0.286711 -0.036846
v -0.091563 0.288303 -0.036846
v -0.058470 0.260611 -0.027020
v -0.057259 0.262203 -0.027020
v -0.058470 0.260611 -0.036846
v -0.057259 0.262203 -0.036846
v -0.092774 0.286711 -0.027020
v -0.091563 0.288303 -0.027020
v -0.092774 0.286711 0.027020
v -0.091563 0.288303 0.027020
v -0.058470 0.260611 0.036846
v -0.057259 0.262203 0.036846
v -0.058470 0.260611 0.027020
v -0.057259 0.262203 0.027020
v -0.092774 0.286711 0.036846
v -0.091563 0.288303 0.036846
v -1.048686 0.131881 -0.021401
v -1.050686 0.131881 -0.021401
v -1.048686 0.131881 0.021401
v -1.050686 0.131881 0.021401
v -1.048686 0.153283 -0.030265
v -1.050686 0.153283 -0.030265
v -1.048686 0.123017 -0.000000
v -1.050686 0.123017 -0.000000
v -1.048686 0.153283 0.030265
v -1.050686 0.153283 0.030265
v -1.048686 0.183547 -0.000000
v -1.050686 0.183547 -0.000000
v -1.048686 0.174683 -0.021401
v -1.050686 0.174683 -0.021401
v -1.048686 0.174683 0.021401
v -1.050686 0.174683 0.021401
v -0.092774 0.286711 0.036846
v -0.092774 0.286711 0.038846
v -0.121349 0.260611 0.036846
v -0.121349 0.260611 0.038846
v -0.058470 0.260611 0.036846
v -0.058470 0.260611 0.038846
v -0.111918 0.286711 0.036846
v -0.111918 0.286711 0.038846
v -0.121349 0.223766 0.036846
v -0.121349 0.223766 0.038846
v 0.053464 0.223766 0.036846
v 0.053747 0.223766 0.038826
v 0.053464 0.260611 0.036846
v 0.053747 0.260611 0.038826
v 0.068737 0.223766 0.027020
v 0.070329 0.223766 0.028231
v 0.068737 0.260611 0.027020
v 0.070329 0.260611 0.028231
v 0.068737 0.260611 -0.027020
v 0.070329 0.260611 -0.028231
v 0.068737 0.223766 -0.027020
v 0.070329 0.223766 -0.028231
v 0.053464 0.223766 -0.036846
v 0.054546 0.223766 -0.038528
v 0.053464 0.260611 -0.036846
v 0.054546 0.260611 -0.038528
v -0.079059 0.286711 -0.027020
v -0.079059 0.288711 -0.027020
v -0.092774 0.286711 -0.027020
v -0.092774 0.288711 -0.027020
v -0.079059 0.286711 -0.017194
v -0.079059 0.288711 -0.017194
v -0.111918 0.286711 -0.017194
v -0.111918 0.288711 -0.017194
v -0.111918 0.286711 -0.036846
v -0.111918 0.288711 -0.036846
v -0.092774 0.286711 -0.036846
v -0.092774 0.288711 -0.036846
v -0.046922 0.286711 -0.017194
v -0.046922 0.288711 -0.017194
v -0.046922 0.286711 -0.027020
v -0.046922 0.288711 -0.027020
v -0.043028 0.286711 -0.017194
v -0.042732 0.288689 -0.017194
v -0.043028 0.286711 -0.027020
v -0.042732 0.288689 -0.027020
v -0.008725 0.260611 -0.017194
v -0.007514 0.262203 -0.017194
v -0.008725 0.260611 -0.027020
v -0.007514 0.262203 -0.027020
v -0.111918 0.286711 0.036846
v -0.111918 0.288711 0.036846
v -0.092774 0.286711 0.027020
v -0.092774 0.288711 0.027020
v -0.111918 0.286711 0.017194
v -0.111918 0.288711 0.017194
v -0.092774 0.286711 0.036846
v -0.092774 0.288711 0.036846
v -0.079059 0.286711 0.017194
v -0.079059 0.288711 0.017194
v -0.079059 0.286711 0.027020
v -0.079059 0.288711 0.027020
v -0.046922 0.286711 0.027020
v -0.046922 0.288711 0.027020
v -0.046922 0.286711 0.017194
v -0.046922 0.288711 0.017194
v -0.043028 0.286711 0.027020
v -0.042732 0.288689 0.027020
v -0.043028 0.286711 0.017194
v -0.042732 0.288689 0.017194
v -0.008725 0.260611 0.027020
v -0.007514 0.262203 0.027020
v -0.008725 0.260611 0.017194
v -0.007514 0.262203 0.017194
v -0.059547 -0.009427 -0.142822
v -0.059886 -0.011398 -0.142822
v 0.224968 -0.009427 -0.142822
v 0.225307 -0.011398 -0.142822
v 0.224968 -0.009427 0.142822
v 0.225307 -0.011398 0.142822
v 0.242032 0.019978 0.142822
v 0.243762 0.018974 0.142822
v 0.242032 0.019978 -0.142822
v 0.243762 0.018974 -0.142822
v -0.059547 -0.009427 0.142822
v -0.059886 -0.011398 0.142822
v -0.076611 0.019978 -0.142822
v -0.078341 0.018974 -0.142822
v -0.076611 0.019978 0.142822
v -0.078341 0.018974 0.142822
v -0.826194 0.042131 -0.027821
v -0.828194 0.042131 -0.027821
v -0.826194 0.042131 0.027821
v -0.828194 0.042131 0.027821
v -0.826194 0.070379 -0.039345
v -0.828194 0.070379 -0.039345
v -0.826194 0.030429 -0.000000
v -0.828194 0.030429 -0.000000
v -0.826194 0.070379 0.039345
v -0.828194 0.070379 0.039345
v -0.826194 0.098627 0.027821
v -0.828194 0.098627 0.027821
v -0.826194 0.098627 -0.027821
v -0.828194 0.098627 -0.027821
v -0.826194 0.110328 -0.000000
v -0.828194 0.110328 -0.000000
v -0.826194 0.131881 -0.021401
v -0.828194 0.131881 -0.021401
v -0.826194 0.131881 0.021401
v -0.828194 0.131881 0.021401
v -0.826194 0.153283 -0.030265
v -0.828194 0.153283 -0.030265
v -0.826194 0.123017 -0.000000
v -0.828194 0.123017 -0.000000
v -0.826194 0.153283 0.030265
v -0.828194 0.153283 0.030265
v -0.826194 0.183547 -0.000000
v -0.828194 0.183547 -0.000000
v -0.826194 0.174683 -0.021401
v -0.828194 0.174683 -0.021401
v -0.826194 0.174683 0.021401
v -0.828194 0.174683 0.021401
v -0.059547 0.049382 -0.142822
v -0.059547 0.049382 -0.144822
v -0.059547 -0.009427 -0.142822
v -0.059547 -0.009427 -0.144822
v -0.076611 0.019978 -0.142822
v -0.076611 0.019978 -0.144822
v 0.224968 -0.009427 -0.142822
v 0.224968 -0.009427 -0.144822
v 0.224968 0.049382 -0.142822
v 0.224968 0.049382 -0.144822
v 0.242032 0.019978 -0.142822
v 0.242032 0.019978 -0.144822
v -0.059547 -0.009427 0.142822
v -0.059547 -0.009427 0.144822
v 0.224968 0.049382 0.142822
v 0.224968 0.049382 0.144822
v -0.059547 0.049382 0.142822
v -0.059547 0.049382 0.144822
v -0.076611 0.019978 0.142822
v -0.076611 0.019978 0.144822
v 0.224968 -0.009427 0.142822
v 0.224968 -0.009427 0.144822
v 0.242032 0.019978 0.142822
v 0.242032 0.019978 0.144822
v -1.417930 0.295012 -0.016826
v -1.417930 0.297012 -0.016826
v -1.455030 0.295012 -0.016826
v -1.455030 0.297012 -0.016826
v -1.455030 0.295012 -0.008413
v -1.455030 0.297012 -0.008413
v -1.417930 0.295012 -0.008413
v -1.417930 0.297012 -0.008413
v -1.455030 0.295012 0.016826
v -1.455030 0.297012 0.016826
v -1.417930 0.295012 0.008413
v -1.417930 0.297012 0.008413
v -1.455030 0.295012 0.008413
v -1.455030 0.297012 0.008413
v -1.417930 0.295012 0.016826
v -1.417930 0.297012 0.016826
v -1.435041 0.285977 -0.000597
v -1.435041 0.287977 -0.000597
v -1.436533 0.285977 -0.000597
v -1.436533 0.287977 -0.000597
v -1.436533 0.285977 0.000597
v -1.436533 0.287977 0.000597
v -1.435041 0.285977 0.000597
v -1.435041 0.287977 0.000597
v -1.417930 0.279629 -0.008413
v -1.417930 0.281629 -0.008413
v -1.455030 0.279629 -0.008413
v -1.455030 0.281629 -0.008413
v -1.455030 0.279629 0.008413
v -1.455030 0.281629 0.008413
v -1.417930 0.279629 0.008413
v -1.417930 0.281629 0.008413
v 0.024696 0.270131 -0.017194
v 0.024696 0.272131 -0.017194
v 0.063670 0.270131 -0.017194
v 0.063670 0.272131 -0.017194
v 0.024696 0.270131 -0.027020
v 0.024696 0.272131 -0.027020
v 0.063670 0.270131 -0.027020
v 0.063670 0.272131 -0.027020
v 0.024696 0.270131 0.027020
v 0.024696 0.272131 0.027020
v 0.063670 0.270131 0.027020
v 0.063670 0.272131 0.027020
v 0.024696 0.270131 0.017194
v 0.024696 0.272131 0.017194
v 0.063670 0.270131 0.017194
v 0.063670 0.272131 0.017194
v -0.058470 0.260611 -0.027020
v -0.058470 0.262611 -0.027020
v 0.053464 0.260611 -0.036846
v 0.053464 0.262611 -0.036846
v -0.058470 0.260611 -0.036846
v -0.058470 0.262611 -0.036846
v -0.058470 0.260611 -0.017194
v -0.058470 0.262611 -0.017194
v 0.068737 0.260611 0.027020
v 0.068737 0.262611 0.027020
v 0.068737 0.260611 -0.027020
v 0.068737 0.262611 -0.027020
v 0.053464 0.260611 0.036846
v 0.053464 0.262611 0.036846
v -0.121349 0.260611 0.017194
v -0.121349 0.262611 0.017194
v -0.121349 0.260611 -0.017194
v -0.121349 0.262611 -0.017194
v -0.058470 0.260611 0.017194
v -0.058470 0.262611 0.017194
v -0.058470 0.260611 0.027020
v -0.058470 0.262611 0.027020
v -0.058470 0.260611 0.036846
v -0.058470 0.262611 0.036846
v -1.511058 0.042131 0.027821
v -1.511058 0.040724 0.029243
v -1.372023 0.042131 0.027821
v -1.372023 0.040724 0.029243
v -1.372023 0.070379 0.039345
v -1.372023 0.070379 0.041345
v -1.511058 0.030429 -0.000000
v -1.511058 0.028429 -0.000000
v -1.511058 0.070379 0.039345
v -1.511058 0.070379 0.041345
v -1.372023 0.030429 -0.000000
v -1.372023 0.028429 0.000000
v -1.372023 0.098627 0.027821
v -1.372023 0.100034 0.029243
v -1.511058 0.042131 -0.027821
v -1.511058 0.040724 -0.029243
v -1.511058 0.098627 0.027821
v -1.511058 0.100034 0.029243
v -1.372023 0.042131 -0.027821
v -1.372023 0.040724 -0.029243
v -1.372023 0.110328 -0.000000
v -1.372023 0.112328 -0.000000
v -1.511058 0.070379 -0.039345
v -1.511058 0.070379 -0.041345
v -1.511058 0.110328 -0.000000
v -1.511058 0.112328 0.000000
v -1.372023 0.070379 -0.039345
v -1.372023 0.070379 -0.041345
v -1.372023 0.098627 -0.027821
v -1.372023 0.100034 -0.029243
v -1.511058 0.098627 -0.027821
v -1.511058 0.100034 -0.029243
v -0.639178 0.178646 -0.062295
v -0.639178 0.178875 -0.064282
v -0.639178 0.139925 -0.066762
v -0.639178 0.140154 -0.068749
v -0.655390 0.159285 -0.064128
v -0.655390 0.159514 -0.066115
v -0.574330 0.139925 -0.066762
v -0.574330 0.140154 -0.068749
v -0.574330 0.178646 -0.062295
v -0.574330 0.178875 -0.064282
v -0.558117 0.159285 -0.064128
v -0.558117 0.159514 -0.066115
v -0.491794 0.178646 -0.062295
v -0.491794 0.178875 -0.064282
v -0.491794 0.139925 -0.066762
v -0.491794 0.140154 -0.068749
v -0.508006 0.159285 -0.064128
v -0.508006 0.159514 -0.066115
v -0.426946 0.139925 -0.066762
v -0.426946 0.140154 -0.068749
v -0.426946 0.178646 -0.062295
v -0.426946 0.178875 -0.064282
v -0.410734 0.159285 -0.064128
v -0.410734 0.159514 -0.066115
v -0.639178 0.139925 0.066762
v -0.639178 0.140154 0.068749
v -0.574330 0.178646 0.062295
v -0.574330 0.178875 0.064282
v -0.639178 0.178646 0.062295
v -0.639178 0.178875 0.064282
v -0.655390 0.159285 0.064128
v -0.655390 0.159514 0.066115
v -0.574330 0.139925 0.066762
v -0.574330 0.140154 0.068749
v -0.558117 0.159285 0.064128
v -0.558117 0.159514 0.066115
v -0.491794 0.139925 0.066762
v -0.491794 0.140154 0.068749
v -0.426946 0.178646 0.062295
v -0.426946 0.178875 0.064282
v -0.491794 0.178646 0.062295
v -0.491794 0.178875 0.064282
v -0.508006 0.159285 0.064128
v -0.508006 0.159514 0.066115
v -0.426946 0.139925 0.066762
v -0.426946 0.140154 0.068749
v -0.410734 0.159285 0.064128
v -0.410734 0.159514 0.066115
v 0.559965 0.213427 -0.057575
v 0.559965 0.213427 -0.059575
v 0.007612 0.158331 -0.057575
v 0.007612 0.158331 -0.059575
v 0.007612 0.213427 -0.057575
v 0.007612 0.213427 -0.059575
v 0.559965 0.158331 -0.057575
v 0.559965 0.158331 -0.059575
v 0.559965 0.213427 0.056767
v 0.559965 0.213427 0.058767
v 0.007612 0.213427 0.056767
v 0.007612 0.213427 0.058767
v 0.559965 0.158331 0.056767
v 0.559965 0.158331 0.058767
v 0.007612 0.158331 0.056767
v 0.007612 0.158331 0.058767
v 0.053464 0.223766 -0.036846
v 0.053464 0.223766 -0.038846
v -0.121349 0.223766 -0.036846
v -0.121349 0.223766 -0.038846
v -0.058470 0.260611 -0.036846
v -0.058470 0.260611 -0.038846
v 0.053464 0.260611 -0.036846
v 0.053464 0.260611 -0.038846
v -0.121349 0.260611 -0.036846
v -0.121349 0.260611 -0.038846
v -0.092774 0.286711 -0.036846
v -0.092774 0.286711 -0.038846
v -0.111918 0.286711 -0.036846
v -0.111918 0.286711 -0.038846
v -1.436533 0.285977 0.000597
v -1.436533 0.286450 0.002540
v -1.438550 0.279356 0.002210
v -1.438550 0.279829 0.004153
v -1.433023 0.279356 0.002210
v -1.433023 0.279829 0.004153
v -1.435041 0.285977 0.000597
v -1.435041 0.286450 0.002540
v -1.438550 0.279356 -0.002210
v -1.438550 0.279829 -0.004153
v -1.435041 0.285977 -0.000597
v -1.435041 0.286450 -0.002540
v -1.433023 0.279356 -0.002210
v -1.433023 0.279829 -0.004153
v -1.436533 0.285977 -0.000597
v -1.436533 0.286451 -0.002540
v -0.079059 0.286711 -0.027020
v -0.079059 0.286711 -0.029020
v -0.058470 0.260611 -0.027020
v -0.058470 0.260611 -0.029020
v -0.092774 0.286711 -0.027020
v -0.092774 0.286711 -0.029020
v -0.046922 0.286711 -0.027020
v -0.046922 0.286711 -0.029020
v -0.043028 0.286711 -0.027020
v -0.043028 0.286711 -0.029020
v -0.008725 0.260611 -0.027020
v -0.008725 0.260611 -0.029020
v -0.092774 0.286711 0.027020
v -0.092774 0.286711 0.029020
v -0.058470 0.260611 0.027020
v -0.058470 0.260611 0.029020
v -0.079059 0.286711 0.027020
v -0.079059 0.286711 0.029020
v -0.046922 0.286711 0.027020
v -0.046922 0.286711 0.029020
v -0.043028 0.286711 0.027020
v -0.043028 0.286711 0.029020
v -0.008725 0.260611 0.027020
v -0.008725 0.260611 0.029020
v 0.063670 0.259999 -0.027020
v 0.063670 0.259999 -0.029020
v 0.024696 0.270131 -0.027020
v 0.024696 0.270131 -0.029020
v 0.063670 0.270131 -0.027020
v 0.063670 0.270131 -0.029020
v 0.015485 0.259999 -0.027020
v 0.015485 0.259999 -0.029020
v 0.015485 0.259999 0.027020
v 0.015485 0.259999 0.029020
v 0.063670 0.259999 0.027020
v 0.063670 0.259999 0.029020
v 0.024696 0.270131 0.027020
v 0.024696 0.270131 0.029020
v 0.063670 0.270131 0.027020
v 0.063670 0.270131 0.029020
v -1.455030 0.103818 0.017686
v -1.455030 0.104049 0.019673
v -1.403702 0.154739 0.011770
v -1.403702 0.154868 0.013766
v -1.455030 0.154739 0.011770
v -1.455030 0.154865 0.013766
v -1.388614 0.103818 0.017686
v -1.388614 0.104049 0.019673
v -1.417930 0.270283 0.010516
v -1.417930 0.269713 0.012433
v -1.455030 0.270283 0.010516
v -1.455030 0.269708 0.012432
v -1.417930 0.279629 0.016826
v -1.417930 0.279044 0.018738
v -1.455030 0.279629 0.016826
v -1.455030 0.279044 0.018738
v -1.417930 0.295012 0.016826
v -1.417930 0.295012 0.018826
v -1.455030 0.295012 0.016826
v -1.455030 0.295012 0.018826
v -1.403702 0.154739 -0.011770
v -1.403702 0.154868 -0.013766
v -1.455030 0.103818 -0.017686
v -1.455030 0.104049 -0.019673
v -1.455030 0.154739 -0.011770
v -1.455030 0.154865 -0.013766
v -1.388614 0.103818 -0.017686
v -1.388614 0.104049 -0.019673
v -1.417930 0.270283 -0.010516
v -1.417930 0.269713 -0.012433
v -1.455030 0.270283 -0.010516
v -1.455030 0.269708 -0.012432
v -1.455030 0.279629 -0.016826
v -1.455030 0.279044 -0.018739
v -1.417930 0.279629 -0.016826
v -1.417930 0.279044 -0.018738
v -1.455030 0.295012 -0.016826
v -1.455030 0.295012 -0.018826
v -1.417930 0.295012 -0.016826
v -1.417930 0.295012 -0.018826
v -1.055423 0.135228 0.008678
v -1.055423 0.135228 0.010678
v -0.995710 0.112070 0.008678
v -0.995710 0.112070 0.010678
v -0.967714 0.135228 0.008678
v -0.967714 0.135228 0.010678
v -1.011038 0.080875 0.008678
v -1.011038 0.080875 0.010678
v -1.083419 0.112070 0.008678
v -1.083419 0.112070 0.010678
v -1.122597 0.080875 0.008678
v -1.122597 0.080875 0.010678
v -1.118794 0.101355 0.008678
v -1.118794 0.101355 0.010678
v -1.055423 0.135228 -0.008678
v -1.055423 0.135228 -0.010678
v -0.967714 0.135228 -0.008678
v -0.967714 0.135228 -0.010678
v -0.995710 0.112070 -0.008678
v -0.995710 0.112070 -0.010678
v -1.011038 0.080875 -0.008678
v -1.011038 0.080875 -0.010678
v -1.083419 0.112070 -0.008678
v -1.083419 0.112070 -0.010678
v -1.122597 0.080875 -0.008678
v -1.122597 0.080875 -0.010678
v -1.118794 0.101355 -0.008678
v -1.118794 0.101355 -0.010678
v -0.574330 0.178646 -0.062295
v -0.573991 0.180617 -0.062295
v -0.558117 0.159285 0.064128
v -0.556121 0.159166 0.064128
v -0.558117 0.159285 -0.064128
v -0.556121 0.159166 -0.064128
v -0.574330 0.139925 -0.066762
v -0.574030 0.137948 -0.066762
v -0.574330 0.178646 0.062295
v -0.573991 0.180617 0.062295
v -0.574330 0.139925 0.066762
v -0.574030 0.137948 0.066762
v -0.639178 0.178646 0.062295
v -0.639517 0.180617 0.062295
v -0.639178 0.139925 -0.066762
v -0.639478 0.137948 -0.066762
v -0.639178 0.178646 -0.062295
v -0.639517 0.180617 -0.062295
v -0.639178 0.139925 0.066762
v -0.639478 0.137948 0.066762
v -0.655390 0.159285 -0.064128
v -0.657386 0.159166 -0.064128
v -0.655390 0.159285 0.064128
v -0.657386 0.159166 0.064128
v -0.426946 0.178646 -0.062295
v -0.426607 0.180617 -0.062295
v -0.410734 0.159285 0.064128
v -0.408738 0.159166 0.064128
v -0.410734 0.159285 -0.064128
v -0.408738 0.159166 -0.064128
v -0.426946 0.139925 -0.066762
v -0.426646 0.137948 -0.066762
v -0.426946 0.178646 0.062295
v -0.426607 0.180617 0.062295
v -0.426946 0.139925 0.066762
v -0.426646 0.137948 0.066762
v -0.491794 0.178646 0.062295
v -0.492133 0.180617 0.062295
v -0.491794 0.139925 -0.066762
v -0.492094 0.137948 -0.066762
v -0.491794 0.178646 -0.062295
v -0.492133 0.180617 -0.062295
v -0.491794 0.139925 0.066762
v -0.492094 0.137948 0.066762
v -0.508006 0.159285 -0.064128
v -0.510002 0.159166 -0.064128
v -0.508006 0.159285 0.064128
v -0.510002 0.159166 0.064128
v -1.048686 0.131881 0.021401
v -1.048686 0.130467 0.022815
v -0.951559 0.131881 0.021401
v -0.951559 0.130467 0.022815
v -0.951559 0.153283 0.030265
v -0.951559 0.153283 0.032265
v -1.048686 0.123017 -0.000000
v -1.048686 0.121017 -0.000000
v -1.048686 0.153283 0.030265
v -1.048686 0.153283 0.032265
v -0.951559 0.123017 -0.000000
v -0.951559 0.121017 0.000000
v -0.951559 0.174683 0.021401
v -0.951559 0.176097 0.022815
v -1.048686 0.131881 -0.021401
v -1.048686 0.130467 -0.022815
v -1.048686 0.174683 0.021401
v -1.048686 0.176097 0.022815
v -0.951559 0.131881 -0.021401
v -0.951559 0.130467 -0.022815
v -0.951559 0.183547 -0.000000
v -0.951559 0.185547 -0.000000
v -1.048686 0.153283 -0.030265
v -1.048686 0.153283 -0.032265
v -1.048686 0.183547 -0.000000
v -1.048686 0.185547 0.000000
v -0.951559 0.153283 -0.030265
v -0.951559 0.153283 -0.032265
v -0.951559 0.174683 -0.021401
v -0.951559 0.176097 -0.022815
v -1.048686 0.174683 -0.021401
v -1.048686 0.176097 -0.022815
v 0.559965 0.213427 0.056767
v 0.560342 0.215391 0.056767
v 0.559965 0.158331 -0.057575
v 0.560342 0.156367 -0.057575
v 0.559965 0.213427 -0.057575
v 0.560342 0.215391 -0.057575
v 0.559965 0.158331 0.056767
v 0.560342 0.156367 0.056767
v 0.007612 0.213427 0.056767
v 0.007235 0.215391 0.056767
v 0.007612 0.158331 -0.057575
v 0.007235 0.156367 -0.057575
v 0.007612 0.213427 -0.057575
v 0.007235 0.215391 -0.057575
v 0.007612 0.158331 0.056767
v 0.007235 0.156367 0.056767
v -0.826194 0.131881 0.021401
v -0.826194 0.130467 0.022815
v -0.775125 0.131881 0.021401
v -0.775125 0.130467 0.022815
v -0.775125 0.153283 0.030265
v -0.775125 0.153283 0.032265
v -0.826194 0.123017 -0.000000
v -0.826194 0.121017 -0.000000
v -0.826194 0.153283 0.030265
v -0.826194 0.153283 0.032265
v -0.775125 0.123017 -0.000000
v -0.775125 0.121017 0.000000
v -0.775125 0.174683 0.021401
v -0.775125 0.176097 0.022815
v -0.826194 0.131881 -0.021401
v -0.826194 0.130467 -0.022815
v -0.826194 0.174683 0.021401
v -0.826194 0.176097 0.022815
v -0.775125 0.131881 -0.021401
v -0.775125 0.130467 -0.022815
v -0.775125 0.183547 -0.000000
v -0.775125 0.185547 -0.000000
v -0.826194 0.153283 -0.030265
v -0.826194 0.153283 -0.032265
v -0.826194 0.183547 -0.000000
v -0.826194 0.185547 0.000000
v -0.775125 0.153283 -0.030265
v -0.775125 0.153283 -0.032265
v -0.775125 0.174683 -0.021401
v -0.775125 0.176097 -0.022815
v -0.826194 0.174683 -0.021401
v -0.826194 0.176097 -0.022815
v -1.455030 0.279629 -0.008413
v -1.455030 0.279629 -0.006413
v -1.417930 0.279629 -0.008413
v -1.417930 0.279629 -0.006413
v -1.417930 0.295012 -0.008413
v -1.417930 0.295012 -0.006413
v -1.455030 0.295012 -0.008413
v -1.455030 0.295012 -0.006413
v -1.455030 0.295012 0.008413
v -1.455030 0.295012 0.006413
v -1.417930 0.295012 0.008413
v -1.417930 0.295012 0.006413
v -1.417930 0.279629 0.008413
v -1.417930 0.279629 0.006413
v -1.455030 0.279629 0.008413
v -1.455030 0.279629 0.006413
v -0.043028 0.286711 -0.017194
v -0.043028 0.286711 -0.015194
v -0.058470 0.260611 -0.017194
v -0.058470 0.260611 -0.015194
v -0.008725 0.260611 -0.017194
v -0.008725 0.260611 -0.015194
v -0.046922 0.286711 -0.017194
v -0.046922 0.286711 -0.015194
v -0.079059 0.286711 -0.017194
v -0.079059 0.286711 -0.015194
v -0.121349 0.260611 -0.017194
v -0.121349 0.260611 -0.015194
v -0.111918 0.286711 -0.017194
v -0.111918 0.286711 -0.015194
v -0.121349 0.260611 0.017194
v -0.121349 0.260611 0.015194
v -0.079059 0.286711 0.017194
v -0.079059 0.286711 0.015194
v -0.058470 0.260611 0.017194
v -0.058470 0.260611 0.015194
v -0.111918 0.286711 0.017194
v -0.111918 0.286711 0.015194
v -0.046922 0.286711 0.017194
v -0.046922 0.286711 0.015194
v -0.043028 0.286711 0.017194
v -0.043028 0.286711 0.015194
v -0.008725 0.260611 0.017194
v -0.008725 0.260611 0.015194
v 0.015485 0.259999 -0.017194
v 0.015485 0.259999 -0.015194
v 0.063670 0.259999 -0.017194
v 0.063670 0.259999 -0.015194
v 0.024696 0.270131 -0.017194
v 0.024696 0.270131 -0.015194
v 0.063670 0.270131 -0.017194
v 0.063670 0.270131 -0.015194
v 0.063670 0.259999 0.017194
v 0.063670 0.259999 0.015194
v 0.024696 0.270131 0.017194
v 0.024696 0.270131 0.015194
v 0.063670 0.270131 0.017194
v 0.063670 0.270131 0.015194
v 0.015485 0.259999 0.017194
v 0.015485 0.259999 0.015194
v -0.826194 0.042131 0.027821
v -0.826194 0.040724 0.029243
v -0.775125 0.042131 0.027821
v -0.775125 0.040724 0.029243
v -0.775125 0.070379 0.039345
v -0.775125 0.070379 0.041345
v -0.826194 0.030429 -0.000000
v -0.826194 0.028429 -0.000000
v -0.826194 0.070379 0.039345
v -0.826194 0.070379 0.041345
v -0.775125 0.030429 -0.000000
v -0.775125 0.028429 0.000000
v -0.775125 0.098627 0.027821
v -0.775125 0.100034 0.029243
v -0.826194 0.042131 -0.027821
v -0.826194 0.040724 -0.029243
v -0.826194 0.098627 0.027821
v -0.826194 0.100034 0.029243
v -0.775125 0.042131 -0.027821
v -0.775125 0.040724 -0.029243
v -0.775125 0.110328 -0.000000
v -0.775125 0.112328 -0.000000
v -0.826194 0.070379 -0.039345
v -0.826194 0.070379 -0.041345
v -0.826194 0.110328 -0.000000
v -0.826194 0.112328 -0.000000
v -0.775125 0.070379 -0.039345
v -0.775125 0.070379 -0.041345
v -0.775125 0.098627 -0.027821
v -0.775125 0.100034 -0.029243
v -0.826194 0.098627 -0.027821
v -0.826194 0.100034 -0.029243
v -1.118794 0.101355 -0.008678
v -1.119848 0.103055 -0.008678
v -1.122597 0.080875 -0.008678
v -1.124563 0.081240 -0.008678
v -1.122597 0.080875 0.008678
v -1.124563 0.081240 0.008678
v -1.118794 0.101355 0.008678
v -1.119848 0.103055 0.008678
v -1.083419 0.112070 0.008678
v -1.084253 0.113888 0.008678
v -1.083419 0.112070 -0.008678
v -1.084253 0.113888 -0.008678
v -1.055423 0.135228 0.008678
v -1.055725 0.137205 0.008678
v -1.055423 0.135228 -0.008678
v -1.055725 0.137205 -0.008678
v -0.967714 0.135228 -0.008678
v -0.967244 0.137172 -0.008678
v -0.967714 0.135228 0.008678
v -0.967244 0.137172 0.008677
v -0.995710 0.112070 0.008678
v -0.994183 0.110778 0.008678
v -0.995710 0.112070 -0.008678
v -0.994183 0.110778 -0.008678
v -1.011038 0.080875 -0.008678
v -1.009243 0.079993 -0.008678
v -1.011038 0.080875 0.008678
v -1.009243 0.079993 0.008678
v 0.068737 0.223766 -0.027020
v 0.068737 0.221766 -0.027020
v 0.053464 0.223766 0.036846
v 0.053464 0.221766 0.036846
v 0.053464 0.223766 -0.036846
v 0.053464 0.221766 -0.036846
v 0.068737 0.223766 0.027020
v 0.068737 0.221766 0.027020
v -0.121349 0.223766 0.036846
v -0.121349 0.221766 0.036846
v -0.121349 0.223766 -0.036846
v -0.121349 0.221766 -0.036846
v -0.058470 0.260611 0.017194
v -0.058470 0.258611 0.017194
v -0.008725 0.260611 0.017194
v -0.008725 0.258611 0.017194
v -0.008725 0.260611 0.027020
v -0.008725 0.258611 0.027020
v -0.058470 0.260611 0.027020
v -0.058470 0.258611 0.027020
v -0.058470 0.260611 -0.027020
v -0.058470 0.258611 -0.027020
v -0.008725 0.260611 -0.027020
v -0.008725 0.258611 -0.027020
v -0.008725 0.260611 -0.017194
v -0.008725 0.258611 -0.017194
v -0.058470 0.260611 -0.017194
v -0.058470 0.258611 -0.017194
v 0.063670 0.259999 -0.017194
v 0.063670 0.257999 -0.017194
v 0.015485 0.259999 -0.027020
v 0.015485 0.257999 -0.027020
v 0.063670 0.259999 -0.027020
v 0.063670 0.257999 -0.027020
v 0.015485 0.259999 -0.017194
v 0.015485 0.257999 -0.017194
v 0.063670 0.259999 0.027020
v 0.063670 0.257999 0.027020
v 0.015485 0.259999 0.017194
v 0.015485 0.257999 0.017194
v 0.063670 0.259999 0.017194
v 0.063670 0.257999 0.017194
v 0.015485 0.259999 0.027020
v 0.015485 0.257999 0.027020
v -1.438550 0.279356 -0.002210
v -1.438550 0.277356 -0.002210
v -1.433023 0.279356 -0.002210
v -1.433023 0.277356 -0.002210
v -1.433023 0.279356 0.002210
v -1.433023 0.277356 0.002210
v -1.438550 0.279356 0.002210
v -1.438550 0.277356 0.002210
v -0.775125 0.042131 -0.027821
v -0.773125 0.042131 -0.027821
v -0.775125 0.042131 0.027821
v -0.773125 0.042131 0.027821
v -0.775125 0.030429 -0.000000
v -0.773125 0.030429 -0.000000
v -0.775125 0.070379 0.039345
v -0.773125 0.070379 0.039345
v -0.775125 0.070379 -0.039345
v -0.773125 0.070379 -0.039345
v -0.775125 0.098627 -0.027821
v -0.773125 0.098627 -0.027821
v -0.775125 0.098627 0.027821
v -0.773125 0.098627 0.027821
v -0.775125 0.110328 -0.000000
v -0.773125 0.110328 -0.000000
v -0.775125 0.131881 -0.021401
v -0.773125 0.131881 -0.021401
v -0.775125 0.131881 0.021401
v -0.773125 0.131881 0.021401
v -0.775125 0.123017 -0.000000
v -0.773125 0.123017 -0.000000
v -0.775125 0.153283 0.030265
v -0.773125 0.153283 0.030265
v -0.775125 0.153283 -0.030265
v -0.773125 0.153283 -0.030265
v -0.775125 0.183547 -0.000000
v -0.773125 0.183547 -0.000000
v -0.775125 0.174683 0.021401
v -0.773125 0.174683 0.021401
v -0.775125 0.174683 -0.021401
v -0.773125 0.174683 -0.021401
v 0.224968 0.049382 0.142822
v 0.225307 0.051353 0.142822
v 0.242032 0.019978 -0.142822
v 0.243762 0.020982 -0.142822
v 0.224968 0.049382 -0.142822
v 0.225307 0.051353 -0.142822
v 0.242032 0.019978 0.142822
v 0.243762 0.020982 0.142822
v -0.059547 0.049382 0.142822
v -0.059886 0.051353 0.142822
v -0.059547 0.049382 -0.142822
v -0.059886 0.051353 -0.142822
v -0.076611 0.019978 0.142822
v -0.078341 0.020982 0.142822
v -0.076611 0.019978 -0.142822
v -0.078341 0.020982 -0.142822
v -0.951559 0.131881 -0.021401
v -0.949559 0.131881 -0.021401
v -0.951559 0.131881 0.021401
v -0.949559 0.131881 0.021401
v -0.951559 0.123017 -0.000000
v -0.949559 0.123017 -0.000000
v -0.951559 0.153283 0.030265
v -0.949559 0.153283 0.030265
v -0.951559 0.153283 -0.030265
v -0.949559 0.153283 -0.030265
v -0.951559 0.183547 -0.000000
v -0.949559 0.183547 -0.000000
v -0.951559 0.174683 0.021401
v -0.949559 0.174683 0.021401
v -0.951559 0.174683 -0.021401
v -0.949559 0.174683 -0.021401
v 0.015485 0.259999 0.017194
v 0.014005 0.261344 0.017194
v 0.015485 0.259999 0.027020
v 0.014005 0.261344 0.027020
v 0.024696 0.270131 0.017194
v 0.023216 0.271476 0.017194
v 0.024696 0.270131 0.027020
v 0.023216 0.271476 0.027020
v 0.015485 0.259999 -0.027020
v 0.014005 0.261344 -0.027020
v 0.015485 0.259999 -0.017194
v 0.014005 0.261344 -0.017194
v 0.024696 0.270131 -0.027020
v 0.023216 0.271476 -0.027020
v 0.024696 0.270131 -0.017194
v 0.023216 0.271476 -0.017194
v -0.111918 0.286711 -0.036846
v -0.113799 0.287391 -0.036846
v -0.121349 0.260611 -0.036846
v -0.123317 0.260966 -0.036846
v -0.111918 0.286711 -0.017194
v -0.113799 0.287391 -0.017194
v -0.121349 0.260611 -0.017194
v -0.123335 0.260850 -0.017194
v -0.121349 0.223766 -0.036846
v -0.123349 0.223766 -0.036846
v -0.121349 0.223766 0.036846
v -0.123349 0.223766 0.036846
v -0.121349 0.260611 0.017194
v -0.123335 0.260850 0.017194
v -0.121349 0.260611 0.036846
v -0.123317 0.260966 0.036846
v -0.111918 0.286711 0.036846
v -0.113799 0.287391 0.036846
v -0.111918 0.286711 0.017194
v -0.113799 0.287391 0.017194
v -1.435041 0.285977 0.000597
v -1.433128 0.286560 0.000597
v -1.433023 0.279356 -0.002210
v -1.431110 0.279939 -0.002210
v -1.435041 0.285977 -0.000597
v -1.433128 0.286560 -0.000597
v -1.433023 0.279356 0.002210
v -1.431110 0.279939 0.002210
v -1.372023 0.042131 -0.027821
v -1.370023 0.042131 -0.027821
v -1.372023 0.042131 0.027821
v -1.370023 0.042131 0.027821
v -1.372023 0.030429 -0.000000
v -1.370023 0.030429 -0.000000
v -1.372023 0.070379 0.039345
v -1.370023 0.070379 0.039345
v -1.372023 0.070379 -0.039345
v -1.370023 0.070379 -0.039345
v -1.372023 0.098627 -0.027821
v -1.370023 0.098627 -0.027821
v -1.372023 0.098627 0.027821
v -1.370023 0.098627 0.027821
v -1.372023 0.110328 -0.000000
v -1.370023 0.110328 -0.000000
v -1.388614 0.103818 -0.017686
v -1.386696 0.104386 -0.017686
v -1.403702 0.154739 0.011770
v -1.401746 0.155156 0.011770
v -1.388614 0.103818 0.017686
v -1.386696 0.104386 0.017686
v -1.403702 0.154739 -0.011770
v -1.401746 0.155156 -0.011770
v -1.417930 0.270283 -0.010516
v -1.415933 0.270386 -0.010516
v -1.417930 0.270283 0.010516
v -1.415933 0.270386 0.010516
v -1.417930 0.279629 0.008413
v -1.415930 0.279629 0.008413
v -1.417930 0.279629 0.016826
v -1.415930 0.279629 0.016826
v -1.417930 0.295012 0.016826
v -1.415930 0.295012 0.016826
v -1.417930 0.295012 0.008413
v -1.415930 0.295012 0.008413
v -1.417930 0.279629 -0.008413
v -1.415930 0.279629 -0.008413
v -1.417930 0.279629 -0.016826
v -1.415930 0.279629 -0.016826
v -1.417930 0.295012 -0.008413
v -1.415930 0.295012 -0.008413
v -1.417930 0.295012 -0.016826
v -1.415930 0.295012 -0.016826
v 1.512030 -0.304744 -0.093166
v 1.509594 0.069290 -0.094567
v 1.509594 0.069291 0.093953
v 1.512051 -0.307946 -0.092532
v 1.509616 0.066025 0.094555
v 1.512051 -0.307946 0.093154
v 1.510377 -0.310455 -0.093431
v 1.449211 -0.343356 0.105142
v 1.449211 -0.343356 -0.109767
v 1.449692 -0.343097 0.109639
v 1.510651 -0.310307 -0.088262
v 1.510651 -0.310307 0.093358
v 1.508177 0.071637 0.089630
v 1.508177 0.071636 -0.094781
v 1.446774 0.104435 -0.111312
v 1.446297 0.104690 -0.106765
v 1.446297 0.104691 0.111441
v 1.507906 0.071782 0.094854
v -1.512058 0.099916 0.001000
v -1.512058 0.099682 0.022733
v -1.512058 0.108823 0.001000
v -1.512058 0.099916 -0.001000
v -1.512058 0.108823 -0.001000
v -1.512058 0.099682 -0.022733
v -1.512058 0.097652 0.025457
v -1.512058 0.097872 0.005088
v -1.512058 0.091750 0.019644
v -1.512058 0.097872 -0.005088
v -1.512058 0.097652 -0.025457
v -1.512058 0.091750 -0.019644
v -1.512058 0.090559 0.021277
v -1.512058 0.074818 0.036454
v -1.512058 0.096844 0.027468
v -1.512058 0.074818 -0.036454
v -1.512058 0.090559 -0.021277
v -1.512058 0.096844 -0.027468
v -1.512058 0.071379 0.036992
v -1.512058 0.086127 0.022772
v -1.512058 0.071379 0.028788
v -1.512058 0.086127 -0.022772
v -1.512058 0.071379 -0.036992
v -1.512058 0.071379 -0.028788
v -1.512058 0.054631 0.022772
v -1.512058 0.069379 0.036992
v -1.512058 0.069379 0.028788
v -1.512058 0.069379 -0.036992
v -1.512058 0.054631 -0.022772
v -1.512058 0.069379 -0.028788
v -1.512058 0.065940 0.036454
v -1.512058 0.050199 0.021277
v -1.512058 0.043914 0.027468
v -1.512058 0.050199 -0.021277
v -1.512058 0.065940 -0.036454
v -1.512058 0.043914 -0.027468
v -1.512058 0.042886 0.005088
v -1.512058 0.043106 0.025457
v -1.512058 0.049008 0.019644
v -1.512058 0.043106 -0.025457
v -1.512058 0.042886 -0.005088
v -1.512058 0.049008 -0.019644
v -1.512058 0.041076 0.022734
v -1.512058 0.040842 0.001000
v -1.512058 0.031934 0.001000
v -1.512058 0.040842 -0.001000
v -1.512058 0.041076 -0.022734
v -1.512058 0.031934 -0.001000
v -1.456030 0.271283 -0.006232
v -1.456030 0.271283 0.009266
v -1.456030 0.278170 0.007716
v -1.456030 0.278629 0.009663
v -1.456030 0.272762 0.010983
v -1.456030 0.278629 0.014944
v -1.456030 0.280629 0.015826
v -1.456030 0.291099 0.015826
v -1.456030 0.280629 0.010100
v -1.456030 0.294012 0.009413
v -1.456030 0.283542 0.009413
v -1.456030 0.294012 0.015139
v -1.456030 0.269283 0.009527
v -1.456030 0.269283 -0.009305
v -1.456030 0.165828 0.010650
v -1.456030 0.278629 0.004129
v -1.456030 0.278629 -0.007613
v -1.456030 0.272107 -0.009081
v -1.456030 0.260375 -0.009623
v -1.456030 0.155739 -0.010759
v -1.456030 0.155739 0.010559
v -1.456030 0.153739 -0.010036
v -1.456030 0.108495 0.016136
v -1.456030 0.153739 0.010879
v -1.456030 0.104818 0.015952
v -1.456030 0.151627 -0.011125
v -1.456030 0.104818 -0.016563
v -1.456030 0.278629 -0.009663
v -1.456030 0.278629 -0.014944
v -1.456030 0.272762 -0.010983
v -1.456030 0.280629 -0.015826
v -1.456030 0.280629 -0.010100
v -1.456030 0.291099 -0.015826
v -1.456030 0.294012 -0.015139
v -1.456030 0.283542 -0.009413
v -1.456030 0.294012 -0.009413
v -1.400234 0.088945 0.019556
v -1.510058 0.071485 0.026665
v -1.510058 0.088937 0.019548
v -1.499631 0.090250 0.018248
v -1.389928 0.097477 0.001099
v -1.389928 0.090259 0.018257
v -1.400355 0.097551 0.000922
v -1.510058 0.090325 0.018071
v -1.510058 0.097539 0.000922
v -1.499752 0.071305 0.026738
v -1.389928 0.088765 0.019630
v -1.389928 0.071305 0.026750
v -1.388928 0.090871 -0.014221
v -1.388928 0.090871 0.014221
v -1.388928 0.096854 0.000000
v -1.499631 0.097539 -0.000922
v -1.389928 0.090333 -0.018080
v -1.389928 0.097551 -0.000922
v -1.388928 0.088871 -0.014222
v -1.388928 0.072237 0.025290
v -1.388928 0.088871 0.018507
v -1.400355 0.090259 -0.018257
v -1.510058 0.097465 -0.001099
v -1.510058 0.090250 -0.018248
v -1.400234 0.069453 0.026750
v -1.510058 0.052001 0.019621
v -1.510058 0.069453 0.026738
v -1.499752 0.088937 -0.019548
v -1.389928 0.071485 -0.026677
v -1.389928 0.088945 -0.019556
v -1.388928 0.071379 0.022171
v -1.388928 0.088557 -0.018635
v -1.388928 0.071379 -0.025640
v -1.400234 0.071305 -0.026750
v -1.510058 0.088757 -0.019621
v -1.510058 0.071305 -0.026738
v -1.499752 0.051821 0.019548
v -1.389928 0.069273 0.026677
v -1.389928 0.051813 0.019556
v -1.388928 0.069379 0.025640
v -1.388928 0.069379 -0.022171
v -1.388928 0.052201 0.018635
v -1.510058 0.050508 0.018248
v -1.400355 0.050499 0.018257
v -1.510058 0.043293 0.001099
v -1.499752 0.069453 -0.026738
v -1.389928 0.051993 -0.019630
v -1.389928 0.069453 -0.026750
v -1.388928 0.051887 -0.018507
v -1.388928 0.051887 0.014222
v -1.388928 0.068521 -0.025290
v -1.400234 0.051813 -0.019556
v -1.510058 0.069273 -0.026665
v -1.510058 0.051821 -0.019548
v -1.389928 0.043207 0.000922
v -1.499631 0.043219 0.000922
v -1.389928 0.050425 0.018080
v -1.388928 0.049887 0.014221
v -1.388928 0.049887 -0.014221
v -1.388928 0.043904 -0.000000
v -1.510058 0.043219 -0.000922
v -1.400355 0.043207 -0.000922
v -1.510058 0.050433 -0.018071
v -1.389928 0.050499 -0.018257
v -1.499631 0.050508 -0.018248
v -1.389928 0.043281 -0.001099
v -1.438451 0.283114 -0.000339
v -1.439215 0.280604 -0.000950
v -1.439215 0.280604 0.000725
v -1.437781 0.285312 0.000888
v -1.435949 0.291325 -0.001662
v -1.437781 0.285312 -0.000197
v 0.064670 0.262467 0.018194
v 0.064670 0.269131 0.018194
v 0.064670 0.269131 0.024657
v 0.064670 0.260999 0.019557
v 0.064670 0.267663 0.026020
v 0.064670 0.260999 0.026020
v 0.064670 0.262467 -0.026020
v 0.064670 0.269131 -0.026020
v 0.064670 0.269131 -0.019557
v 0.064670 0.260999 -0.024657
v 0.064670 0.267663 -0.018194
v 0.064670 0.260999 -0.018194
v 1.449000 -0.330292 0.111784
v 1.507788 0.069722 0.096820
v 1.446180 0.102631 0.113407
v 1.507964 0.057624 0.096748
v 1.449357 -0.341157 0.111667
v 1.510347 -0.308350 0.095377
v 1.507788 0.069721 -0.096820
v 1.449000 -0.330292 -0.111784
v 1.446180 0.102630 -0.113407
v 1.449357 -0.341157 -0.111667
v 1.507964 0.057623 -0.096748
v 1.510347 -0.308350 -0.095377
v -0.085097 0.282126 -0.035846
v -0.058660 0.262012 -0.028274
v -0.058660 0.262012 -0.035846
v -0.064936 0.266787 -0.028020
v -0.091373 0.286901 -0.035592
v -0.091373 0.286901 -0.028020
v -0.085097 0.282126 0.028020
v -0.058660 0.262012 0.035592
v -0.058660 0.262012 0.028020
v -0.064936 0.266787 0.035846
v -0.091373 0.286901 0.028274
v -0.091373 0.286901 0.035846
v -1.049686 0.132881 -0.020733
v -1.049686 0.132881 0.016374
v -1.049686 0.151435 -0.028417
v -1.049686 0.130881 0.016373
v -1.049686 0.130881 -0.016373
v -1.049686 0.124099 -0.000000
v -1.049686 0.152283 0.028768
v -1.049686 0.152283 -0.025238
v -1.049686 0.133188 0.020860
v -1.049686 0.154283 0.027851
v -1.049686 0.182133 -0.000000
v -1.049686 0.154283 -0.027851
v -1.049686 0.157545 -0.027417
v -1.049686 0.180699 -0.004262
v -1.049686 0.173918 -0.020636
v -1.049686 0.180699 0.004262
v -1.049686 0.157545 0.027417
v -1.049686 0.173918 0.020636
v -0.092716 0.285410 0.037846
v -0.118771 0.261611 0.037846
v -0.061436 0.261611 0.037846
v -0.119031 0.264082 0.037846
v -0.095352 0.285711 0.037846
v -0.111216 0.285711 0.037846
v -0.120349 0.225511 0.037846
v -0.062155 0.259611 0.037846
v -0.120349 0.259611 0.037846
v -0.117664 0.224766 0.037846
v 0.047369 0.224766 0.037836
v -0.058354 0.259520 0.037846
v -0.052234 0.259611 0.037846
v 0.052606 0.225148 0.037836
v 0.052606 0.259611 0.037836
v 0.068181 0.224766 0.028495
v 0.054447 0.256320 0.037295
v 0.054447 0.224766 0.037295
v 0.054958 0.259611 0.036966
v 0.068692 0.228057 0.028166
v 0.068692 0.259611 0.028166
v 0.069533 0.225658 0.026625
v 0.069533 0.259611 -0.024384
v 0.069533 0.259611 0.026625
v 0.069533 0.258719 -0.026625
v 0.069533 0.224766 0.024384
v 0.069533 0.224766 -0.026625
v 0.068692 0.256320 -0.028166
v 0.068692 0.224766 -0.028166
v 0.055357 0.224766 -0.036817
v 0.054846 0.228057 -0.037146
v 0.054846 0.259611 -0.037146
v 0.068181 0.259611 -0.028495
v -0.080059 0.287711 -0.026020
v -0.089661 0.287711 -0.026020
v -0.080059 0.287711 -0.019141
v -0.092860 0.287711 -0.025852
v -0.107780 0.287711 -0.018194
v -0.082172 0.287711 -0.018194
v -0.094964 0.287711 -0.027020
v -0.110918 0.287711 -0.035209
v -0.110918 0.287711 -0.018831
v -0.107780 0.287711 -0.035846
v -0.093774 0.287711 -0.028657
v -0.093774 0.287711 -0.035846
v -0.078059 0.287711 -0.018194
v -0.053613 0.287711 -0.018194
v -0.078059 0.287711 -0.025669
v -0.047922 0.287711 -0.026020
v -0.072368 0.287711 -0.026020
v -0.047922 0.287711 -0.018545
v -0.045922 0.287711 -0.021782
v -0.045922 0.287711 -0.018194
v -0.044352 0.287700 -0.018194
v -0.043880 0.287700 -0.022432
v -0.043880 0.287700 -0.026020
v -0.045450 0.287711 -0.026020
v -0.015191 0.266787 -0.018194
v -0.042084 0.287094 -0.025766
v -0.042084 0.287094 -0.018194
v -0.035808 0.282319 -0.026020
v -0.008915 0.262012 -0.018448
v -0.008915 0.262012 -0.026020
v -0.110918 0.287711 0.035209
v -0.094964 0.287711 0.027020
v -0.110918 0.287711 0.018831
v -0.093774 0.287711 0.028657
v -0.107780 0.287711 0.035846
v -0.093774 0.287711 0.035846
v -0.082172 0.287711 0.018194
v -0.107780 0.287711 0.018194
v -0.092860 0.287711 0.025852
v -0.089661 0.287711 0.026020
v -0.080059 0.287711 0.026020
v -0.080059 0.287711 0.019141
v -0.078059 0.287711 0.026020
v -0.053613 0.287711 0.026020
v -0.078059 0.287711 0.018545
v -0.047922 0.287711 0.018194
v -0.072368 0.287711 0.018194
v -0.047922 0.287711 0.025669
v -0.045922 0.287711 0.022432
v -0.045922 0.287711 0.026020
v -0.044352 0.287700 0.026020
v -0.043880 0.287700 0.021782
v -0.043880 0.287700 0.018194
v -0.045450 0.287711 0.018194
v -0.015191 0.266787 0.026020
v -0.042084 0.287094 0.018448
v -0.042084 0.287094 0.026020
v -0.035808 0.282319 0.018194
v -0.008915 0.262012 0.025766
v -0.008915 0.262012 0.018194
v -0.057309 -0.010413 -0.141822
v 0.224137 -0.010413 -0.141822
v 0.224137 -0.010413 0.140401
v 0.225639 -0.009548 -0.125959
v 0.242332 0.018502 0.141822
v 0.225639 -0.009548 0.141822
v 0.242395 0.018611 -0.141822
v 0.242395 0.018611 0.125959
v 0.225703 -0.009439 -0.141822
v -0.058716 -0.010413 -0.140401
v 0.222730 -0.010413 0.141822
v -0.058716 -0.010413 0.141822
v -0.060218 -0.009548 -0.141822
v -0.060218 -0.009548 0.125959
v -0.076911 0.018502 -0.141822
v -0.076974 0.018611 -0.125959
v -0.060282 -0.009439 0.141822
v -0.076974 0.018611 0.141822
v -0.827194 0.043131 -0.027149
v -0.827194 0.043131 0.022864
v -0.827194 0.068521 -0.037507
v -0.827194 0.041131 0.022864
v -0.827194 0.041131 -0.022864
v -0.827194 0.031514 -0.000000
v -0.827194 0.069379 0.037857
v -0.827194 0.069379 -0.034388
v -0.827194 0.043445 0.027277
v -0.827194 0.071379 -0.034388
v -0.827194 0.071379 0.037857
v -0.827194 0.097313 0.027277
v -0.827194 0.097627 0.022864
v -0.827194 0.097627 -0.027149
v -0.827194 0.072237 -0.037507
v -0.827194 0.099627 -0.022864
v -0.827194 0.099627 0.022864
v -0.827194 0.109243 -0.000000
v -0.827194 0.132881 -0.020733
v -0.827194 0.132881 0.016374
v -0.827194 0.151435 -0.028417
v -0.827194 0.130881 0.016373
v -0.827194 0.130881 -0.016373
v -0.827194 0.124099 -0.000000
v -0.827194 0.152283 0.028768
v -0.827194 0.152283 -0.025238
v -0.827194 0.133188 0.020860
v -0.827194 0.154283 0.027851
v -0.827194 0.182133 -0.000000
v -0.827194 0.154283 -0.027851
v -0.827194 0.157545 -0.027417
v -0.827194 0.180699 -0.004262
v -0.827194 0.173918 -0.020636
v -0.827194 0.180699 0.004262
v -0.827194 0.157545 0.027417
v -0.827194 0.173918 0.020636
v -0.060547 0.045667 -0.143822
v -0.060547 -0.005711 -0.143822
v -0.075455 0.019978 -0.143822
v -0.058547 -0.008427 -0.143822
v -0.058547 0.048154 -0.143822
v 0.215190 -0.008427 -0.143822
v -0.049769 0.048382 -0.143822
v 0.223968 0.048382 -0.143822
v 0.223968 -0.008199 -0.143822
v 0.225968 -0.005711 -0.143822
v 0.225968 0.045667 -0.143822
v 0.240876 0.019978 -0.143822
v -0.058547 -0.008199 0.143822
v 0.215190 0.048382 0.143822
v -0.058547 0.048382 0.143822
v -0.060547 -0.005711 0.143822
v -0.060547 0.045667 0.143822
v -0.075455 0.019978 0.143822
v 0.223968 -0.008427 0.143822
v 0.223968 0.048154 0.143822
v -0.049769 -0.008427 0.143822
v 0.225968 0.045667 0.143822
v 0.225968 -0.005711 0.143822
v 0.240876 0.019978 0.143822
v -1.426862 0.296012 -0.015826
v -1.454030 0.296012 -0.015826
v -1.454030 0.296012 -0.009665
v -1.418930 0.296012 -0.015574
v -1.446098 0.296012 -0.009413
v -1.418930 0.296012 -0.009413
v -1.454030 0.296012 0.015574
v -1.426862 0.296012 0.009413
v -1.454030 0.296012 0.009413
v -1.418930 0.296012 0.009665
v -1.446098 0.296012 0.015826
v -1.418930 0.296012 0.015826
v -1.437891 0.286977 0.000403
v -1.435533 0.286977 0.000403
v -1.435533 0.286977 -0.001484
v -1.436041 0.286977 0.001484
v -1.433683 0.286977 -0.000403
v -1.436041 0.286977 -0.000403
v -1.422556 0.280629 -0.007413
v -1.454030 0.280629 -0.007413
v -1.454030 0.280629 0.006861
v -1.418930 0.280629 -0.006861
v -1.450404 0.280629 0.007413
v -1.418930 0.280629 0.007413
v 0.025696 0.271131 -0.018194
v 0.055613 0.271131 -0.018194
v 0.025696 0.271131 -0.025737
v 0.062670 0.271131 -0.026020
v 0.032753 0.271131 -0.026020
v 0.062670 0.271131 -0.018477
v 0.025696 0.271131 0.026020
v 0.055613 0.271131 0.026020
v 0.025696 0.271131 0.018477
v 0.062670 0.271131 0.018194
v 0.032753 0.271131 0.018194
v 0.062670 0.271131 0.025737
v -0.057470 0.261611 -0.028112
v 0.030637 0.261611 -0.035846
v -0.057470 0.261611 -0.035846
v -0.057470 0.261611 -0.018385
v 0.030463 0.261611 -0.033823
v -0.057470 0.261611 -0.026104
v 0.055015 0.261611 -0.034659
v 0.067737 0.261611 0.018539
v 0.067737 0.261611 -0.026474
v 0.067599 0.261611 0.026563
v 0.054464 0.261611 -0.028365
v 0.054464 0.261611 0.035014
v 0.052464 0.261611 -0.035655
v -0.055241 0.261611 -0.016746
v 0.052464 0.261611 0.035253
v -0.120349 0.261611 0.015507
v -0.062383 0.261611 -0.016194
v -0.120349 0.261611 -0.016194
v -0.059470 0.261611 -0.015507
v -0.117436 0.261611 0.016194
v -0.059470 0.261611 0.016194
v 0.046545 0.261611 0.034616
v -0.057470 0.261611 -0.015601
v -0.057470 0.261611 0.016354
v 0.030463 0.261611 0.033823
v -0.057470 0.261611 0.018385
v -0.057470 0.261611 0.026104
v 0.030637 0.261611 0.035846
v -0.057470 0.261611 0.028112
v -0.057470 0.261611 0.035846
v -1.501835 0.042354 0.028910
v -1.373023 0.042354 0.028910
v -1.373023 0.069228 0.039875
v -1.510058 0.029910 0.001143
v -1.381343 0.041040 0.027610
v -1.510058 0.041040 0.027610
v -1.510058 0.042579 0.029002
v -1.381246 0.069453 0.039967
v -1.510058 0.069453 0.039967
v -1.501737 0.029817 0.000922
v -1.373023 0.029817 0.000922
v -1.373023 0.040947 0.027389
v -1.501835 0.071305 0.039967
v -1.373023 0.071305 0.039967
v -1.373023 0.098179 0.029002
v -1.510058 0.040947 -0.027389
v -1.381343 0.029817 -0.000922
v -1.510058 0.029817 -0.000922
v -1.510058 0.071530 0.039875
v -1.381246 0.098404 0.028910
v -1.510058 0.098404 0.028910
v -1.501737 0.041040 -0.027610
v -1.373023 0.041040 -0.027610
v -1.373023 0.029910 -0.001143
v -1.373023 0.110847 0.001143
v -1.501737 0.099718 0.027610
v -1.373023 0.099718 0.027610
v -1.510058 0.069228 -0.039875
v -1.381246 0.042354 -0.028910
v -1.510058 0.042354 -0.028910
v -1.381344 0.110940 0.000922
v -1.510058 0.110940 0.000922
v -1.510058 0.099811 0.027389
v -1.501835 0.069453 -0.039967
v -1.373023 0.069453 -0.039967
v -1.373023 0.042579 -0.029002
v -1.373023 0.099811 -0.027389
v -1.501737 0.110940 -0.000922
v -1.373023 0.110940 -0.000922
v -1.510058 0.098179 -0.029002
v -1.381246 0.071305 -0.039967
v -1.510058 0.071305 -0.039967
v -1.510058 0.110847 -0.001143
v -1.381344 0.099718 -0.027610
v -1.510058 0.099718 -0.027610
v -1.501835 0.098404 -0.028910
v -1.373023 0.098404 -0.028910
v -1.373023 0.071530 -0.039875
v -0.640178 0.176016 -0.063580
v -0.640178 0.142789 -0.067414
v -0.654090 0.159402 -0.065153
v -0.638178 0.141033 -0.067641
v -0.638178 0.177004 -0.063491
v -0.577935 0.141033 -0.067641
v -0.635573 0.177767 -0.063403
v -0.575330 0.177767 -0.063403
v -0.575330 0.141796 -0.067553
v -0.573330 0.142789 -0.067414
v -0.573330 0.176016 -0.063580
v -0.559418 0.159402 -0.065153
v -0.492794 0.176016 -0.063580
v -0.492794 0.142789 -0.067414
v -0.506705 0.159402 -0.065153
v -0.490794 0.141033 -0.067641
v -0.490794 0.177004 -0.063491
v -0.430551 0.141033 -0.067641
v -0.488189 0.177767 -0.063403
v -0.427946 0.177767 -0.063403
v -0.427946 0.141796 -0.067553
v -0.425946 0.142789 -0.067414
v -0.425946 0.176016 -0.063580
v -0.412035 0.159402 -0.065153
v -0.638178 0.141796 0.067553
v -0.577935 0.177767 0.063403
v -0.638178 0.177767 0.063403
v -0.640178 0.142789 0.067414
v -0.640178 0.176016 0.063580
v -0.654090 0.159402 0.065153
v -0.575330 0.141033 0.067641
v -0.575330 0.177004 0.063491
v -0.635573 0.141033 0.067641
v -0.573330 0.176016 0.063580
v -0.573330 0.142789 0.067414
v -0.559418 0.159402 0.065153
v -0.490794 0.141796 0.067553
v -0.430551 0.177767 0.063403
v -0.490794 0.177767 0.063403
v -0.492794 0.142789 0.067414
v -0.492794 0.176016 0.063580
v -0.506705 0.159402 0.065153
v -0.427946 0.141033 0.067641
v -0.427946 0.177004 0.063491
v -0.488189 0.141033 0.067641
v -0.425946 0.176016 0.063580
v -0.425946 0.142789 0.067414
v -0.412035 0.159402 0.065153
v 0.539865 0.212427 -0.058575
v 0.008612 0.159436 -0.058575
v 0.008612 0.212427 -0.058575
v 0.027712 0.159331 -0.058575
v 0.558965 0.212322 -0.058575
v 0.558965 0.159331 -0.058575
v 0.558965 0.212427 0.057767
v 0.027712 0.212427 0.057767
v 0.558965 0.159436 0.057767
v 0.008612 0.159331 0.057767
v 0.539865 0.159331 0.057767
v 0.008612 0.212322 0.057767
v 0.047228 0.224766 -0.037846
v -0.117664 0.224766 -0.037846
v -0.058354 0.259520 -0.037846
v -0.052234 0.259611 -0.037846
v 0.052464 0.259611 -0.037846
v 0.052464 0.225148 -0.037846
v -0.120349 0.259611 -0.037846
v -0.062155 0.259611 -0.037846
v -0.120349 0.225511 -0.037846
v -0.118771 0.261611 -0.037846
v -0.092716 0.285410 -0.037846
v -0.061436 0.261611 -0.037846
v -0.095352 0.285711 -0.037846
v -0.119031 0.264082 -0.037846
v -0.111216 0.285711 -0.037846
v -1.436281 0.283617 0.002201
v -1.437211 0.280564 0.002945
v -1.434663 0.280564 0.002945
v -1.436998 0.289212 0.000838
v -1.435788 0.285242 0.001805
v -1.434893 0.285242 0.001805
v -1.436910 0.280564 -0.002945
v -1.435292 0.283617 -0.002201
v -1.434362 0.280564 -0.002945
v -1.436681 0.285242 -0.001805
v -1.434577 0.289212 -0.000838
v -1.435786 0.285243 -0.001805
v -0.079544 0.285711 -0.028020
v -0.064135 0.266178 -0.028020
v -0.089808 0.285711 -0.028020
v -0.048458 0.285711 -0.028020
v -0.058713 0.262534 -0.028020
v -0.076996 0.285711 -0.028020
v -0.044782 0.285711 -0.028020
v -0.050688 0.275728 -0.028020
v -0.046271 0.285711 -0.028020
v -0.056716 0.261611 -0.028020
v -0.042739 0.285235 -0.028020
v -0.011691 0.261611 -0.028020
v -0.089808 0.285711 0.028020
v -0.064135 0.266178 0.028020
v -0.079544 0.285711 0.028020
v -0.076996 0.285711 0.028020
v -0.058713 0.262534 0.028020
v -0.048458 0.285711 0.028020
v -0.050688 0.275728 0.028020
v -0.044782 0.285711 0.028020
v -0.046271 0.285711 0.028020
v -0.042739 0.285235 0.028020
v -0.056716 0.261611 0.028020
v -0.011691 0.261611 0.028020
v 0.062670 0.261292 -0.028020
v 0.032517 0.269131 -0.028020
v 0.062670 0.269131 -0.028020
v 0.025029 0.269011 -0.028020
v 0.055849 0.260999 -0.028020
v 0.017746 0.260999 -0.028020
v 0.017746 0.260999 0.028020
v 0.055849 0.260999 0.028020
v 0.025029 0.269011 0.028020
v 0.032517 0.269131 0.028020
v 0.062670 0.261292 0.028020
v 0.062670 0.269131 0.028020
v -1.454030 0.106329 0.018401
v -1.406118 0.153810 0.012883
v -1.454030 0.153809 0.012883
v -1.404186 0.152919 0.012987
v -1.452614 0.104927 0.018564
v -1.389951 0.104927 0.018564
v -1.404833 0.155803 0.012757
v -1.418367 0.265365 0.011525
v -1.453659 0.155802 0.012757
v -1.454030 0.161188 0.012699
v -1.419301 0.268998 0.011485
v -1.454030 0.268996 0.011485
v -1.448301 0.270824 0.012033
v -1.418930 0.270827 0.012034
v -1.418930 0.278218 0.017027
v -1.454030 0.271114 0.012229
v -1.424659 0.278508 0.017223
v -1.454030 0.278508 0.017223
v -1.450007 0.280336 0.017782
v -1.418930 0.280336 0.017782
v -1.418930 0.293515 0.017826
v -1.454030 0.280834 0.017782
v -1.422953 0.294012 0.017826
v -1.454030 0.294012 0.017826
v -1.406118 0.153810 -0.012883
v -1.454030 0.106329 -0.018401
v -1.454030 0.153809 -0.012883
v -1.452614 0.104927 -0.018564
v -1.404186 0.152919 -0.012987
v -1.389951 0.104927 -0.018564
v -1.453659 0.155802 -0.012757
v -1.418367 0.265365 -0.011525
v -1.404833 0.155803 -0.012757
v -1.419301 0.268998 -0.011485
v -1.454030 0.161188 -0.012699
v -1.454030 0.268996 -0.011485
v -1.454030 0.278218 -0.017027
v -1.424659 0.270827 -0.012034
v -1.454030 0.270824 -0.012033
v -1.448301 0.278508 -0.017223
v -1.418930 0.278508 -0.017223
v -1.418930 0.271116 -0.012229
v -1.454030 0.293515 -0.017826
v -1.422953 0.280336 -0.017782
v -1.454030 0.280336 -0.017782
v -1.450007 0.294012 -0.017826
v -1.418930 0.294012 -0.017826
v -1.418930 0.280834 -0.017782
v -1.050079 0.134228 0.009678
v -0.995895 0.113214 0.009678
v -0.970492 0.134228 0.009678
v -1.052252 0.132926 0.009678
v -1.011249 0.082714 0.009678
v -0.997089 0.111532 0.009678
v -1.014402 0.083414 0.009678
v -1.055561 0.133816 0.009678
v -1.081522 0.112341 0.009678
v -1.083265 0.110915 0.009678
v -1.119736 0.081875 0.009678
v -1.015885 0.081875 0.009678
v -1.121125 0.083325 0.009678
v -1.088128 0.109599 0.009678
v -1.117922 0.100574 0.009678
v -1.050079 0.134228 -0.009678
v -0.970492 0.134228 -0.009678
v -0.995895 0.113214 -0.009678
v -1.011249 0.082714 -0.009678
v -1.052252 0.132926 -0.009678
v -0.997089 0.111532 -0.009678
v -1.014402 0.083414 -0.009678
v -1.081522 0.112341 -0.009678
v -1.055561 0.133816 -0.009678
v -1.119736 0.081875 -0.009678
v -1.083265 0.110915 -0.009678
v -1.015885 0.081875 -0.009678
v -1.088128 0.109599 -0.009678
v -1.121125 0.083325 -0.009678
v -1.117922 0.100574 -0.009678
v -0.573388 0.178709 -0.061380
v -0.557761 0.159992 0.054017
v -0.557761 0.159992 -0.063053
v -0.557761 0.158459 0.053666
v -0.573386 0.139885 -0.065628
v -0.557761 0.158459 -0.063227
v -0.557914 0.160175 0.063035
v -0.573518 0.178865 -0.052184
v -0.573519 0.178865 0.061365
v -0.573538 0.139703 -0.056300
v -0.557882 0.158314 0.063247
v -0.573538 0.139703 0.065652
v -0.575160 0.179632 -0.058208
v -0.637700 0.179632 0.061295
v -0.575161 0.179632 0.061295
v -0.575180 0.138936 -0.065762
v -0.575180 0.138936 0.062414
v -0.637730 0.138936 -0.065762
v -0.638348 0.179632 -0.061295
v -0.638348 0.179632 0.058208
v -0.575808 0.179632 -0.061295
v -0.638328 0.138936 -0.062414
v -0.575777 0.138936 0.065762
v -0.638328 0.138936 0.065762
v -0.655593 0.160175 -0.063036
v -0.639989 0.178865 0.052183
v -0.639990 0.178865 -0.061365
v -0.639970 0.139703 -0.065652
v -0.639970 0.139703 0.056300
v -0.655625 0.158314 -0.063247
v -0.640120 0.178709 0.061380
v -0.655746 0.159992 -0.054016
v -0.655746 0.159992 0.063053
v -0.655746 0.158459 -0.053666
v -0.640122 0.139885 0.065628
v -0.655746 0.158459 0.063227
v -0.426004 0.178709 -0.061380
v -0.410378 0.159992 0.054016
v -0.410378 0.159992 -0.063053
v -0.410378 0.158459 0.053665
v -0.426002 0.139885 -0.065628
v -0.410378 0.158459 -0.063227
v -0.410531 0.160175 0.063035
v -0.426134 0.178865 -0.052183
v -0.426134 0.178865 0.061365
v -0.426154 0.139703 -0.056300
v -0.410499 0.158314 0.063247
v -0.426154 0.139703 0.065652
v -0.427776 0.179632 -0.058208
v -0.490316 0.179632 0.061295
v -0.427776 0.179632 0.061295
v -0.427796 0.138936 -0.065762
v -0.427796 0.138936 0.062414
v -0.490346 0.138936 -0.065762
v -0.490964 0.179632 -0.061295
v -0.490964 0.179632 0.058208
v -0.428424 0.179632 -0.061295
v -0.490944 0.138936 -0.062414
v -0.428394 0.138936 0.065762
v -0.490944 0.138936 0.065762
v -0.508209 0.160175 -0.063036
v -0.492606 0.178865 0.052183
v -0.492606 0.178865 -0.061365
v -0.492586 0.139703 -0.065652
v -0.492586 0.139703 0.056300
v -0.508241 0.158314 -0.063247
v -0.492736 0.178709 0.061380
v -0.508362 0.159992 -0.054016
v -0.508362 0.159992 0.063053
v -0.508362 0.158459 -0.053666
v -0.492738 0.139885 0.065628
v -0.508362 0.158459 0.063227
v -1.040183 0.132098 0.022491
v -0.952559 0.132098 0.022491
v -0.952559 0.152113 0.030780
v -1.047686 0.122502 0.001170
v -0.960063 0.130791 0.021184
v -1.047686 0.130791 0.021184
v -1.047686 0.132344 0.022593
v -0.960062 0.152359 0.030882
v -1.047686 0.152359 0.030882
v -1.040182 0.122400 0.000924
v -0.952559 0.122400 0.000924
v -0.952559 0.130689 0.020938
v -1.040182 0.154207 0.030882
v -0.952559 0.154207 0.030882
v -0.952559 0.174220 0.022593
v -1.047686 0.130689 -0.020938
v -0.960063 0.122400 -0.000924
v -1.047686 0.122400 -0.000924
v -1.047686 0.154453 0.030780
v -0.960063 0.174466 0.022491
v -1.047686 0.174466 0.022491
v -1.040182 0.130791 -0.021184
v -0.952559 0.130791 -0.021184
v -0.952559 0.122502 -0.001170
v -0.952559 0.184062 0.001170
v -1.040182 0.175773 0.021184
v -0.952559 0.175773 0.021184
v -1.047686 0.152113 -0.030780
v -0.960062 0.132098 -0.022491
v -1.047686 0.132098 -0.022491
v -0.960063 0.184164 0.000924
v -1.047686 0.184164 0.000924
v -1.047686 0.175875 0.020938
v -1.040183 0.152359 -0.030882
v -0.952559 0.152359 -0.030882
v -0.952559 0.132344 -0.022593
v -0.952559 0.175875 -0.020938
v -1.040182 0.184164 -0.000924
v -0.952559 0.184164 -0.000924
v -1.047686 0.174220 -0.022593
v -0.960063 0.154207 -0.030882
v -1.047686 0.154207 -0.030882
v -0.960063 0.175773 -0.021184
v -1.047686 0.175773 -0.021184
v -1.047686 0.184062 -0.001170
v -1.040182 0.174466 -0.022491
v -0.952559 0.174466 -0.022491
v -0.952559 0.154453 -0.030780
v 0.560154 0.213409 0.052388
v 0.560154 0.158941 -0.056575
v 0.560154 0.213409 -0.056575
v 0.560154 0.158349 -0.053196
v 0.560154 0.212817 0.055767
v 0.560154 0.158349 0.055767
v 0.559154 0.214409 -0.056347
v 0.017187 0.214409 0.055767
v 0.559154 0.214409 0.055767
v 0.017187 0.157349 -0.056575
v 0.559154 0.157349 -0.056575
v 0.559154 0.157349 0.055539
v 0.550390 0.214409 -0.056575
v 0.008423 0.214409 -0.056575
v 0.008423 0.214409 0.055539
v 0.008423 0.157349 -0.056347
v 0.550390 0.157349 0.055767
v 0.008423 0.157349 0.055767
v 0.007423 0.213409 -0.053196
v 0.007423 0.158941 0.055767
v 0.007423 0.213409 0.055767
v 0.007423 0.158349 -0.056575
v 0.007423 0.158349 0.052388
v 0.007423 0.212817 -0.056575
v -0.821569 0.132098 0.022491
v -0.776125 0.132098 0.022491
v -0.776125 0.151849 0.030671
v -0.825194 0.122611 0.001434
v -0.779751 0.130791 0.021184
v -0.825194 0.130791 0.021184
v -0.825194 0.132607 0.022702
v -0.779750 0.152359 0.030882
v -0.825194 0.152359 0.030882
v -0.821568 0.122400 0.000924
v -0.776125 0.122400 0.000924
v -0.776125 0.130580 0.020675
v -0.821568 0.154207 0.030882
v -0.776125 0.154207 0.030882
v -0.776125 0.173957 0.022702
v -0.825194 0.130580 -0.020675
v -0.779751 0.122400 -0.000924
v -0.825194 0.122400 -0.000924
v -0.825194 0.154717 0.030671
v -0.779751 0.174466 0.022491
v -0.825194 0.174466 0.022491
v -0.821568 0.130791 -0.021184
v -0.776125 0.130791 -0.021184
v -0.776125 0.122611 -0.001434
v -0.776125 0.183953 0.001434
v -0.821568 0.175773 0.021184
v -0.776125 0.175773 0.021184
v -0.825194 0.151849 -0.030671
v -0.779750 0.132098 -0.022491
v -0.825194 0.132098 -0.022491
v -0.779751 0.184164 0.000924
v -0.825194 0.184164 0.000924
v -0.825194 0.175984 0.020675
v -0.821569 0.152359 -0.030882
v -0.776125 0.152359 -0.030882
v -0.776125 0.132607 -0.022702
v -0.776125 0.175984 -0.020675
v -0.821568 0.184164 -0.000924
v -0.776125 0.184164 -0.000924
v -0.825194 0.173957 -0.022702
v -0.779751 0.154207 -0.030882
v -0.825194 0.154207 -0.030882
v -0.779751 0.175773 -0.021184
v -0.825194 0.175773 -0.021184
v -0.825194 0.183953 -0.001434
v -0.821568 0.174466 -0.022491
v -0.776125 0.174466 -0.022491
v -0.776125 0.154717 -0.030671
v -1.450007 0.280629 -0.007413
v -1.418930 0.280629 -0.007413
v -1.418930 0.293515 -0.007413
v -1.454030 0.281126 -0.007413
v -1.422953 0.294012 -0.007413
v -1.454030 0.294012 -0.007413
v -1.450007 0.294012 0.007413
v -1.418930 0.294012 0.007413
v -1.418930 0.281126 0.007413
v -1.454030 0.293515 0.007413
v -1.422953 0.280629 0.007413
v -1.454030 0.280629 0.007413
v -0.042739 0.285235 -0.016194
v -0.056716 0.261611 -0.016194
v -0.011691 0.261611 -0.016194
v -0.050688 0.275728 -0.016194
v -0.044782 0.285711 -0.016194
v -0.046271 0.285711 -0.016194
v -0.058713 0.262534 -0.016194
v -0.048458 0.285711 -0.016194
v -0.076996 0.285711 -0.016194
v -0.079292 0.285392 -0.016194
v -0.117825 0.261611 -0.016194
v -0.060533 0.261611 -0.016194
v -0.119434 0.262968 -0.016194
v -0.082583 0.285711 -0.016194
v -0.111216 0.285711 -0.016194
v -0.117825 0.261611 0.016194
v -0.079292 0.285392 0.016194
v -0.060533 0.261611 0.016194
v -0.082583 0.285711 0.016194
v -0.119434 0.262968 0.016194
v -0.111216 0.285711 0.016194
v -0.058713 0.262534 0.016194
v -0.076996 0.285711 0.016194
v -0.048458 0.285711 0.016194
v -0.044782 0.285711 0.016194
v -0.050688 0.275728 0.016194
v -0.046271 0.285711 0.016194
v -0.056716 0.261611 0.016194
v -0.042739 0.285235 0.016194
v -0.011691 0.261611 0.016194
v 0.017746 0.260999 -0.016194
v 0.055849 0.260999 -0.016194
v 0.025029 0.269011 -0.016194
v 0.032517 0.269131 -0.016194
v 0.062670 0.261292 -0.016194
v 0.062670 0.269131 -0.016194
v 0.062670 0.261292 0.016194
v 0.032517 0.269131 0.016194
v 0.062670 0.269131 0.016194
v 0.025029 0.269011 0.016194
v 0.055849 0.260999 0.016194
v 0.017746 0.260999 0.016194
v -0.822570 0.042354 0.028910
v -0.776125 0.042354 0.028910
v -0.776125 0.068747 0.039679
v -0.825194 0.030109 0.001615
v -0.778783 0.041040 0.027610
v -0.825194 0.041040 0.027610
v -0.825194 0.043059 0.029198
v -0.778749 0.069453 0.039967
v -0.825194 0.069453 0.039967
v -0.822536 0.029817 0.000922
v -0.776125 0.029817 0.000922
v -0.776125 0.040748 0.026916
v -0.822570 0.071305 0.039967
v -0.776125 0.071305 0.039967
v -0.776125 0.097699 0.029198
v -0.825194 0.040748 -0.026916
v -0.778783 0.029817 -0.000922
v -0.825194 0.029817 -0.000922
v -0.825194 0.072011 0.039679
v -0.778749 0.098404 0.028910
v -0.825194 0.098404 0.028910
v -0.822536 0.041040 -0.027610
v -0.776125 0.041040 -0.027610
v -0.776125 0.030109 -0.001616
v -0.776125 0.110649 0.001615
v -0.822536 0.099718 0.027610
v -0.776125 0.099718 0.027610
v -0.825194 0.068747 -0.039679
v -0.778749 0.042354 -0.028910
v -0.825194 0.042354 -0.028910
v -0.778783 0.110940 0.000922
v -0.825194 0.110940 0.000922
v -0.825194 0.100010 0.026916
v -0.822570 0.069453 -0.039967
v -0.776125 0.069453 -0.039967
v -0.776125 0.043059 -0.029198
v -0.776125 0.100010 -0.026916
v -0.822536 0.110940 -0.000922
v -0.776125 0.110940 -0.000922
v -0.825194 0.097699 -0.029198
v -0.778749 0.071305 -0.039967
v -0.825194 0.071305 -0.039967
v -0.778783 0.099718 -0.027610
v -0.825194 0.099718 -0.027610
v -0.825194 0.110649 -0.001616
v -0.822570 0.098404 -0.028910
v -0.776125 0.098404 -0.028910
v -0.776125 0.072011 -0.039679
v -1.119825 0.099489 -0.007678
v -1.123398 0.082041 -0.007678
v -1.123398 0.082041 0.006543
v -1.119504 0.101222 -0.006543
v -1.123076 0.083773 0.007678
v -1.119504 0.101222 0.007678
v -1.118364 0.102495 0.007678
v -1.088126 0.111680 0.007678
v -1.118364 0.102495 -0.007104
v -1.084793 0.112689 -0.007678
v -1.115031 0.103504 -0.007678
v -1.084793 0.112689 0.007104
v -1.083065 0.113616 -0.007092
v -1.083065 0.113616 0.007678
v -1.058975 0.133404 0.007678
v -1.056344 0.135579 -0.007678
v -1.080435 0.115792 -0.007678
v -1.056345 0.135579 0.007092
v -0.977684 0.136200 -0.007678
v -1.054574 0.136217 -0.007678
v -1.054574 0.136217 0.007461
v -0.968479 0.136200 -0.007461
v -1.045369 0.136217 0.007678
v -0.968479 0.136200 0.007678
v -0.991546 0.114237 0.007678
v -0.968250 0.135563 -0.007092
v -0.968250 0.135563 0.007678
v -0.970880 0.133387 -0.007678
v -0.994176 0.112061 0.007092
v -0.994176 0.112061 -0.007678
v -0.995388 0.110527 0.007061
v -1.008270 0.084240 -0.007678
v -0.995388 0.110527 -0.007678
v -1.009699 0.081332 -0.007061
v -0.996817 0.107618 0.007678
v -1.009699 0.081332 0.007678
v 0.067599 0.222766 -0.026563
v 0.054464 0.222766 0.028365
v 0.054464 0.222766 -0.035014
v 0.055015 0.222766 0.034659
v 0.067737 0.222766 -0.018539
v 0.067737 0.222766 0.026474
v 0.052464 0.222766 -0.035339
v 0.052464 0.222766 0.035846
v -0.116402 0.222766 0.035846
v 0.048517 0.222766 -0.035846
v -0.120349 0.222766 0.035339
v -0.120349 0.222766 -0.035846
v -0.048247 0.259611 0.018194
v -0.009725 0.259611 0.018194
v -0.009725 0.259611 0.025803
v -0.057470 0.259611 0.018411
v -0.018948 0.259611 0.026020
v -0.057470 0.259611 0.026020
v -0.048247 0.259611 -0.026020
v -0.009725 0.259611 -0.026020
v -0.009725 0.259611 -0.018411
v -0.057470 0.259611 -0.025803
v -0.018948 0.259611 -0.018194
v -0.057470 0.259611 -0.018194
v 0.062670 0.258999 -0.018419
v 0.025394 0.258999 -0.026020
v 0.062670 0.258999 -0.026020
v 0.016485 0.258999 -0.025796
v 0.053761 0.258999 -0.018194
v 0.016485 0.258999 -0.018194
v 0.062670 0.258999 0.025795
v 0.025394 0.258999 0.018194
v 0.062670 0.258999 0.018194
v 0.016485 0.258999 0.018418
v 0.053761 0.258999 0.026020
v 0.016485 0.258999 0.026020
v -1.435698 0.278356 -0.001210
v -1.434023 0.278356 -0.001210
v -1.434023 0.278356 0.000130
v -1.437550 0.278356 -0.000130
v -1.435875 0.278356 0.001210
v -1.437550 0.278356 0.001210
v -0.774125 0.041131 -0.022864
v -0.774125 0.041131 0.022864
v -0.774125 0.031514 -0.000000
v -0.774125 0.043131 -0.022864
v -0.774125 0.068521 0.037507
v -0.774125 0.043131 0.027149
v -0.774125 0.069379 -0.037857
v -0.774125 0.069379 0.034388
v -0.774125 0.043445 -0.027277
v -0.774125 0.071379 0.034388
v -0.774125 0.071379 -0.037857
v -0.774125 0.097313 -0.027277
v -0.774125 0.097627 -0.022864
v -0.774125 0.097627 0.027149
v -0.774125 0.072237 0.037507
v -0.774125 0.099627 0.022864
v -0.774125 0.099627 -0.022864
v -0.774125 0.109243 -0.000000
v -0.774125 0.130881 -0.016373
v -0.774125 0.130881 0.016373
v -0.774125 0.124099 -0.000000
v -0.774125 0.132881 0.020733
v -0.774125 0.132881 -0.016374
v -0.774125 0.151435 0.028417
v -0.774125 0.152283 -0.028768
v -0.774125 0.152283 0.025238
v -0.774125 0.133188 -0.020860
v -0.774125 0.154283 -0.027851
v -0.774125 0.182133 -0.000000
v -0.774125 0.154283 0.027851
v -0.774125 0.157545 0.027417
v -0.774125 0.180699 0.004262
v -0.774125 0.173918 0.020636
v -0.774125 0.180699 -0.004262
v -0.774125 0.157545 -0.027417
v -0.774125 0.173918 -0.020636
v 0.225639 0.049503 0.125958
v 0.242332 0.021454 -0.141822
v 0.225639 0.049503 -0.141822
v 0.242395 0.021345 -0.125958
v 0.225703 0.049394 0.141822
v 0.242395 0.021345 0.141822
v 0.224137 0.050368 -0.140401
v -0.057309 0.050368 0.141822
v 0.224137 0.050368 0.141822
v 0.222730 0.050368 -0.141822
v -0.058716 0.050368 -0.141822
v -0.058716 0.050368 0.140401
v -0.060218 0.049503 -0.125958
v -0.076911 0.021454 0.141822
v -0.060218 0.049503 0.141822
v -0.076974 0.021345 -0.141822
v -0.076974 0.021345 0.125958
v -0.060282 0.049394 -0.141822
v -0.950559 0.130881 -0.016373
v -0.950559 0.130881 0.016373
v -0.950559 0.124099 -0.000000
v -0.950559 0.132881 0.020733
v -0.950559 0.132881 -0.016374
v -0.950559 0.151435 0.028417
v -0.950559 0.152283 -0.028768
v -0.950559 0.152283 0.025238
v -0.950559 0.133188 -0.020860
v -0.950559 0.154283 -0.027851
v -0.950559 0.182133 -0.000000
v -0.950559 0.154283 0.027851
v -0.950559 0.157545 0.027417
v -0.950559 0.180699 0.004262
v -0.950559 0.173918 0.020636
v -0.950559 0.180699 -0.004262
v -0.950559 0.157545 -0.027417
v -0.950559 0.173918 -0.020636
v 0.015418 0.261412 0.018194
v 0.015418 0.261412 0.025072
v 0.021865 0.268503 0.018194
v 0.023283 0.270064 0.019142
v 0.016836 0.262972 0.026020
v 0.023283 0.270064 0.026020
v 0.015418 0.261412 -0.026020
v 0.015418 0.261412 -0.019142
v 0.021865 0.268503 -0.026020
v 0.023283 0.270064 -0.025072
v 0.016836 0.262972 -0.018194
v 0.023283 0.270064 -0.018194
v -0.113198 0.286110 -0.035846
v -0.121265 0.263744 -0.035846
v -0.113198 0.286110 -0.019128
v -0.121993 0.261729 -0.034913
v -0.122002 0.261671 -0.018194
v -0.113926 0.284095 -0.018194
v -0.122349 0.227766 -0.035846
v -0.122342 0.259730 -0.018861
v -0.122333 0.259789 -0.035846
v -0.122349 0.224766 0.033604
v -0.122342 0.259276 -0.016836
v -0.122349 0.224766 -0.035179
v -0.122342 0.259730 -0.013952
v -0.122349 0.226882 0.034050
v -0.122342 0.259730 0.016594
v -0.122342 0.259730 0.018861
v -0.122349 0.227766 0.035846
v -0.122333 0.259789 0.035846
v -0.122002 0.261671 0.019127
v -0.121993 0.261729 0.035846
v -0.113926 0.284095 0.035846
v -0.113198 0.286110 0.018194
v -0.121274 0.263686 0.018194
v -0.113198 0.286110 0.034913
v -1.433793 0.285312 -0.000888
v -1.435626 0.291325 0.001662
v -1.433793 0.285312 0.000197
v -1.432358 0.280604 -0.000725
v -1.433123 0.283114 0.000339
v -1.432358 0.280604 0.000950
v -1.371023 0.041131 -0.022864
v -1.371023 0.041131 0.022864
v -1.371023 0.031514 -0.000000
v -1.371023 0.043131 -0.022864
v -1.371023 0.068521 0.037507
v -1.371023 0.043131 0.027149
v -1.371023 0.069379 -0.037857
v -1.371023 0.069379 0.034388
v -1.371023 0.043445 -0.027277
v -1.371023 0.071379 0.034388
v -1.371023 0.071379 -0.037857
v -1.371023 0.097313 -0.027277
v -1.371023 0.097627 -0.022864
v -1.371023 0.097627 0.027149
v -1.371023 0.072237 0.037507
v -1.371023 0.099627 0.022864
v -1.371023 0.099627 -0.022864
v -1.371023 0.109243 -0.000000
v -1.387939 0.105061 -0.015988
v -1.401807 0.151853 0.011123
v -1.387939 0.105061 0.016568
v -1.402440 0.153989 0.010072
v -1.389033 0.108752 -0.016140
v -1.402440 0.153989 -0.010875
v -1.415712 0.260428 -0.009623
v -1.402846 0.155940 0.010560
v -1.402846 0.155940 -0.010759
v -1.404089 0.166035 0.010650
v -1.416809 0.269342 -0.009306
v -1.416809 0.269342 0.009527
v -1.416930 0.278170 0.007716
v -1.416931 0.271335 0.009266
v -1.416931 0.271335 -0.006232
v -1.416931 0.272814 0.010983
v -1.416930 0.278629 0.009663
v -1.416930 0.278629 0.014944
v -1.416930 0.280629 0.010100
v -1.416930 0.291099 0.015826
v -1.416930 0.280629 0.015826
v -1.416930 0.294012 0.009413
v -1.416930 0.294012 0.015139
v -1.416930 0.283542 0.009413
v -1.416931 0.272159 -0.009081
v -1.416930 0.278629 -0.007613
v -1.416930 0.278629 0.004129
v -1.416930 0.278629 -0.009663
v -1.416931 0.272814 -0.010983
v -1.416930 0.278629 -0.014944
v -1.416930 0.280629 -0.015139
v -1.416930 0.291099 -0.009413
v -1.416930 0.280629 -0.009413
v -1.416930 0.283542 -0.015826
v -1.416930 0.294012 -0.015826
v -1.416930 0.294012 -0.010100
vn -0.0063 0.9736 0.2280
vn 0.0046 -0.7058 0.7084
vn -0.8143 -0.4123 0.4085
vn -0.9248 0.2345 0.2995
vn 0.9217 0.2465 0.2995
vn 0.8197 -0.4016 0.4085
vn 0.0035 -0.5256 -0.8507
vn -0.9216 -0.2456 -0.3006
vn 0.9247 -0.2335 -0.3006
vn -0.0034 0.5256 0.8507
vn 0.0063 -0.9728 -0.2317
vn -0.0046 0.7084 -0.7058
vn -0.8186 0.4042 -0.4080
vn 0.8133 0.4148 -0.4080
vn -0.7722 -0.4154 0.4809
vn 0.1475 0.0794 -0.9859
vn -0.2192 0.9400 -0.2613
vn -0.7777 0.5755 0.2532
vn 0.0515 -0.9660 0.2532
vn 0.6635 -0.7010 -0.2613
vn 0.5468 0.2941 0.7839
vn -0.1140 0.9033 0.4135
vn 0.6909 -0.5930 0.4135
vn 0.6547 0.3522 -0.6689
vn -0.1475 -0.0792 0.9859
vn -0.6904 -0.3713 -0.6209
vn -0.7987 0.4640 -0.3831
vn -0.0531 -0.9222 -0.3831
vn -0.1465 0.0783 -0.9861
vn -0.6920 0.3696 0.6201
vn -0.7978 -0.4658 0.3827
vn -0.7769 -0.5762 -0.2537
vn 0.0470 0.9661 -0.2537
vn -0.0565 0.9221 0.3827
vn 0.6542 -0.3494 0.6708
vn -0.2164 -0.9405 0.2620
vn 0.6614 0.7028 0.2619
vn 0.1462 -0.0780 0.9862
vn 0.5469 -0.2922 -0.7845
vn -0.1122 -0.9036 -0.4134
vn 0.6886 0.5957 -0.4134
vn -0.7732 0.4130 -0.4812
vn -0.0000 0.7033 0.7109
vn -0.0002 0.2030 -0.9792
vn 0.9381 -0.2853 -0.1963
vn 0.9343 0.3565 -0.0000
vn -0.9343 0.3565 -0.0000
vn -0.9381 -0.2853 -0.1963
vn -0.0000 -0.8330 0.5533
vn 0.9082 -0.4186 -0.0000
vn -0.9082 -0.4186 -0.0000
vn -0.0000 0.7033 -0.7109
vn -0.0000 -0.8330 -0.5533
vn -0.0002 0.2030 0.9792
vn 0.9381 -0.2853 0.1963
vn -0.9381 -0.2853 0.1963
vn -0.0000 -0.3812 -0.9245
vn 0.0001 -0.2029 0.9792
vn -0.0000 0.9806 -0.1962
vn 0.9177 0.3375 0.2094
vn -0.9177 0.3375 0.2094
vn -0.0000 -0.2030 -0.9792
vn -0.0000 -0.3812 0.9245
vn -0.0000 0.9806 0.1962
vn 0.9177 0.3375 -0.2094
vn -0.9177 0.3375 -0.2094
vn -0.0000 -0.0053 1.0000
vn -0.0000 0.8380 -0.5457
vn 0.9641 -0.0000 -0.2655
vn -0.9641 -0.0000 -0.2655
vn -0.0000 -0.9810 -0.1940
vn -0.0000 0.8380 0.5457
vn -0.0000 -0.0053 -1.0000
vn 0.9641 -0.0000 0.2655
vn -0.9641 -0.0000 0.2655
vn -0.0000 -0.9810 0.1940
vn -0.0000 0.3911 -0.9204
vn -0.0000 -0.8380 0.5457
vn -0.0000 0.8300 0.5578
vn 0.9075 -0.0000 0.4201
vn -0.9075 -0.0000 0.4201
vn 0.0001 -0.8380 -0.5457
vn -0.0000 0.3911 0.9203
vn -0.0000 0.8300 -0.5578
vn 0.9075 -0.0000 -0.4201
vn -0.9075 -0.0000 -0.4201
vn 0.0001 0.8380 0.5457
vn -0.0000 -0.3911 -0.9203
vn 0.9177 -0.3375 0.2094
vn -0.9177 -0.3375 0.2094
vn -0.0000 -0.8300 0.5578
vn -0.0000 -0.3911 0.9204
vn 0.9177 -0.3375 -0.2094
vn -0.9177 -0.3375 -0.2094
vn -0.0000 -0.8300 -0.5578
vn -0.0000 -0.8380 -0.5457
vn -0.0000 0.0053 1.0000
vn -0.0000 0.9810 -0.1940
vn 0.9381 0.2853 -0.1963
vn -0.9381 0.2853 -0.1963
vn -0.0000 0.0053 -1.0000
vn -0.0000 0.9810 0.1940
vn 0.9381 0.2853 0.1963
vn -0.9381 0.2853 0.1963
vn -0.0000 0.2030 0.9792
vn -0.0000 0.3812 -0.9245
vn 0.9343 -0.3565 -0.0000
vn -0.9343 -0.3565 -0.0000
vn -0.0000 -0.9806 -0.1962
vn -0.0000 0.3812 0.9245
vn 0.0001 0.2029 -0.9792
vn -0.0000 -0.9806 0.1962
vn -0.0000 -0.2031 -0.9792
vn -0.0000 -0.7033 0.7109
vn -0.0000 0.8330 0.5533
vn 0.9082 0.4186 -0.0000
vn -0.9082 0.4186 -0.0000
vn -0.0000 -0.7033 -0.7109
vn -0.0000 -0.2031 0.9792
vn -0.0000 0.8330 -0.5533
vn 0.0002 0.2273 0.9738
vn -0.0000 0.6247 -0.7809
vn 0.9400 0.0234 -0.3404
vn 0.9701 0.0265 0.2413
vn -0.9701 0.0265 0.2413
vn -0.9400 0.0234 -0.3404
vn 0.0001 -0.9024 -0.4308
vn 0.9740 -0.1758 0.1426
vn -0.9740 -0.1758 0.1426
vn -0.0000 -0.6247 0.7809
vn -0.0000 0.9827 0.1852
vn -0.0000 -0.4693 -0.8830
vn 0.8906 0.1869 -0.4146
vn -0.8906 0.1869 -0.4146
vn -0.0000 0.7071 -0.7071
vn -0.0000 -0.9689 -0.2476
vn 0.9275 -0.2350 -0.2907
vn -0.9275 -0.2350 -0.2907
vn -0.0000 0.5100 0.8602
vn -0.0000 -0.7071 0.7071
vn -0.0000 0.9689 0.2476
vn 0.8165 -0.4083 0.4083
vn -0.8165 -0.4083 0.4083
vn -0.0000 -0.5100 -0.8602
vn -0.0000 -0.7109 -0.7033
vn -0.0000 -0.6366 0.7712
vn -0.0000 0.9949 -0.1005
vn 0.9036 -0.0912 -0.4186
vn -0.9036 -0.0912 -0.4186
vn -0.0000 -0.2274 -0.9738
vn -0.0000 -0.7809 0.6247
vn 0.9695 -0.2335 -0.0742
vn -0.9695 -0.2334 -0.0742
vn 0.0001 0.7858 0.6184
vn -0.0000 -0.9960 0.0897
vn 0.9305 0.0737 0.3588
vn -0.9305 0.0737 0.3588
vn -0.0000 0.6366 -0.7712
vn -0.0000 -0.4996 0.8662
vn -0.0000 0.9492 -0.3146
vn 0.9287 0.2162 -0.3012
vn -0.9287 0.2163 -0.3012
vn -0.0000 -0.7468 -0.6651
vn -0.0000 0.4996 -0.8662
vn -0.0000 -0.9792 0.2030
vn -0.0000 0.6651 0.7468
vn 0.8327 0.3683 0.4136
vn -0.8326 0.3683 0.4136
vn -0.0000 -0.6247 -0.7809
vn -0.0000 -0.4693 0.8830
vn 0.8906 0.1869 0.4146
vn -0.8906 0.1869 0.4146
vn -0.0000 0.9827 -0.1852
vn -0.0000 0.7071 0.7071
vn -0.0000 0.5100 -0.8602
vn -0.0000 -0.9689 0.2476
vn 0.9275 -0.2350 0.2907
vn -0.9275 -0.2350 0.2907
vn -0.0000 -0.5100 0.8602
vn -0.0000 0.9689 -0.2476
vn -0.0000 -0.7071 -0.7071
vn 0.8165 -0.4083 -0.4083
vn -0.8165 -0.4083 -0.4083
vn 0.0706 0.5664 0.8211
vn 0.6338 0.7317 -0.2508
vn 0.3916 0.0169 0.9200
vn 0.9408 0.1063 -0.3219
vn -0.1406 -0.7155 -0.6843
vn 0.4172 -0.0637 -0.9066
vn 0.6828 -0.5931 0.4266
vn 0.3925 0.6593 0.6413
vn 0.4183 -0.6827 -0.5991
vn 0.6419 0.7324 0.2271
vn 0.1133 -0.0685 0.9912
vn -0.0860 0.5968 -0.7978
vn -0.1022 -0.8753 0.4727
vn -0.6363 -0.3167 -0.7034
vn -0.6863 0.6202 -0.3799
vn 0.6343 0.3404 -0.6941
vn 0.6821 -0.1156 0.7221
vn 0.3927 0.9195 -0.0177
vn 0.4190 -0.9057 0.0640
vn 0.6521 0.3548 0.6700
vn -0.2967 -0.9037 -0.3086
vn -0.4794 0.3188 -0.8176
vn -0.0354 -0.9419 0.3340
vn -0.3734 -0.3493 -0.8594
vn 0.6530 0.2586 0.7118
vn 0.2552 0.0126 -0.9668
vn -0.1958 0.9676 0.1593
vn -0.2344 -0.7525 0.6154
vn 0.5000 -0.3607 -0.7873
vn 0.6416 0.6758 -0.3629
vn 0.0881 0.8151 0.5726
vn -0.9603 0.2723 -0.0597
vn 0.6089 -0.1411 0.7806
vn -0.0228 0.5325 -0.8461
vn -0.3209 -0.6732 -0.6662
vn -0.8227 0.0526 -0.5660
vn 0.6340 -0.2558 -0.7298
vn 0.6823 0.4332 0.5889
vn 0.3917 0.6349 -0.6659
vn 0.4179 -0.5921 0.6891
vn 0.1876 -0.3012 0.9349
vn 0.6337 0.6974 0.3347
vn 0.3917 -0.6350 0.6659
vn 0.4179 0.5921 -0.6891
vn 0.6831 -0.7216 -0.1123
vn 0.6516 0.2172 -0.7269
vn 0.2074 0.9771 0.0480
vn -0.1955 -0.8499 -0.4894
vn -0.4365 0.4326 0.7888
vn -0.8677 0.2668 -0.4195
vn 0.3159 -0.8192 -0.4786
vn 0.9307 -0.3657 0.0063
vn 0.0219 -0.7471 0.6644
vn -0.6704 -0.4698 -0.5743
vn 0.6337 -0.6974 -0.3347
vn 0.6831 0.7216 0.1123
vn 0.3916 -0.0169 -0.9200
vn 0.4172 0.0637 0.9066
vn 0.6515 -0.2173 0.7269
vn -0.3820 -0.2626 -0.8860
vn -0.5000 0.8054 -0.3185
vn 0.0235 -0.9371 -0.3483
vn -0.3549 0.4104 -0.8400
vn 0.9685 0.1978 -0.1510
vn 0.8339 -0.1370 0.5347
vn -0.1897 0.8692 -0.4565
vn 0.6823 -0.4332 -0.5889
vn -0.9896 -0.1217 -0.0760
vn 0.6340 0.2558 0.7298
vn 0.3927 -0.9195 0.0177
vn 0.4190 0.9057 -0.0640
vn 0.6521 -0.3548 -0.6700
vn 0.1264 0.7496 -0.6497
vn -0.0920 -0.9865 0.1352
vn -0.3204 0.9157 0.2425
vn -0.9537 0.0369 -0.2984
vn -0.2954 0.7620 0.5763
vn -0.0331 0.2724 -0.9616
vn 0.9414 -0.2846 0.1809
vn -0.6891 -0.7085 -0.1523
vn 0.6338 -0.7317 0.2508
vn 0.6828 0.5931 -0.4265
vn 0.3925 -0.6593 -0.6413
vn 0.4183 0.6827 0.5991
vn 0.0898 0.0753 0.9931
vn 0.6417 -0.6758 0.3628
vn 0.3405 -0.2515 -0.9060
vn 0.1498 0.9876 0.0464
vn -0.4032 0.4022 -0.8219
vn 0.7464 0.6303 0.2135
vn 0.9675 -0.0732 0.2419
vn -0.3437 0.9391 -0.0000
vn 0.6821 0.1156 -0.7221
vn -0.9843 -0.0764 -0.1590
vn 0.6343 -0.3404 0.6941
vn -0.5882 0.3031 0.7497
vn 0.6419 -0.7324 -0.2271
vn -0.4264 0.8429 -0.3280
vn -0.2906 -0.9537 0.0780
vn 0.1812 0.5947 0.7833
vn 0.9081 0.0665 0.4135
vn 0.7948 -0.5378 0.2813
vn -0.9597 -0.0021 0.2809
vn -0.7167 0.5615 0.4135
vn 0.1628 0.5344 -0.8294
vn 0.9307 -0.0194 -0.3653
vn -0.7834 0.5028 -0.3653
vn -0.1638 -0.5332 0.8300
vn 0.2771 0.9117 -0.3034
vn -0.2290 -0.7491 -0.6216
vn 0.6118 -0.6919 -0.3833
vn -0.8940 -0.2321 -0.3833
vn -0.0000 0.9268 0.3756
vn -0.8165 -0.4082 0.4082
vn -0.9428 0.2340 0.2375
vn 0.9428 0.2340 0.2375
vn -0.0000 -0.3898 -0.9209
vn -0.9428 -0.2340 -0.2375
vn 0.9428 -0.2340 -0.2375
vn -0.0000 0.3898 0.9209
vn -0.0000 -0.9268 -0.3756
vn -0.8165 0.4082 -0.4083
vn 0.8165 0.4083 -0.4083
vn -0.8165 -0.4082 0.4083
vn 0.0695 0.9974 -0.0166
vn -0.8605 -0.4547 0.2299
vn -0.7184 -0.2737 -0.6395
vn -0.0389 0.3039 -0.9519
vn 0.4429 0.3003 0.8448
vn -0.3023 -0.2768 0.9121
vn 0.5052 -0.8521 -0.1372
vn 0.0021 -0.3897 -0.9209
vn 0.4622 -0.3932 0.7949
vn -0.0696 -0.9974 0.0166
vn 0.5624 0.8133 -0.1492
vn -0.8271 0.5160 0.2228
vn -0.7338 0.3363 -0.5903
vn -0.3396 0.3333 0.8795
vn -0.8605 -0.4547 -0.2299
vn 0.0695 0.9974 0.0166
vn -0.0389 0.3039 0.9519
vn -0.7184 -0.2737 0.6395
vn -0.3023 -0.2768 -0.9121
vn 0.4429 0.3003 -0.8448
vn 0.5052 -0.8521 0.1372
vn 0.0021 -0.3897 0.9209
vn 0.4622 -0.3932 -0.7949
vn 0.5624 0.8133 0.1492
vn -0.0696 -0.9974 -0.0166
vn -0.8271 0.5160 -0.2229
vn -0.7338 0.3363 0.5903
vn -0.3396 0.3333 -0.8795
vn 0.7909 -0.6017 0.1118
vn -0.4963 0.3776 -0.7818
vn -0.7751 -0.5168 -0.3635
vn -0.2913 -0.8849 0.3635
vn 0.7751 0.5168 0.3635
vn 0.2913 0.8849 -0.3635
vn -0.5627 0.4282 0.7071
vn -0.8193 -0.4026 0.4083
vn 0.1695 0.8970 0.4082
vn -0.7908 0.6017 -0.1118
vn 0.4963 -0.3776 0.7818
vn 0.5627 -0.4282 -0.7071
vn -0.1695 -0.8970 -0.4082
vn 0.8193 0.4026 -0.4082
vn -0.1695 -0.8970 -0.4083
vn -0.0000 0.8315 0.5556
vn -0.0000 0.1951 -0.9808
vn 0.9014 0.3741 -0.2179
vn 0.8252 0.4529 0.3376
vn -0.8252 0.4529 0.3376
vn -0.9014 0.3741 -0.2179
vn 0.9684 -0.0191 0.2487
vn -0.9684 -0.0191 0.2487
vn 0.0001 -0.1950 -0.9808
vn 0.0001 -0.1950 0.9808
vn -0.0000 1.0000 -0.0000
vn 0.7345 0.6786 -0.0000
vn -0.7345 0.6786 -0.0000
vn -0.0000 -0.5556 -0.8315
vn 0.0001 -0.1951 0.9808
vn 0.9378 -0.0671 -0.3405
vn -0.9378 -0.0671 -0.3405
vn -0.0000 0.9239 -0.3827
vn 0.0001 0.3827 -0.9239
vn -0.0000 -1.0000 -0.0000
vn 0.8984 -0.4391 -0.0000
vn -0.8984 -0.4392 -0.0000
vn 0.0001 0.3827 0.9239
vn -0.0000 -0.5555 -0.8315
vn 0.7345 -0.4798 0.4798
vn -0.7345 -0.4798 0.4798
vn -0.0000 -0.5555 0.8315
vn -0.0000 0.8314 -0.5556
vn 0.7345 -0.4799 -0.4798
vn -0.7345 -0.4798 -0.4798
vn 0.0449 -0.9990 -0.0000
vn 0.9323 0.3617 -0.0000
vn 0.3542 -0.1768 -0.9183
vn -0.0754 -0.4870 -0.8701
vn -0.0754 -0.4870 0.8701
vn 0.3542 -0.1768 0.9183
vn -0.9476 0.3195 -0.0000
vn -0.0285 -0.4437 -0.8957
vn -0.0264 -0.4374 0.8989
vn 0.5553 0.8317 -0.0000
vn -0.9323 -0.3617 -0.0000
vn 0.5745 -0.8185 -0.0000
vn 0.3639 -0.5184 -0.7738
vn 0.3639 -0.5184 0.7738
vn 0.4972 0.8676 -0.0000
vn -0.9651 -0.2620 -0.0000
vn 0.2318 0.2829 -0.9307
vn 0.2318 0.2828 0.9307
vn 0.7071 -0.7071 -0.0000
vn 0.9663 0.2574 -0.0000
vn -0.9850 0.1487 -0.0882
vn -0.0617 0.4009 -0.9140
vn 0.1634 0.3929 0.9049
vn 0.1065 -0.9943 0.0059
vn 0.9871 -0.1562 -0.0349
vn -0.5994 0.7974 -0.0697
vn -0.7167 -0.6934 -0.0744
vn -0.2560 -0.3581 -0.8979
vn 0.0701 -0.3507 0.9339
vn -0.6459 0.6263 0.4365
vn 0.5665 -0.7907 0.2321
vn -0.8058 0.3064 -0.5067
vn 0.7457 0.2255 0.6270
vn 0.6734 0.6487 -0.3545
vn 0.6780 -0.6283 -0.3816
vn -0.0503 0.7965 0.6026
vn -0.6159 -0.6590 0.4317
vn -0.7427 -0.4412 -0.5036
vn 0.6853 -0.4487 0.5737
vn 0.2926 0.7389 -0.6069
vn -0.0842 -0.2319 0.9691
vn -0.8219 -0.3034 0.4822
vn 0.7524 -0.2388 -0.6139
vn 0.2027 -0.5709 -0.7956
vn 0.2926 -0.7389 0.6069
vn -0.0842 0.2319 -0.9691
vn 0.2027 0.5709 0.7956
vn -0.7419 0.4478 0.4991
vn 0.6846 0.4558 -0.5688
vn -0.0503 -0.9793 -0.1959
vn -0.6091 0.6715 -0.4220
vn 0.6775 0.5226 0.5175
vn -0.2836 0.2490 0.9260
vn 0.7700 0.2230 -0.5978
vn 0.3171 0.9484 0.0031
vn 0.5998 -0.7012 0.3854
vn -0.1022 -0.4010 0.9104
vn 0.7883 -0.4003 -0.4674
vn -0.7417 -0.4949 -0.4527
vn -0.7071 -0.0000 0.7071
vn 0.9521 -0.0000 0.3059
vn -0.1409 -0.9619 0.2342
vn -0.0747 -0.9126 0.4020
vn -0.0747 0.9126 0.4020
vn -0.1409 0.9619 0.2342
vn -0.4569 -0.0000 -0.8895
vn 0.1027 -0.9284 -0.3570
vn 0.1027 0.9284 -0.3570
vn -0.0737 -0.0000 0.9973
vn 0.9720 -0.0000 -0.2349
vn 0.2385 -0.9245 -0.2974
vn 0.2385 0.9245 -0.2974
vn -0.9521 -0.0000 -0.3059
vn -1.0000 -0.0000 -0.0000
vn 0.5212 -0.0000 0.8534
vn 0.2385 -0.9245 0.2974
vn 0.2385 0.9245 0.2974
vn 0.5212 -0.0000 -0.8534
vn 0.9720 -0.0000 0.2349
vn -0.5212 -0.0000 -0.8534
vn -0.4082 -0.8165 0.4082
vn -0.4082 0.8165 0.4082
vn 0.7071 -0.0000 -0.7071
vn -0.9890 -0.0000 -0.1478
vn 0.0742 -0.9130 -0.4013
vn 0.0760 0.9129 -0.4011
vn 0.5948 -0.0000 0.8039
vn 0.9890 -0.0000 0.1478
vn -0.0622 -0.9310 0.3597
vn -0.0558 0.9323 0.3573
vn -0.5948 -0.0000 -0.8039
vn 0.2661 0.1079 0.9579
vn 0.7086 0.0012 -0.7056
vn -0.8330 -0.1109 -0.5421
vn -0.0979 -0.9252 -0.3667
vn 0.1503 0.9238 -0.3522
vn -0.1188 0.0582 -0.9912
vn -0.7171 -0.0977 0.6901
vn -0.2339 -0.8761 0.4216
vn 0.0457 0.9076 0.4173
vn 0.8300 -0.0202 0.5575
vn -0.8316 0.5497 -0.0796
vn 0.6096 -0.3573 0.7076
vn -0.7742 -0.5198 -0.3611
vn 0.2918 0.8919 -0.3455
vn 0.6624 -0.4074 -0.6287
vn 0.7771 -0.5885 0.2231
vn -0.4979 0.3975 -0.7708
vn -0.5736 0.4316 0.6962
vn -0.8228 -0.4119 0.3916
vn 0.1717 0.9017 0.3969
vn -0.1409 -0.9619 -0.2342
vn -0.1409 0.9619 -0.2342
vn -0.5212 -0.0000 0.8534
vn -0.7071 -0.0000 -0.7071
vn -0.4082 -0.8165 -0.4082
vn -0.4082 0.8165 -0.4082
vn -0.9521 -0.0000 0.3058
vn 0.0279 -0.9489 0.3144
vn 0.0279 0.9489 0.3144
vn -0.0737 -0.0000 -0.9973
vn 0.9521 -0.0000 -0.3059
vn -0.0000 -0.8944 -0.4472
vn -0.0000 0.8944 -0.4472
vn -0.4569 -0.0000 0.8895
vn 0.1503 0.9238 -0.3521
vn 0.9948 -0.0035 0.1021
vn -0.7193 0.2372 0.6529
vn -0.3306 0.8581 0.3930
vn 0.1727 0.9237 0.3419
vn -0.1355 -0.9306 0.3400
vn 0.0969 -0.8730 0.4780
vn -0.4476 0.1650 -0.8789
vn -0.1727 0.9237 -0.3419
vn 0.1355 -0.9306 -0.3400
vn 0.6736 -0.3437 0.6543
vn -0.4983 -0.5778 -0.6464
vn -0.9220 0.2392 -0.3045
vn 0.5033 -0.8110 -0.2984
vn 0.6453 0.6395 -0.4180
vn -0.3725 -0.6454 0.6668
vn 0.4779 -0.7425 -0.4693
vn -0.9292 0.0766 0.3615
vn 0.5184 -0.7761 0.3590
vn 0.4694 0.7788 0.4161
vn 0.6276 -0.0328 0.7779
vn -0.8963 0.2732 -0.3494
vn 0.7193 0.2372 -0.6529
vn 0.3306 0.8581 -0.3930
vn -0.0969 -0.8730 -0.4780
vn -0.4803 0.2934 0.8266
vn -0.8579 -0.5003 -0.1171
vn 0.4983 -0.5778 0.6464
vn 0.9220 0.2392 0.3046
vn -0.5033 -0.8110 0.2983
vn -0.4779 -0.7425 0.4693
vn -0.4694 0.7788 -0.4161
vn 0.3725 -0.6454 -0.6668
vn 0.9292 0.0766 -0.3615
vn -0.5184 -0.7761 -0.3590
vn 0.0001 0.1977 -0.9803
vn 0.9030 0.3702 -0.2179
vn 0.8263 0.4502 0.3385
vn -0.8263 0.4502 0.3385
vn -0.9030 0.3702 -0.2179
vn -0.0000 -0.7109 0.7033
vn 0.9717 -0.0000 0.2363
vn -0.9717 -0.0000 0.2363
vn -0.0000 -0.1978 -0.9802
vn -0.0000 -0.1978 0.9802
vn 0.7353 0.6778 -0.0000
vn -0.7353 0.6778 -0.0000
vn -0.0000 -0.5578 -0.8300
vn -0.0001 -0.1977 0.9803
vn -0.0001 0.1977 0.9803
vn -0.0000 0.5578 -0.8300
vn -0.0000 -0.9239 -0.3827
vn 0.9030 -0.3702 -0.2179
vn -0.9030 -0.3702 -0.2179
vn -0.0000 -0.1977 -0.9803
vn 0.8263 -0.4502 0.3385
vn -0.8263 -0.4502 0.3385
vn -0.0000 0.7109 0.7033
vn 0.0001 0.1977 0.9803
vn 0.7353 -0.6778 -0.0000
vn -0.7353 -0.6778 -0.0000
vn -0.0001 0.1951 -0.9808
vn -0.9684 -0.0191 0.2486
vn -0.0000 -0.1951 -0.9808
vn -0.0000 -0.1951 0.9808
vn -0.0001 -0.1952 0.9808
vn 0.9379 -0.0671 -0.3405
vn -0.9379 -0.0671 -0.3405
vn -0.0000 0.3827 -0.9239
vn -0.8984 -0.4391 -0.0000
vn -0.0000 0.3827 0.9239
vn -0.0000 0.8315 -0.5556
vn 0.7345 -0.4798 -0.4798
vn -0.2599 -0.9656 -0.0000
vn -0.2599 0.9656 -0.0000
vn 0.3008 0.3777 0.8757
vn 0.2218 -0.3428 0.9129
vn 0.2219 -0.3428 -0.9129
vn 0.3008 0.3777 -0.8757
vn 1.0000 -0.0000 -0.0000
vn 0.6542 -0.0000 0.7563
vn 0.6542 -0.0000 -0.7563
vn 0.7071 0.7071 -0.0000
vn 0.6315 -0.7754 -0.0000
vn -0.9948 0.1017 -0.0000
vn -0.2219 0.3428 0.9129
vn -0.2219 0.3428 -0.9129
vn 0.9948 -0.1018 -0.0000
vn -0.7071 -0.7071 -0.0000
vn -0.3008 -0.3777 0.8757
vn -0.3008 -0.3777 -0.8757
vn -0.6315 0.7754 -0.0000
vn 0.2599 0.9656 -0.0000
vn 0.2599 -0.9656 -0.0000
vn -0.6542 -0.0000 0.7563
vn -0.6542 -0.0000 -0.7563
vn 0.6315 0.7754 -0.0000
vn -0.9948 -0.1017 -0.0000
vn -0.2218 -0.3428 -0.9129
vn 0.2219 0.3428 -0.9129
vn 0.2219 0.3428 0.9129
vn -0.2219 -0.3428 0.9129
vn 0.3008 -0.3777 -0.8757
vn 0.3008 -0.3777 0.8757
vn -0.7071 0.7071 -0.0000
vn -0.6315 -0.7754 -0.0000
vn -0.3008 0.3777 -0.8757
vn -0.3008 0.3777 0.8757
vn 0.9948 0.1017 -0.0000
vn -0.9938 -0.0001 0.1113
vn 0.7071 -0.0000 0.7071
vn 0.4082 -0.8165 0.4082
vn -0.3044 -0.8804 0.3638
vn -0.3044 0.8803 0.3638
vn 0.4082 0.8165 0.4082
vn 0.6240 -0.0000 -0.7814
vn 0.3044 -0.8804 -0.3638
vn 0.3044 0.8803 -0.3638
vn -0.6240 -0.0000 0.7814
vn 0.9938 -0.0001 -0.1113
vn 0.9435 0.0001 -0.3315
vn -0.7071 -0.0000 -0.7072
vn -0.4082 0.8165 -0.4083
vn 0.2274 0.9406 -0.2522
vn 0.2274 -0.9406 -0.2522
vn -0.4082 -0.8165 -0.4083
vn -0.4333 -0.0000 0.9013
vn -0.2276 0.9406 0.2521
vn -0.2276 -0.9405 0.2521
vn 0.4327 -0.0000 -0.9015
vn -0.9436 0.0001 0.3311
vn 0.7069 -0.0000 0.7073
vn 0.4081 0.8166 0.4082
vn 0.4081 -0.8166 0.4083
vn -0.9774 -0.0000 0.2113
vn -0.2466 -0.9182 0.3101
vn -0.2466 0.9182 0.3101
vn 0.5417 -0.0000 -0.8406
vn 0.2466 -0.9182 -0.3101
vn 0.2466 0.9182 -0.3101
vn -0.5417 -0.0000 0.8406
vn 0.9774 -0.0000 -0.2113
vn -0.9924 0.0001 -0.1232
vn -0.2956 -0.8858 -0.3577
vn 0.4082 -0.8165 -0.4083
vn 0.4082 0.8165 -0.4082
vn -0.2956 0.8858 -0.3577
vn 0.6146 -0.0000 0.7888
vn 0.2956 -0.8858 0.3577
vn 0.2956 0.8858 0.3577
vn 0.9924 -0.0001 0.1232
vn -0.4082 0.8165 0.4083
vn -0.6146 -0.0000 -0.7888
vn 0.6755 -0.0000 -0.7374
vn -0.9990 -0.0001 0.0438
vn -0.1399 -0.9312 0.3366
vn 0.4485 -0.8936 0.0192
vn 0.4485 0.8936 0.0192
vn -0.1399 0.9312 0.3366
vn 0.6431 -0.0000 -0.7658
vn -0.9915 0.0001 0.1302
vn 0.1385 -0.9873 0.0783
vn 0.1385 0.9873 0.0783
vn 0.7374 -0.0000 0.6755
vn 0.5785 -0.0000 0.8157
vn -0.1171 -0.0000 -0.9931
vn -0.5365 -0.8127 -0.2274
vn -0.5365 0.8127 -0.2274
vn -0.8778 -0.0000 0.4790
vn -0.5791 -0.7515 0.3160
vn -0.5791 0.7515 0.3160
vn -0.9279 -0.0000 -0.3730
vn 0.1171 -0.0000 0.9931
vn 0.4790 -0.0000 -0.8778
vn -0.0470 -0.9399 -0.3383
vn -0.0470 0.9399 -0.3383
vn -0.6431 -0.0000 0.7658
vn 0.9905 -0.0000 0.1376
vn -0.5316 -0.0000 -0.8470
vn 0.5100 -0.0000 -0.8602
vn -0.9689 -0.0000 0.2476
vn 0.2350 -0.9275 -0.2907
vn 0.2350 0.9275 -0.2907
vn -0.5100 -0.0000 0.8602
vn 0.9689 -0.0000 -0.2476
vn 0.1656 -0.9679 -0.1889
vn 0.1656 0.9679 -0.1889
vn -0.9518 0.0001 -0.3068
vn 0.5316 -0.0000 0.8470
vn 0.7658 -0.0000 -0.6431
vn -0.9915 0.0001 -0.1302
vn 0.6431 -0.0000 0.7658
vn 0.7374 -0.0000 -0.6755
vn 0.4485 -0.8936 -0.0192
vn 0.4485 0.8936 -0.0192
vn -0.9990 -0.0001 -0.0437
vn 0.6755 -0.0000 0.7374
vn 0.4082 -0.8165 -0.4082
vn 0.7069 -0.0743 0.7034
vn -0.6817 0.5936 0.4277
vn -0.4100 0.6963 -0.5891
vn 0.4096 0.5822 -0.7023
vn 0.3772 -0.6467 0.6630
vn -0.3779 -0.6563 0.6531
vn -0.6246 -0.7362 -0.2605
vn -0.4090 0.0801 -0.9090
vn -0.3771 -0.0065 0.9261
vn 0.6253 0.2655 0.7339
vn -0.6985 -0.7110 0.0818
vn 0.4107 0.9082 -0.0806
vn 0.3781 -0.9257 0.0073
vn 0.6812 -0.4344 -0.5893
vn 0.6244 0.7075 0.3309
vn -0.7073 -0.4403 0.5531
vn 0.6820 -0.7228 -0.1118
vn 0.4090 -0.0801 -0.9090
vn 0.3771 0.0065 0.9262
vn 0.6981 -0.5573 0.4496
vn -0.6810 0.1152 0.7232
vn -0.4107 0.9082 0.0806
vn -0.3781 -0.9257 -0.0073
vn -0.6254 -0.3367 -0.7039
vn 0.7072 0.4403 0.5532
vn -0.6820 0.7228 -0.1118
vn -0.6244 -0.7075 0.3309
vn -0.4096 -0.5822 -0.7023
vn -0.3773 0.6467 0.6630
vn 0.6254 -0.3367 0.7039
vn -0.6981 -0.5573 -0.4495
vn 0.4100 0.6963 0.5891
vn 0.3779 -0.6563 -0.6531
vn 0.6809 0.1152 -0.7232
vn 0.6246 0.7362 -0.2605
vn -0.7069 0.0743 0.7034
vn 0.6817 -0.5936 0.4277
vn 0.4100 -0.6963 -0.5891
vn 0.3779 0.6563 0.6530
vn 0.6985 -0.7109 -0.0818
vn -0.6812 -0.4344 0.5893
vn -0.4096 0.5822 0.7023
vn -0.3773 -0.6467 -0.6630
vn -0.6253 0.2655 -0.7339
vn -0.6253 -0.2655 0.7339
vn 0.6985 0.7110 0.0818
vn -0.4107 -0.9082 -0.0806
vn -0.3781 0.9257 0.0073
vn -0.6812 0.4344 -0.5893
vn 0.6246 -0.7362 0.2605
vn -0.7069 -0.0743 -0.7034
vn 0.4090 0.0801 0.9090
vn 0.3771 -0.0065 -0.9262
vn 0.6817 0.5936 -0.4277
vn -0.6981 0.5572 0.4495
vn 0.6809 -0.1151 0.7232
vn 0.4107 -0.9082 0.0806
vn 0.3781 0.9257 -0.0073
vn 0.6254 0.3367 -0.7039
vn 0.7072 -0.4403 -0.5532
vn -0.6819 -0.7228 0.1118
vn -0.4090 -0.0801 0.9090
vn -0.3771 0.0065 -0.9262
vn -0.6244 0.7075 -0.3309
vn -0.6254 0.3367 0.7039
vn 0.6981 0.5573 -0.4495
vn -0.4100 -0.6963 0.5891
vn -0.3779 0.6563 -0.6530
vn -0.6810 -0.1151 -0.7232
vn 0.6244 -0.7075 -0.3309
vn -0.7072 0.4403 -0.5532
vn 0.4096 -0.5822 0.7023
vn 0.3772 0.6467 -0.6629
vn 0.6820 0.7228 0.1118
vn 0.6252 -0.2655 -0.7339
vn -0.6985 0.7109 -0.0818
vn 0.6812 0.4344 0.5893
vn 0.7069 0.0743 -0.7034
vn -0.6817 -0.5936 -0.4277
vn -0.6246 0.7362 0.2605
vn -0.3336 -0.9369 -0.1046
vn -0.3396 0.9330 0.1188
vn 0.2638 0.2895 0.9201
vn 0.1301 -0.4027 0.9060
vn 0.1276 -0.1806 -0.9753
vn 0.2620 0.4875 -0.8329
vn 0.9994 0.0029 -0.0359
vn 0.6374 -0.0890 0.7653
vn 0.6133 0.0898 -0.7847
vn 0.7015 0.7080 0.0817
vn 0.4924 -0.8655 -0.0922
vn -0.9636 0.2647 0.0381
vn -0.1305 0.1856 0.9739
vn -0.1280 0.3976 -0.9086
vn 0.9656 -0.2583 -0.0298
vn -0.7071 -0.7033 -0.0732
vn -0.2633 -0.4916 0.8301
vn -0.2614 -0.2853 -0.9221
vn -0.4924 0.8638 0.1073
vn 0.3325 0.9365 0.1115
vn 0.3407 -0.9352 -0.0967
vn -0.9994 0.0029 -0.0359
vn -0.6374 -0.0890 0.7654
vn -0.6133 0.0898 -0.7847
vn -0.1305 0.1855 0.9739
vn 0.9656 -0.2584 -0.0298
vn -0.2633 -0.4916 0.8300
vn -0.6374 -0.0890 0.7653
vn 0.4990 0.8609 -0.0993
vn -0.9636 -0.2664 0.0232
vn -0.1301 -0.4027 -0.9060
vn 0.1305 0.1855 -0.9739
vn 0.1280 0.3976 0.9086
vn -0.1276 -0.1806 0.9753
vn 0.7071 -0.7033 0.0732
vn 0.2633 -0.4916 -0.8301
vn 0.2614 -0.2853 0.9221
vn -0.3325 0.9365 -0.1115
vn -0.3407 -0.9352 0.0967
vn 0.9994 0.0029 0.0359
vn 0.6374 -0.0890 -0.7653
vn 0.6133 0.0898 0.7847
vn -0.7015 0.7080 -0.0817
vn -0.4924 -0.8655 0.0922
vn -0.2638 0.2895 -0.9201
vn -0.2620 0.4876 0.8329
vn 0.9636 0.2647 -0.0381
vn 0.3336 -0.9369 0.1046
vn 0.3396 0.9330 -0.1188
vn -0.9994 0.0029 0.0359
vn -0.6374 -0.0890 -0.7654
vn -0.6133 0.0898 0.7847
vn 0.2633 -0.4916 -0.8300
vn -0.2620 0.4875 0.8329
vn -0.6374 -0.0890 -0.7653
vn -0.9988 -0.0500 -0.0000
vn 0.6711 0.7414 -0.0000
vn 0.3574 0.3917 0.8478
vn -0.3574 -0.3917 0.8478
vn -0.3574 -0.3917 -0.8478
vn 0.3574 0.3917 -0.8478
vn 0.4082 -0.4083 0.8165
vn 0.4082 -0.4083 -0.8165
vn 0.9988 0.0498 -0.0000
vn -0.6711 -0.7414 -0.0000
vn -0.4082 0.4083 0.8165
vn -0.4082 0.4083 -0.8165
vn 0.9988 -0.0499 -0.0000
vn 0.3574 -0.3917 -0.8478
vn -0.4082 -0.4083 -0.8165
vn -0.4082 -0.4083 0.8165
vn 0.3574 -0.3917 0.8478
vn -0.6711 0.7414 -0.0000
vn -0.3574 0.3917 -0.8478
vn -0.3574 0.3917 0.8478
vn -0.9988 0.0498 -0.0000
vn 0.4082 0.4082 -0.8165
vn 0.4082 0.4082 0.8165
vn 0.6711 -0.7414 -0.0000
vn -0.9874 0.1583 -0.0000
vn 0.9651 0.2619 -0.0000
vn 0.2319 0.2833 0.9306
vn -0.2726 0.3391 0.9004
vn -0.2726 0.3391 -0.9004
vn 0.2319 0.2833 -0.9306
vn 0.1058 -0.9944 -0.0000
vn -0.0277 -0.4411 0.8971
vn -0.0277 -0.4410 -0.8971
vn 0.9874 -0.1584 -0.0000
vn -0.4083 -0.4083 0.8165
vn -0.4083 -0.4083 -0.8165
vn -0.5862 0.8101 -0.0000
vn 0.0938 -0.9673 0.2356
vn 0.8012 0.5814 -0.1416
vn 0.4114 0.0954 -0.9064
vn 0.2516 -0.4995 -0.8290
vn 0.2515 -0.0623 0.9658
vn 0.4114 0.5017 0.7610
vn -0.8538 0.5058 -0.1232
vn -0.3467 -0.0013 -0.9380
vn -0.3467 0.4303 0.8335
vn -0.3716 0.9020 -0.2197
vn -0.5983 -0.7785 0.1896
vn -0.3741 -0.6715 -0.6396
vn -0.3741 -0.3021 0.8768
vn 0.8539 -0.5057 0.1232
vn 0.8537 0.5059 0.1232
vn -0.0937 -0.9673 -0.2357
vn -0.2517 -0.4995 0.8289
vn 0.3467 -0.0012 0.9380
vn 0.3467 0.4303 -0.8334
vn -0.2520 -0.0621 -0.9657
vn -0.8012 0.5813 0.1416
vn -0.4114 0.0954 0.9064
vn -0.4114 0.5016 -0.7610
vn -0.8546 -0.5045 -0.1233
vn 0.3707 0.9025 0.2191
vn 0.5978 -0.7790 -0.1893
vn 0.3736 -0.6714 0.6400
vn 0.3732 -0.3012 -0.8775
vn -0.4363 -0.8998 -0.0000
vn -0.7132 0.7009 -0.0000
vn 0.1330 0.3132 0.9403
vn -0.1157 -0.5157 0.8489
vn -0.1157 -0.5157 -0.8489
vn 0.1330 0.3132 -0.9403
vn 0.9476 -0.3195 -0.0000
vn 0.2884 -0.0972 0.9526
vn 0.2884 -0.0972 -0.9526
vn -0.8380 -0.5456 -0.0000
vn -0.1253 0.9921 -0.0000
vn 0.0840 -0.4751 0.8759
vn 0.0840 -0.4751 -0.8759
vn 0.8998 -0.4363 -0.0000
vn -0.8687 -0.4954 -0.0000
vn 0.4576 0.8892 -0.0000
vn -0.1009 -0.4286 0.8978
vn -0.1009 -0.4287 -0.8978
vn 0.5456 -0.8380 -0.0000
vn 0.8687 0.4954 -0.0000
vn 0.1919 -0.9814 -0.0000
vn -0.2884 0.0972 0.9526
vn -0.2884 0.0972 -0.9526
vn -0.6117 0.7911 -0.0000
vn 0.9919 -0.1269 -0.0001
vn 0.1828 -0.5710 0.8004
vn -0.2930 0.3559 0.8874
vn -0.2930 0.3558 -0.8874
vn 0.1828 -0.5710 -0.8004
vn -0.4083 -0.4082 -0.8165
vn 0.2853 -0.9584 -0.0000
vn -0.9919 0.1269 -0.0000
vn 0.9145 0.4046 -0.0000
vn 0.3430 0.1517 0.9270
vn 0.3430 0.1517 -0.9270
vn 0.3832 0.9188 -0.0948
vn -0.9249 -0.3799 0.0159
vn -0.3159 -0.0763 -0.9457
vn 0.2325 0.1283 -0.9641
vn 0.2381 0.3404 0.9096
vn -0.3228 0.0495 0.9452
vn 0.7068 -0.7049 0.0595
vn 0.3887 -0.1299 -0.9121
vn 0.4052 -0.0226 0.9140
vn -0.2517 -0.9629 0.0973
vn 0.9240 0.3783 -0.0559
vn -0.8007 0.5947 -0.0721
vn -0.4095 0.2068 -0.8886
vn -0.4130 0.4046 0.8159
vn -0.7413 0.6703 -0.0340
vn -0.0974 -0.9924 -0.0748
vn -0.3758 0.3091 -0.8736
vn -0.4077 -0.1905 0.8930
vn 0.8026 0.5946 -0.0480
vn 0.1579 0.9860 0.0529
vn -0.7992 -0.5859 -0.1343
vn 0.6966 -0.7071 -0.1218
vn 0.3646 0.2345 -0.9012
vn 0.3920 -0.3062 0.8675
vn 0.9883 0.1414 0.0565
vn -0.6905 0.6679 0.2779
vn -0.5790 -0.7466 -0.3275
vn -0.3916 0.3112 -0.8659
vn -0.3648 -0.2397 0.8997
vn 0.5791 0.7468 0.3270
vn -0.9885 -0.1356 -0.0674
vn 0.6926 -0.6604 -0.2902
vn 0.3777 0.1987 -0.9044
vn 0.3470 -0.3127 0.8842
vn 0.9539 0.2113 0.2132
vn -0.6977 0.7050 0.1273
vn -0.5519 -0.8320 -0.0568
vn -0.2587 -0.2834 -0.9235
vn -0.2398 -0.3385 0.9099
vn 0.5492 0.8310 0.0883
vn -0.9556 -0.2373 0.1748
vn 0.7027 -0.7114 0.0004
vn 0.4030 -0.4070 -0.8197
vn 0.4023 -0.4099 0.8186
vn -0.9220 -0.3867 -0.0186
vn 0.3832 0.9188 0.0948
vn 0.2325 0.1283 0.9641
vn -0.3159 -0.0763 0.9457
vn -0.3228 0.0495 -0.9452
vn 0.2381 0.3404 -0.9096
vn 0.7068 -0.7049 -0.0595
vn 0.3887 -0.1299 0.9121
vn 0.4052 -0.0226 -0.9140
vn 0.9240 0.3783 0.0559
vn -0.2500 -0.9641 -0.0899
vn -0.8007 0.5947 0.0721
vn -0.4095 0.2068 0.8886
vn -0.4130 0.4046 -0.8159
vn 0.8026 0.5946 0.0480
vn -0.0973 -0.9925 0.0746
vn -0.3048 0.2846 0.9089
vn -0.3354 -0.2387 -0.9113
vn -0.7424 0.6687 0.0417
vn -0.7907 -0.5993 0.1247
vn 0.1579 0.9860 -0.0529
vn 0.6966 -0.7071 0.1218
vn 0.4388 0.2586 0.8605
vn 0.4647 -0.2549 -0.8480
vn 0.5792 -0.7467 0.3271
vn -0.9882 0.1453 -0.0490
vn 0.3917 0.3111 0.8659
vn 0.3649 -0.2396 -0.8997
vn 0.6924 0.6616 -0.2878
vn 0.9885 -0.1345 0.0690
vn -0.6925 -0.6605 0.2902
vn -0.3776 0.1988 0.9044
vn -0.3470 -0.3127 -0.8842
vn -0.5768 0.7528 -0.3170
vn 0.5519 -0.8320 0.0568
vn -0.9539 0.2113 -0.2132
vn 0.2587 -0.2834 0.9235
vn 0.2398 -0.3385 -0.9099
vn 0.6977 0.7050 -0.1273
vn 0.9556 -0.2373 -0.1748
vn -0.7027 -0.7114 -0.0004
vn -0.4030 -0.4070 0.8197
vn -0.4023 -0.4099 -0.8186
vn -0.5492 0.8310 -0.0883
vn 0.9829 -0.1839 -0.0000
vn -0.1599 0.9871 -0.0000
vn -0.3139 0.3311 -0.8899
vn 0.0319 -0.4220 -0.9060
vn 0.0319 -0.4220 0.9060
vn -0.3139 0.3311 0.8899
vn -0.9409 -0.3387 -0.0000
vn -0.3018 -0.1087 -0.9471
vn -0.3018 -0.1087 0.9471
vn 0.8092 -0.5875 -0.0000
vn -0.1138 0.9935 -0.0000
vn -0.1144 0.3164 -0.9417
vn -0.1144 0.3164 0.9417
vn -0.9316 -0.3635 -0.0000
vn -0.7982 0.6024 -0.0000
vn -0.0973 -0.9953 -0.0000
vn 0.9899 0.1416 -0.0000
vn 0.1906 -0.4024 -0.8954
vn 0.1906 -0.4024 0.8954
vn 0.1324 -0.9912 -0.0000
vn 0.9440 0.3299 -0.0000
vn 0.2323 0.1972 -0.9524
vn 0.2323 0.1972 0.9524
vn -0.9794 0.2021 -0.0000
vn 0.5150 0.8572 -0.0000
vn -0.8855 -0.4647 -0.0000
vn 0.7451 -0.6670 -0.0000
vn 0.4840 -0.4332 -0.7603
vn 0.4840 -0.4332 0.7603
vn 0.4366 -0.4482 0.7801
vn 0.4685 0.7978 -0.3796
vn -0.9202 -0.0092 -0.3912
vn -0.2537 -0.9293 0.2684
vn 0.1955 0.9396 0.2808
vn 0.9364 -0.1237 -0.3284
vn -0.1878 0.7653 0.6157
vn -0.8797 -0.0260 0.4748
vn 0.8973 -0.1125 0.4268
vn 0.4412 -0.7882 -0.4290
vn 0.4381 0.7105 0.5507
vn -0.3442 0.8519 0.3948
vn 0.0803 -0.9067 0.4141
vn -0.2778 -0.7569 0.5916
vn -0.4230 0.6234 -0.6576
vn 0.9357 0.3126 0.1635
vn 0.6789 -0.5758 -0.4556
vn -0.2081 -0.8971 -0.3898
vn 0.0926 0.8865 -0.4533
vn 0.7549 -0.2491 0.6068
vn -0.4820 -0.6480 -0.5897
vn 0.6915 0.5133 -0.5084
vn -0.1697 0.9186 -0.3569
vn 0.0997 -0.9415 -0.3218
vn -0.4329 0.0278 0.9010
vn 0.8447 -0.2281 -0.4842
vn 0.2537 -0.9293 -0.2684
vn -0.1954 0.9397 -0.2808
vn -0.7230 -0.1699 -0.6696
vn -0.5144 -0.0471 0.8562
vn -0.3836 0.0085 -0.9234
vn 0.8375 0.2207 0.4999
vn 0.1697 0.9186 0.3568
vn -0.0996 -0.9415 0.3218
vn 0.5159 0.0536 0.8550
vn 0.4168 0.0079 -0.9090
vn 0.2082 -0.8971 0.3898
vn -0.0928 0.8865 0.4533
vn -0.8447 -0.2280 0.4842
vn 0.4119 -0.0234 0.9109
vn -0.8375 0.2206 -0.4999
vn 0.7182 0.1800 -0.6721
vn 0.3441 0.8519 -0.3948
vn -0.0801 -0.9067 -0.4141
vn 0.4229 0.6234 0.6577
vn -0.9358 0.3124 -0.1634
vn 0.9202 -0.0092 0.3912
vn -0.9364 -0.1237 0.3284
vn -0.6789 -0.5757 0.4558
vn -0.5329 0.2384 0.8119
vn -0.9111 -0.3672 -0.1875
vn 0.4820 -0.6480 0.5897
vn -0.4365 -0.4481 -0.7802
vn -0.4683 0.7979 0.3796
vn 0.1878 0.7653 -0.6156
vn 0.8797 -0.0260 -0.4748
vn -0.8973 -0.1125 -0.4268
vn -0.4412 -0.7882 0.4290
vn -0.4381 0.7106 -0.5506
vn 0.2778 -0.7569 -0.5916
vn 0.4365 -0.4481 0.7801
vn 0.4684 0.7978 -0.3796
vn -0.9202 -0.0091 -0.3913
vn 0.1954 0.9397 0.2808
vn -0.1878 0.7653 0.6156
vn 0.4412 -0.7882 -0.4291
vn 0.4380 0.7106 0.5506
vn -0.3441 0.8519 0.3948
vn 0.0802 -0.9067 0.4141
vn -0.4229 0.6234 -0.6577
vn 0.9357 0.3126 0.1634
vn 0.6789 -0.5757 -0.4558
vn -0.2082 -0.8970 -0.3898
vn 0.0928 0.8865 -0.4533
vn 0.7549 -0.2490 0.6068
vn 0.6915 0.5133 -0.5083
vn 0.0996 -0.9416 -0.3218
vn -0.4330 0.0277 0.9010
vn -0.7230 -0.1698 -0.6696
vn -0.5143 -0.0471 0.8563
vn -0.3836 0.0087 -0.9235
vn -0.0996 -0.9416 0.3218
vn 0.4165 0.0076 -0.9091
vn -0.8447 -0.2281 0.4842
vn 0.4119 -0.0235 0.9109
vn -0.8375 0.2207 -0.4999
vn 0.7182 0.1801 -0.6721
vn -0.9357 0.3125 -0.1634
vn -0.9110 -0.3674 -0.1875
vn -0.4365 -0.4481 -0.7801
vn -0.4684 0.7978 0.3797
vn 0.1878 0.7653 -0.6157
vn 0.7265 -0.0503 0.6853
vn -0.6815 0.5914 0.4310
vn -0.4065 0.7023 -0.5844
vn 0.4065 0.5844 -0.7023
vn 0.3715 -0.6548 0.6582
vn -0.3715 -0.6582 0.6548
vn -0.6179 -0.7407 -0.2636
vn -0.4065 0.0833 -0.9098
vn -0.3715 -0.0024 0.9284
vn 0.6179 0.2636 0.7407
vn -0.7265 -0.6853 0.0503
vn 0.4065 0.9098 -0.0833
vn 0.3715 -0.9284 0.0024
vn 0.6815 -0.4310 -0.5915
vn 0.6179 0.7102 0.3374
vn -0.7265 -0.4490 0.5202
vn 0.6815 -0.7230 -0.1134
vn 0.4065 -0.0833 -0.9098
vn 0.3715 0.0024 0.9284
vn 0.7265 -0.5202 0.4490
vn -0.6815 0.1134 0.7230
vn -0.4065 0.9098 0.0833
vn -0.3715 -0.9284 -0.0024
vn -0.6179 -0.3373 -0.7102
vn 0.7265 0.4490 0.5202
vn -0.6815 0.7230 -0.1134
vn -0.6179 -0.7102 0.3374
vn -0.4065 -0.5844 -0.7023
vn -0.3715 0.6548 0.6582
vn 0.6179 -0.3374 0.7102
vn -0.7265 -0.5202 -0.4490
vn 0.4065 0.7023 0.5844
vn 0.3715 -0.6582 -0.6548
vn 0.6815 0.1134 -0.7230
vn 0.6179 0.7407 -0.2636
vn -0.7265 0.0504 0.6853
vn 0.6815 -0.5915 0.4310
vn 0.4065 -0.7023 -0.5844
vn 0.3715 0.6582 0.6548
vn 0.7265 -0.6853 -0.0503
vn -0.6815 -0.4310 0.5915
vn -0.4065 0.5844 0.7023
vn -0.3715 -0.6548 -0.6582
vn -0.6180 0.2636 -0.7407
vn -0.6179 -0.2636 0.7407
vn 0.7265 0.6853 0.0503
vn -0.4065 -0.9098 -0.0833
vn -0.3715 0.9284 0.0024
vn -0.6815 0.4310 -0.5915
vn 0.6179 -0.7408 0.2636
vn -0.7265 -0.0503 -0.6853
vn 0.4065 0.0833 0.9098
vn 0.3715 -0.0024 -0.9284
vn 0.6815 0.5915 -0.4310
vn -0.7265 0.5202 0.4490
vn 0.6815 -0.1134 0.7230
vn 0.4065 -0.9098 0.0833
vn 0.3715 0.9284 -0.0024
vn 0.6179 0.3374 -0.7102
vn 0.7265 -0.4490 -0.5202
vn -0.6815 -0.7230 0.1134
vn -0.4065 -0.0833 0.9098
vn -0.3715 0.0024 -0.9284
vn -0.6179 0.7102 -0.3373
vn -0.6179 0.3374 0.7102
vn 0.7265 0.5201 -0.4491
vn -0.4065 -0.7023 0.5844
vn -0.3715 0.6582 -0.6548
vn -0.6815 -0.1134 -0.7230
vn 0.6179 -0.7102 -0.3374
vn -0.7265 0.4490 -0.5202
vn 0.4065 -0.5844 0.7023
vn 0.3715 0.6548 -0.6582
vn 0.6815 0.7230 0.1134
vn -0.7265 0.6853 -0.0504
vn 0.6815 0.4310 0.5915
vn 0.6179 -0.2636 -0.7407
vn 0.7265 0.0503 -0.6853
vn -0.6815 -0.5914 -0.4310
vn -0.6179 0.7407 0.2636
vn 0.5310 -0.6695 -0.5193
vn 0.0135 0.9998 0.0111
vn -0.6448 0.7186 0.2605
vn -0.6448 -0.7186 -0.2605
vn 0.0421 0.8925 -0.4490
vn 0.0421 -0.8925 0.4490
vn 0.6034 -0.7583 -0.2467
vn -0.5752 -0.7746 0.2629
vn 0.0634 0.9062 0.4181
vn 0.5310 0.6695 0.5193
vn 0.0135 -0.9998 -0.0111
vn 0.6034 0.7583 0.2467
vn -0.5752 0.7746 -0.2629
vn 0.0634 -0.9062 -0.4181
vn -0.9072 0.0321 0.4195
vn 0.9056 -0.4174 -0.0752
vn 0.5752 -0.7746 -0.2629
vn -0.0634 0.9062 -0.4181
vn -0.7051 -0.3853 -0.5953
vn 0.9447 0.0123 -0.3278
vn -0.7051 0.3853 0.5953
vn 0.5752 0.7746 0.2629
vn -0.0634 -0.9062 0.4181
vn -0.6537 0.3484 -0.6717
vn -0.9447 -0.0122 -0.3277
vn 0.7051 -0.3853 0.5953
vn 0.6448 -0.7186 0.2605
vn -0.0421 0.8925 0.4490
vn 0.6537 -0.3484 -0.6717
vn 0.9072 -0.0321 0.4195
vn -0.9056 0.4174 -0.0752
vn 0.7051 0.3853 -0.5953
vn 0.6448 0.7186 -0.2605
vn -0.0421 -0.8925 -0.4490
vn -0.5310 -0.6696 0.5193
vn -0.0135 0.9998 -0.0111
vn -0.6034 -0.7583 0.2467
vn -0.5416 0.6046 0.5840
vn -0.7115 0.6232 0.3248
vn -0.0135 -0.9998 0.0111
vn 0.8581 0.0875 0.5059
vn -0.6815 0.5915 0.4310
vn -0.3831 0.7253 -0.5719
vn 0.3831 0.5719 -0.7254
vn 0.3323 -0.6835 0.6500
vn -0.3323 -0.6500 0.6835
vn -0.5362 -0.7943 -0.2857
vn -0.3831 0.1085 -0.9173
vn -0.3323 0.0237 0.9429
vn 0.5361 0.2857 0.7943
vn -0.8581 -0.5059 -0.0874
vn 0.3831 0.9173 -0.1085
vn 0.3323 -0.9429 -0.0237
vn 0.5361 0.7637 0.3596
vn -0.8581 -0.4196 0.2959
vn 0.3831 -0.1085 -0.9173
vn 0.3323 -0.0237 0.9429
vn 0.8581 -0.2959 0.4196
vn -0.3831 0.9173 0.1085
vn -0.3323 -0.9429 0.0237
vn -0.5361 -0.3596 -0.7637
vn 0.8581 0.4196 0.2959
vn -0.5362 -0.7637 0.3597
vn -0.3831 -0.5719 -0.7253
vn -0.3323 0.6835 0.6500
vn 0.5361 -0.3597 0.7637
vn -0.8581 -0.2960 -0.4195
vn 0.3832 0.7253 0.5719
vn 0.3323 -0.6500 -0.6835
vn 0.5362 0.7943 -0.2857
vn -0.8581 -0.0874 0.5059
vn 0.3832 -0.7253 -0.5719
vn 0.3323 0.6500 0.6835
vn 0.8581 -0.5060 0.0874
vn -0.3831 0.5719 0.7254
vn -0.3323 -0.6835 -0.6500
vn -0.5362 0.2857 -0.7943
vn -0.5361 -0.2857 0.7943
vn 0.8581 0.5059 -0.0874
vn -0.3831 -0.9173 -0.1085
vn -0.3323 0.9429 -0.0237
vn 0.5362 -0.7943 0.2857
vn -0.8581 0.0875 -0.5059
vn 0.3831 0.1085 0.9173
vn 0.3323 0.0237 -0.9429
vn -0.8581 0.2959 0.4196
vn 0.3831 -0.9173 0.1085
vn 0.3323 0.9429 0.0237
vn 0.5362 0.3596 -0.7637
vn 0.8581 -0.4196 -0.2959
vn -0.3831 -0.1085 0.9173
vn -0.3323 -0.0237 -0.9429
vn -0.5361 0.7637 -0.3596
vn -0.5362 0.3596 0.7637
vn 0.8581 0.2959 -0.4196
vn -0.3831 -0.7254 0.5719
vn -0.3323 0.6500 -0.6835
vn 0.5362 -0.7637 -0.3597
vn -0.8581 0.4196 -0.2959
vn 0.3831 -0.5719 0.7253
vn 0.3323 0.6835 -0.6500
vn -0.8582 0.5059 0.0874
vn 0.5361 -0.2857 -0.7943
vn 0.8582 -0.0874 -0.5059
vn -0.6815 -0.5915 -0.4310
vn -0.5362 0.7943 0.2857
vn 0.9807 0.1953 -0.0000
vn -0.4082 0.4082 -0.8165
vn 0.2533 0.3189 -0.9133
vn 0.2533 0.3189 0.9133
vn -0.4082 0.4082 0.8165
vn -0.5554 -0.8316 -0.0000
vn -0.2533 -0.3188 -0.9133
vn -0.2533 -0.3188 0.9133
vn 0.5554 0.8316 -0.0000
vn -0.9807 -0.1953 -0.0000
vn 0.4082 -0.4082 -0.8165
vn 0.4082 -0.4082 0.8165
vn 0.9807 -0.1953 -0.0000
vn -0.4082 -0.4082 0.8165
vn 0.2533 -0.3188 0.9133
vn 0.2533 -0.3188 -0.9133
vn -0.4082 -0.4082 -0.8165
vn -0.5554 0.8316 -0.0000
vn -0.2533 0.3189 0.9133
vn -0.2533 0.3189 -0.9133
vn 0.5554 -0.8316 -0.0000
vn -0.9807 0.1953 -0.0000
vn 0.0059 0.2983 -0.9544
vn 0.0059 0.2983 0.9544
vn 0.0022 -0.4059 -0.9139
vn 0.0022 -0.4059 0.9139
vn -0.1741 -0.9847 -0.0000
vn 0.9620 0.2730 -0.0000
vn 0.2234 0.1664 -0.9604
vn 0.2234 0.1664 0.9604
vn -0.8998 0.4363 -0.0000
vn 0.6306 0.7761 -0.0000
vn -0.9620 -0.2730 -0.0000
vn 0.8811 0.1513 0.4481
vn -0.3771 0.7318 -0.5677
vn 0.3767 0.5601 -0.7378
vn 0.3201 -0.6912 0.6479
vn -0.3204 -0.6411 0.6974
vn -0.4864 -0.8219 -0.2965
vn -0.3761 0.1207 -0.9187
vn -0.3200 0.0359 0.9467
vn 0.4882 0.3020 0.8188
vn -0.8786 -0.4552 -0.1443
vn 0.3777 0.9180 -0.1209
vn 0.3205 -0.9466 -0.0346
vn 0.4863 0.7938 0.3653
vn -0.8813 -0.4219 0.2130
vn 0.3761 -0.1207 -0.9187
vn 0.3200 -0.0359 0.9467
vn 0.8784 -0.2166 0.4259
vn -0.3777 0.9180 0.1209
vn -0.3205 -0.9466 0.0346
vn -0.4884 -0.3717 -0.7895
vn 0.8813 0.4219 0.2130
vn -0.4863 -0.7938 0.3653
vn -0.3767 -0.5602 -0.7378
vn -0.3201 0.6912 0.6479
vn 0.4884 -0.3717 0.7895
vn -0.8785 -0.2166 -0.4259
vn 0.3771 0.7318 0.5677
vn 0.3204 -0.6411 -0.6974
vn 0.6810 0.1152 -0.7232
vn 0.4864 0.8219 -0.2965
vn -0.8811 -0.1513 0.4481
vn 0.3771 -0.7318 -0.5677
vn 0.3204 0.6411 0.6974
vn 0.8786 -0.4552 0.1443
vn -0.3767 0.5601 0.7378
vn -0.3201 -0.6912 -0.6479
vn -0.4883 0.3020 -0.8188
vn -0.4883 -0.3020 0.8188
vn 0.8786 0.4552 -0.1443
vn -0.3777 -0.9180 -0.1209
vn -0.3204 0.9466 -0.0346
vn 0.4864 -0.8219 0.2965
vn -0.8811 0.1513 -0.4481
vn 0.3761 0.1207 0.9187
vn 0.3200 0.0359 -0.9467
vn -0.8785 0.2167 0.4259
vn 0.6810 -0.1151 0.7232
vn 0.3777 -0.9180 0.1209
vn 0.3205 0.9466 0.0346
vn 0.4884 0.3717 -0.7895
vn 0.8813 -0.4219 -0.2130
vn -0.6820 -0.7228 0.1118
vn -0.3761 -0.1207 0.9187
vn -0.3200 -0.0359 -0.9467
vn -0.4863 0.7938 -0.3653
vn -0.4884 0.3717 0.7895
vn 0.8784 0.2166 -0.4259
vn -0.3771 -0.7318 0.5677
vn -0.3204 0.6411 -0.6974
vn 0.4863 -0.7938 -0.3653
vn -0.8813 0.4219 -0.2130
vn 0.3767 -0.5601 0.7378
vn 0.3201 0.6912 -0.6479
vn -0.8786 0.4552 0.1443
vn 0.6813 0.4343 0.5893
vn 0.4883 -0.3020 -0.8188
vn 0.8811 -0.1513 -0.4481
vn -0.4864 0.8219 0.2965
vn -0.2527 -0.9632 0.0918
vn 0.1373 0.7276 0.6722
vn 0.8999 0.2391 0.3647
vn 0.6260 -0.7157 0.3096
vn -0.4626 0.8300 0.3117
vn -0.7410 0.5615 0.3684
vn -0.0319 0.5218 -0.8525
vn 0.9651 0.0074 -0.2616
vn -0.8834 0.4277 -0.1917
vn -0.3390 -0.5463 0.7660
vn 0.3173 0.9006 -0.2971
vn -0.3892 -0.7878 -0.4774
vn 0.5547 -0.7044 -0.4428
vn -0.3850 0.7855 -0.4846
vn 0.7964 0.3274 -0.5085
vn -0.8727 -0.4414 -0.2086
vn 0.4407 -0.8182 -0.3692
vn -0.2847 0.8830 -0.3730
vn 0.5998 0.0491 0.7987
vn -0.7107 -0.2724 0.6486
vn 0.9707 0.1659 0.1738
vn 0.2854 -0.8817 0.3758
vn -0.4701 0.8020 0.3684
vn -0.4805 -0.2534 -0.8396
vn 0.4205 0.2715 0.8657
vn 0.6631 0.3039 -0.6841
vn -0.8491 -0.5268 -0.0396
vn 0.2415 -0.9025 -0.3566
vn -0.0795 0.9321 -0.3534
vn -0.7536 -0.3759 0.5393
vn 0.8931 0.4062 0.1931
vn 0.1624 -0.8835 0.4394
vn -0.0802 0.8884 0.4521
vn -0.5471 -0.3447 -0.7628
vn -0.8603 -0.0914 -0.5014
vn 0.7216 -0.1117 0.6832
vn -0.8933 -0.1224 0.4325
vn 0.0023 0.6109 0.7917
vn 0.6541 -0.0979 -0.7500
vn -0.9720 0.0074 0.2349
vn 0.9813 -0.1814 -0.0649
vn -0.6822 -0.5384 -0.4947
vn -0.8585 -0.1306 -0.4959
vn -0.0698 0.5528 -0.8304
vn 0.8800 0.4369 -0.1863
vn 0.9040 0.0371 -0.4258
vn -0.7168 0.6740 -0.1787
vn 0.7661 -0.6070 -0.2115
vn 0.9030 -0.0977 0.4184
vn -0.1826 -0.8397 0.5114
vn 0.6441 0.7031 -0.3013
vn 0.6296 0.7188 0.2948
vn -0.7185 0.6431 0.2647
vn 0.7222 -0.6094 0.3272
vn -0.3329 -0.4579 -0.8243
vn 0.4858 0.8418 0.2354
vn -0.7240 0.6283 0.2846
vn 0.9322 -0.1943 0.3052
vn -0.4375 -0.5633 0.7009
vn 0.2112 0.4869 0.8475
vn -0.5250 -0.8175 -0.2369
vn 0.3128 0.6372 -0.7043
vn -0.5551 0.7268 -0.4045
vn 0.9144 0.0060 -0.4048
vn -0.9279 -0.0000 0.3729
vn 0.1171 -0.0000 -0.9931
vn -0.2021 0.9095 -0.3633
vn -0.5366 0.8127 0.2274
vn -0.5366 -0.8127 0.2274
vn -0.2021 -0.9095 -0.3633
vn 0.4790 -0.0000 0.8778
vn -0.0739 0.9336 0.3507
vn -0.0739 -0.9336 0.3507
vn 0.5785 -0.0000 -0.8157
vn -0.1171 -0.0000 0.9931
vn -0.8778 -0.0000 -0.4790
vn -0.5791 0.7515 -0.3160
vn -0.5791 -0.7515 -0.3160
vn -0.5530 -0.0000 0.8332
vn 0.9802 -0.0000 -0.1982
vn 0.2520 0.9142 -0.3173
vn 0.2520 -0.9142 -0.3173
vn -0.9802 -0.0000 0.1982
vn 0.5530 -0.0000 -0.8332
vn 0.9952 -0.0001 0.0974
vn 0.3153 0.8736 0.3706
vn 0.3153 -0.8736 0.3706
vn -0.6349 -0.0000 -0.7726
vn -0.3153 0.8736 -0.3706
vn -0.3153 -0.8736 -0.3706
vn 0.6349 -0.0000 0.7726
vn -0.9952 0.0001 -0.0974
vn -0.6325 -0.0000 -0.7745
vn 0.9950 -0.0000 0.1004
vn 0.3129 0.8751 0.3691
vn -0.3129 0.8751 -0.3692
vn -0.3129 -0.8751 -0.3692
vn 0.3129 -0.8751 0.3692
vn 0.6325 -0.0000 0.7745
vn -0.9949 -0.0000 -0.1004
vn 0.9437 -0.0000 0.3309
vn 0.2276 0.9405 0.2522
vn 0.2276 -0.9405 0.2522
vn -0.4083 -0.8165 0.4082
vn -0.4333 0.0001 -0.9013
vn -0.2276 0.9405 -0.2522
vn -0.2276 -0.9405 -0.2522
vn 0.4333 0.0001 0.9013
vn -0.9437 -0.0000 -0.3309
vn 0.4083 -0.8165 -0.4082
vn -0.8263 0.4502 -0.3385
vn -0.9030 0.3702 0.2179
vn 0.9030 0.3702 0.2179
vn 0.8263 0.4502 -0.3385
vn -0.7353 0.6777 -0.0000
vn 0.7353 0.6777 -0.0000
vn -0.0000 0.1977 0.9803
vn -0.9717 -0.0000 -0.2363
vn 0.9717 -0.0000 -0.2363
vn -0.0000 -0.5578 0.8300
vn -0.0001 -0.1977 -0.9803
vn -0.0000 0.9239 0.3827
vn -0.0001 0.1977 -0.9803
vn -0.0000 0.5578 0.8300
vn -0.0000 -0.9239 0.3827
vn -0.9030 -0.3702 0.2179
vn 0.9030 -0.3702 0.2179
vn 0.0001 -0.1977 0.9803
vn -0.8262 -0.4502 -0.3385
vn 0.8263 -0.4502 -0.3385
vn -0.0000 0.7109 -0.7033
vn -0.0000 0.1977 -0.9803
vn -0.8252 0.4529 -0.3376
vn -0.9014 0.3741 0.2179
vn 0.9014 0.3741 0.2179
vn 0.8252 0.4529 -0.3376
vn -0.0000 0.1950 0.9808
vn -0.9684 -0.0191 -0.2486
vn 0.9684 -0.0191 -0.2486
vn -0.0000 -0.5556 0.8315
vn 0.0001 -0.1952 -0.9808
vn -0.9378 -0.0671 0.3405
vn 0.9379 -0.0671 0.3405
vn 0.0001 -0.5556 0.8315
vn 0.6737 0.3435 -0.6543
vn -0.4983 0.5778 0.6464
vn -0.9220 -0.2392 0.3045
vn -0.3305 -0.8581 -0.3930
vn 0.0969 0.8730 -0.4781
vn 0.5033 0.8110 0.2983
vn 0.6453 -0.6395 0.4179
vn -0.1727 -0.9238 0.3419
vn 0.1354 0.9306 0.3400
vn 0.4779 0.7425 0.4693
vn 0.4696 -0.7788 -0.4160
vn -0.3725 0.6454 -0.6668
vn -0.9292 -0.0766 -0.3615
vn 0.5184 0.7761 -0.3590
vn -0.6276 0.0328 0.7778
vn 0.8963 -0.2732 -0.3493
vn 0.1727 -0.9237 -0.3419
vn -0.1355 0.9306 -0.3400
vn -0.7192 -0.2373 -0.6531
vn -0.9948 0.0035 0.1020
vn 0.7193 -0.2372 0.6529
vn 0.3306 -0.8581 0.3930
vn -0.0969 0.8730 0.4780
vn 0.4476 -0.1650 -0.8789
vn -0.6736 0.3437 0.6543
vn 0.4983 0.5778 -0.6464
vn 0.9220 -0.2392 -0.3046
vn -0.5033 0.8110 -0.2983
vn -0.6453 -0.6395 -0.4180
vn 0.3725 0.6454 0.6668
vn -0.4779 0.7425 -0.4693
vn 0.9292 -0.0766 0.3615
vn -0.5184 0.7761 0.3590
vn -0.4694 -0.7788 0.4161
vn 0.0001 -0.1951 -0.9808
vn 0.0001 0.1951 0.9808
vn -0.9379 -0.0671 0.3405
vn -0.0000 -0.5556 0.8314
vn -0.7345 -0.4799 -0.4798
vn 0.4757 0.5232 0.7071
vn 0.3072 0.3379 -0.8897
vn 0.8467 -0.4629 -0.2624
vn 0.8788 -0.2472 0.4083
vn -0.3295 0.8513 0.4082
vn -0.5412 0.7989 -0.2624
vn -0.6404 -0.7044 0.3062
vn 0.5412 -0.7989 0.2624
vn -0.8467 0.4629 0.2624
vn -0.3072 -0.3379 0.8897
vn 0.6404 0.7044 -0.3062
vn -0.4757 -0.5232 -0.7071
vn 0.3295 -0.8513 -0.4082
vn -0.8788 0.2472 -0.4083
vn 0.8788 -0.2472 0.4082
vn -0.6403 -0.7044 0.3062
vn -0.2407 -0.6663 0.7058
vn 0.2825 0.9119 0.2977
vn 0.8884 -0.2718 0.3700
vn 0.6303 -0.6615 0.4065
vn -0.9074 -0.1064 0.4066
vn -0.9334 0.0746 0.3510
vn -0.1816 -0.4271 -0.8858
vn 0.8061 -0.5258 -0.2714
vn -0.9616 0.1008 -0.2552
vn 0.0716 0.4544 0.8879
vn 0.1628 0.6953 -0.7000
vn 0.9605 -0.2147 -0.1772
vn -0.9860 -0.0053 -0.1669
vn -0.2878 -0.9116 -0.2936
vn 0.0286 0.9717 0.2346
vn -0.0602 -0.5117 -0.8571
vn 0.9255 0.2335 0.2983
vn -0.9276 0.2389 0.2873
vn -0.0618 -0.7094 0.7021
vn -0.0424 0.2995 -0.9532
vn -0.0374 -0.9705 0.2384
vn 0.9730 0.1482 -0.1771
vn -0.9731 0.1639 -0.1620
vn -0.0138 0.5167 0.8561
vn -0.0608 -0.2994 0.9522
vn 0.0210 0.7488 -0.6625
vn -0.0481 -0.8568 -0.5134
vn 0.9220 -0.3861 0.0283
vn -0.9905 -0.1351 0.0273
vn -0.0642 -0.5149 0.8548
vn 0.0286 0.9717 -0.2346
vn -0.0617 -0.7094 -0.7021
vn 0.8765 -0.1518 -0.4569
vn -0.8830 0.1564 -0.4425
vn 0.0811 0.4616 0.8834
vn 0.1668 0.6893 -0.7050
vn -0.2735 -0.9136 -0.3009
vn 0.8064 -0.5236 -0.2749
vn -0.9622 0.0993 -0.2538
vn -0.2410 -0.6673 0.7047
vn 0.2666 0.9174 0.2953
vn 0.6311 -0.6615 0.4051
vn -0.9080 -0.1064 0.4052
vn -0.1907 -0.4266 -0.8841
vn 0.1624 -0.5353 -0.8289
vn -0.2773 0.9117 0.3033
vn -0.9307 -0.0196 0.3652
vn -0.7949 -0.5378 -0.2809
vn 0.9597 -0.0036 -0.2811
vn 0.7834 0.5029 0.3653
vn 0.2278 -0.7493 0.6218
vn -0.6122 -0.6914 0.3837
vn 0.8936 -0.2332 0.3836
vn -0.1629 0.5343 0.8294
vn 0.2906 -0.9536 -0.0781
vn -0.1813 0.5947 -0.7833
vn -0.9081 0.0663 -0.4135
vn 0.7166 0.5616 -0.4135
vn -0.0001 -0.1979 0.9802
vn -0.0001 -0.1979 -0.9802
vn -0.8262 0.4502 -0.3386
vn 0.8262 0.4502 -0.3386
vn 0.0001 0.1978 0.9802
vn 0.0001 -0.7109 -0.7033
vn -0.0001 -0.5578 0.8300
vn -0.0002 -0.1977 -0.9803
vn -0.0002 0.1977 -0.9803
vn -0.0001 0.5578 0.8300
vn -0.8263 -0.4502 -0.3386
vn 0.8262 -0.4502 -0.3386
vn 0.0001 0.1978 -0.9802
vn -0.1530 0.4842 0.8615
vn 0.2537 -0.9470 -0.1970
vn -0.9274 -0.1753 -0.3306
vn -0.9524 -0.0508 0.3007
vn 0.8255 0.4724 0.3089
vn 0.9125 0.2234 -0.3426
vn -0.1910 0.6392 -0.7450
vn -0.9035 0.1180 -0.4120
vn 0.6923 0.5910 -0.4140
vn 0.1131 -0.4972 -0.8603
vn -0.2518 0.9181 0.3062
vn 0.1776 -0.7244 0.6661
vn -0.8675 -0.2263 0.4429
vn 0.8815 0.1457 0.4492
vn 0.1261 -0.9877 0.0922
vn -0.1187 0.6276 -0.7694
vn -0.9712 -0.0200 0.2374
vn 0.9667 0.0748 0.2446
vn -0.1249 0.6932 0.7098
vn -0.1260 0.9864 -0.1058
vn 0.0451 -0.6370 0.7696
vn 0.0568 -0.7095 -0.7024
vn -0.9409 -0.0210 -0.3381
vn 0.9371 0.0691 -0.3421
vn 0.0110 -0.9026 -0.4304
vn -0.0219 0.6239 -0.7812
vn -0.9736 -0.1781 0.1428
vn 0.9742 -0.1751 0.1420
vn -0.0340 0.2203 0.9748
vn -0.0168 0.9823 0.1866
vn -0.0021 -0.6242 0.7812
vn -0.0075 -0.4675 -0.8840
vn -0.8915 0.1863 -0.4131
vn 0.8902 0.1880 -0.4151
vn -0.0150 0.7843 0.6202
vn 0.0017 -0.7815 0.6239
vn -0.9772 -0.1700 -0.1275
vn 0.9770 -0.1699 -0.1286
vn -0.0271 -0.2220 -0.9747
vn -0.0021 -0.6242 -0.7812
vn -0.0168 0.9823 -0.1866
vn -0.0075 -0.4675 0.8840
vn -0.9417 0.0678 0.3296
vn 0.9409 0.0693 0.3316
vt 0.000000 0.000000
s 1
f 1093/1/1 1094/1/2 3/1/3 1/1/4
f 1094/1/2 1093/1/1 2/1/5 4/1/6
f 1094/1/2 1095/1/7 5/1/8 3/1/3
f 1095/1/7 1094/1/2 4/1/6 6/1/9
f 1095/1/7 1093/1/1 1/1/4 5/1/8
f 1093/1/1 1095/1/7 6/1/9 2/1/5
f 1096/1/10 1097/1/11 5/1/8 1/1/4
f 1097/1/11 1096/1/10 2/1/5 6/1/9
f 1097/1/11 1098/1/12 7/1/13 5/1/8
f 1098/1/12 1097/1/11 6/1/9 8/1/14
f 1098/1/12 1096/1/10 1/1/4 7/1/13
f 1096/1/10 1098/1/12 8/1/14 2/1/5
f 1099/1/15 1100/1/16 11/1/17 9/1/18
f 1100/1/16 1099/1/15 10/1/19 12/1/20
f 1100/1/16 1101/1/21 13/1/22 11/1/17
f 1101/1/21 1100/1/16 12/1/20 14/1/23
f 1101/1/21 1099/1/15 9/1/18 13/1/22
f 1099/1/15 1101/1/21 14/1/23 10/1/19
f 1102/1/24 1103/1/25 9/1/18 11/1/17
f 1103/1/25 1102/1/24 12/1/20 10/1/19
f 1103/1/25 1104/1/26 15/1/27 9/1/18
f 1104/1/26 1103/1/25 10/1/19 16/1/28
f 1104/1/26 1102/1/24 11/1/17 15/1/27
f 1102/1/24 1104/1/26 16/1/28 12/1/20
f 1105/1/29 1106/1/30 19/1/31 17/1/32
f 1106/1/30 1105/1/29 18/1/33 20/1/34
f 1106/1/30 1107/1/35 21/1/36 19/1/31
f 1107/1/35 1106/1/30 20/1/34 22/1/37
f 1107/1/35 1105/1/29 17/1/32 21/1/36
f 1105/1/29 1107/1/35 22/1/37 18/1/33
f 1108/1/38 1109/1/39 23/1/40 21/1/36
f 1109/1/39 1108/1/38 22/1/37 24/1/41
f 1109/1/39 1110/1/42 17/1/32 23/1/40
f 1110/1/42 1109/1/39 24/1/41 18/1/33
f 1110/1/42 1108/1/38 21/1/36 17/1/32
f 1108/1/38 1110/1/42 18/1/33 22/1/37
f 1111/1/43 1112/1/44 27/1/45 25/1/46
f 1112/1/44 1111/1/43 26/1/47 28/1/48
f 1112/1/44 1113/1/49 29/1/50 27/1/45
f 1113/1/49 1112/1/44 28/1/48 30/1/51
f 1113/1/49 1111/1/43 25/1/46 29/1/50
f 1111/1/43 1113/1/49 30/1/51 26/1/47
f 1114/1/52 1115/1/53 29/1/50 25/1/46
f 1115/1/53 1114/1/52 26/1/47 30/1/51
f 1115/1/53 1116/1/54 31/1/55 29/1/50
f 1116/1/54 1115/1/53 30/1/51 32/1/56
f 1116/1/54 1114/1/52 25/1/46 31/1/55
f 1114/1/52 1116/1/54 32/1/56 26/1/47
f 1117/1/57 1118/1/58 25/1/46 27/1/45
f 1118/1/58 1117/1/57 28/1/48 26/1/47
f 1118/1/58 1119/1/59 33/1/60 25/1/46
f 1119/1/59 1118/1/58 26/1/47 34/1/61
f 1119/1/59 1117/1/57 27/1/45 33/1/60
f 1117/1/57 1119/1/59 34/1/61 28/1/48
f 1120/1/62 1121/1/63 31/1/55 25/1/46
f 1121/1/63 1120/1/62 26/1/47 32/1/56
f 1121/1/63 1122/1/64 35/1/65 31/1/55
f 1122/1/64 1121/1/63 32/1/56 36/1/66
f 1122/1/64 1120/1/62 25/1/46 35/1/65
f 1120/1/62 1122/1/64 36/1/66 26/1/47
f 1123/1/67 1124/1/68 37/1/69 33/1/60
f 1124/1/68 1123/1/67 34/1/61 38/1/70
f 1124/1/68 1125/1/71 27/1/45 37/1/69
f 1125/1/71 1124/1/68 38/1/70 28/1/48
f 1125/1/71 1123/1/67 33/1/60 27/1/45
f 1123/1/67 1125/1/71 28/1/48 34/1/61
f 1126/1/72 1127/1/73 35/1/65 39/1/74
f 1127/1/73 1126/1/72 40/1/75 36/1/66
f 1127/1/73 1128/1/76 31/1/55 35/1/65
f 1128/1/76 1127/1/73 36/1/66 32/1/56
f 1128/1/76 1126/1/72 39/1/74 31/1/55
f 1126/1/72 1128/1/76 32/1/56 40/1/75
f 1129/1/77 1130/1/78 33/1/60 37/1/69
f 1130/1/78 1129/1/77 38/1/70 34/1/61
f 1130/1/78 1131/1/79 41/1/80 33/1/60
f 1131/1/79 1130/1/78 34/1/61 42/1/81
f 1131/1/79 1129/1/77 37/1/69 41/1/80
f 1129/1/77 1131/1/79 42/1/81 38/1/70
f 1132/1/82 1133/1/83 39/1/74 35/1/65
f 1133/1/83 1132/1/82 36/1/66 40/1/75
f 1133/1/83 1134/1/84 43/1/85 39/1/74
f 1134/1/84 1133/1/83 40/1/75 44/1/86
f 1134/1/84 1132/1/82 35/1/65 43/1/85
f 1132/1/82 1134/1/84 44/1/86 36/1/66
f 1135/1/87 1136/1/88 37/1/69 45/1/89
f 1136/1/88 1135/1/87 46/1/90 38/1/70
f 1136/1/88 1137/1/91 41/1/80 37/1/69
f 1137/1/91 1136/1/88 38/1/70 42/1/81
f 1137/1/91 1135/1/87 45/1/89 41/1/80
f 1135/1/87 1137/1/91 42/1/81 46/1/90
f 1138/1/92 1139/1/68 47/1/93 39/1/74
f 1139/1/68 1138/1/92 40/1/75 48/1/94
f 1139/1/68 1140/1/95 43/1/85 47/1/93
f 1140/1/95 1139/1/68 48/1/94 44/1/86
f 1140/1/95 1138/1/92 39/1/74 43/1/85
f 1138/1/92 1140/1/95 44/1/86 40/1/75
f 1141/1/96 1142/1/97 45/1/89 37/1/69
f 1142/1/97 1141/1/96 38/1/70 46/1/90
f 1142/1/97 1143/1/98 49/1/99 45/1/89
f 1143/1/98 1142/1/97 46/1/90 50/1/100
f 1143/1/98 1141/1/96 37/1/69 49/1/99
f 1141/1/96 1143/1/98 50/1/100 38/1/70
f 1144/1/101 1145/1/78 39/1/74 47/1/93
f 1145/1/78 1144/1/101 48/1/94 40/1/75
f 1145/1/78 1146/1/102 51/1/103 39/1/74
f 1146/1/102 1145/1/78 40/1/75 52/1/104
f 1146/1/102 1144/1/101 47/1/93 51/1/103
f 1144/1/101 1146/1/102 52/1/104 48/1/94
f 1147/1/105 1148/1/106 49/1/99 53/1/107
f 1148/1/106 1147/1/105 54/1/108 50/1/100
f 1148/1/106 1149/1/109 45/1/89 49/1/99
f 1149/1/109 1148/1/106 50/1/100 46/1/90
f 1149/1/109 1147/1/105 53/1/107 45/1/89
f 1147/1/105 1149/1/109 46/1/90 54/1/108
f 1150/1/110 1151/1/111 53/1/107 51/1/103
f 1151/1/111 1150/1/110 52/1/104 54/1/108
f 1151/1/111 1152/1/112 47/1/93 53/1/107
f 1152/1/112 1151/1/111 54/1/108 48/1/94
f 1152/1/112 1150/1/110 51/1/103 47/1/93
f 1150/1/110 1152/1/112 48/1/94 52/1/104
f 1153/1/113 1154/1/114 53/1/107 49/1/99
f 1154/1/114 1153/1/113 50/1/100 54/1/108
f 1154/1/114 1155/1/115 55/1/116 53/1/107
f 1155/1/115 1154/1/114 54/1/108 56/1/117
f 1155/1/115 1153/1/113 49/1/99 55/1/116
f 1153/1/113 1155/1/115 56/1/117 50/1/100
f 1156/1/118 1157/1/119 51/1/103 53/1/107
f 1157/1/119 1156/1/118 54/1/108 52/1/104
f 1157/1/119 1158/1/120 55/1/116 51/1/103
f 1158/1/120 1157/1/119 52/1/104 56/1/117
f 1158/1/120 1156/1/118 53/1/107 55/1/116
f 1156/1/118 1158/1/120 56/1/117 54/1/108
f 1159/1/121 1160/1/122 59/1/123 57/1/124
f 1160/1/122 1159/1/121 58/1/125 60/1/126
f 1160/1/122 1161/1/127 61/1/128 59/1/123
f 1161/1/127 1160/1/122 60/1/126 62/1/129
f 1161/1/127 1159/1/121 57/1/124 61/1/128
f 1159/1/121 1161/1/127 62/1/129 58/1/125
f 1162/1/130 1163/1/131 59/1/123 61/1/128
f 1163/1/131 1162/1/130 62/1/129 60/1/126
f 1163/1/131 1164/1/132 63/1/133 59/1/123
f 1164/1/132 1163/1/131 60/1/126 64/1/134
f 1164/1/132 1162/1/130 61/1/128 63/1/133
f 1162/1/130 1164/1/132 64/1/134 62/1/129
f 1165/1/135 1166/1/136 65/1/137 63/1/133
f 1166/1/136 1165/1/135 64/1/134 66/1/138
f 1166/1/136 1167/1/139 61/1/128 65/1/137
f 1167/1/139 1166/1/136 66/1/138 62/1/129
f 1167/1/139 1165/1/135 63/1/133 61/1/128
f 1165/1/135 1167/1/139 62/1/129 64/1/134
f 1168/1/140 1169/1/141 61/1/128 67/1/142
f 1169/1/141 1168/1/140 68/1/143 62/1/129
f 1169/1/141 1170/1/144 65/1/137 61/1/128
f 1170/1/144 1169/1/141 62/1/129 66/1/138
f 1170/1/144 1168/1/140 67/1/142 65/1/137
f 1168/1/140 1170/1/144 66/1/138 68/1/143
f 1171/1/145 1172/1/146 57/1/124 59/1/123
f 1172/1/146 1171/1/145 60/1/126 58/1/125
f 1172/1/146 1173/1/147 69/1/148 57/1/124
f 1173/1/147 1172/1/146 58/1/125 70/1/149
f 1173/1/147 1171/1/145 59/1/123 69/1/148
f 1171/1/145 1173/1/147 70/1/149 60/1/126
f 1174/1/150 1175/1/151 71/1/152 61/1/128
f 1175/1/151 1174/1/150 62/1/129 72/1/153
f 1175/1/151 1176/1/154 57/1/124 71/1/152
f 1176/1/154 1175/1/151 72/1/153 58/1/125
f 1176/1/154 1174/1/150 61/1/128 57/1/124
f 1174/1/150 1176/1/154 58/1/125 62/1/129
f 1177/1/155 1178/1/43 73/1/156 57/1/124
f 1178/1/43 1177/1/155 58/1/125 74/1/157
f 1178/1/43 1179/1/158 69/1/148 73/1/156
f 1179/1/158 1178/1/43 74/1/157 70/1/149
f 1179/1/158 1177/1/155 57/1/124 69/1/148
f 1177/1/155 1179/1/158 70/1/149 58/1/125
f 1180/1/159 1181/1/160 75/1/161 73/1/156
f 1181/1/160 1180/1/159 74/1/157 76/1/162
f 1181/1/160 1182/1/163 69/1/148 75/1/161
f 1182/1/163 1181/1/160 76/1/162 70/1/149
f 1182/1/163 1180/1/159 73/1/156 69/1/148
f 1180/1/159 1182/1/163 70/1/149 74/1/157
f 1183/1/164 1184/1/165 73/1/156 75/1/161
f 1184/1/165 1183/1/164 76/1/162 74/1/157
f 1184/1/165 1185/1/166 77/1/167 73/1/156
f 1185/1/166 1184/1/165 74/1/157 78/1/168
f 1185/1/166 1183/1/164 75/1/161 77/1/167
f 1183/1/164 1185/1/166 78/1/168 76/1/162
f 1186/1/169 1187/1/170 79/1/171 71/1/152
f 1187/1/170 1186/1/169 72/1/153 80/1/172
f 1187/1/170 1188/1/173 57/1/124 79/1/171
f 1188/1/173 1187/1/170 80/1/172 58/1/125
f 1188/1/173 1186/1/169 71/1/152 57/1/124
f 1186/1/169 1188/1/173 58/1/125 72/1/153
f 1189/1/174 1190/1/175 71/1/152 79/1/171
f 1190/1/175 1189/1/174 80/1/172 72/1/153
f 1190/1/175 1191/1/176 81/1/177 71/1/152
f 1191/1/176 1190/1/175 72/1/153 82/1/178
f 1191/1/176 1189/1/174 79/1/171 81/1/177
f 1189/1/174 1191/1/176 82/1/178 80/1/172
f 1192/1/179 1193/1/180 71/1/152 81/1/177
f 1193/1/180 1192/1/179 82/1/178 72/1/153
f 1193/1/180 1194/1/181 83/1/182 71/1/152
f 1194/1/181 1193/1/180 72/1/153 84/1/183
f 1194/1/181 1192/1/179 81/1/177 83/1/182
f 1192/1/179 1194/1/181 84/1/183 82/1/178
f 1195/1/184 1196/1/185 87/1/186 85/1/187
f 1196/1/185 1195/1/184 86/1/188 88/1/189
f 1196/1/185 1197/1/190 89/1/191 87/1/186
f 1197/1/190 1196/1/185 88/1/189 90/1/192
f 1197/1/190 1195/1/184 85/1/187 89/1/191
f 1195/1/184 1197/1/190 90/1/192 86/1/188
f 1198/1/193 1199/1/194 91/1/195 89/1/191
f 1199/1/194 1198/1/193 90/1/192 92/1/196
f 1199/1/194 1200/1/197 85/1/187 91/1/195
f 1200/1/197 1199/1/194 92/1/196 86/1/188
f 1200/1/197 1198/1/193 89/1/191 85/1/187
f 1198/1/193 1200/1/197 86/1/188 90/1/192
f 1201/1/198 1202/1/199 89/1/191 91/1/195
f 1202/1/199 1201/1/198 92/1/196 90/1/192
f 1202/1/199 1203/1/200 93/1/201 89/1/191
f 1203/1/200 1202/1/199 90/1/192 94/1/202
f 1203/1/200 1201/1/198 91/1/195 93/1/201
f 1201/1/198 1203/1/200 94/1/202 92/1/196
f 1204/1/203 1205/1/204 85/1/187 87/1/186
f 1205/1/204 1204/1/203 88/1/189 86/1/188
f 1205/1/204 1206/1/205 95/1/206 85/1/187
f 1206/1/205 1205/1/204 86/1/188 96/1/207
f 1206/1/205 1204/1/203 87/1/186 95/1/206
f 1204/1/203 1206/1/205 96/1/207 88/1/189
f 1207/1/208 1208/1/209 85/1/187 97/1/210
f 1208/1/209 1207/1/208 98/1/211 86/1/188
f 1208/1/209 1209/1/212 91/1/195 85/1/187
f 1209/1/212 1208/1/209 86/1/188 92/1/196
f 1209/1/212 1207/1/208 97/1/210 91/1/195
f 1207/1/208 1209/1/212 92/1/196 98/1/211
f 1210/1/213 1211/1/214 97/1/210 93/1/201
f 1211/1/214 1210/1/213 94/1/202 98/1/211
f 1211/1/214 1212/1/215 91/1/195 97/1/210
f 1212/1/215 1211/1/214 98/1/211 92/1/196
f 1212/1/215 1210/1/213 93/1/201 91/1/195
f 1210/1/213 1212/1/215 92/1/196 94/1/202
f 1213/1/216 1214/1/217 95/1/206 97/1/210
f 1214/1/217 1213/1/216 98/1/211 96/1/207
f 1214/1/217 1215/1/218 85/1/187 95/1/206
f 1215/1/218 1214/1/217 96/1/207 86/1/188
f 1215/1/218 1213/1/216 97/1/210 85/1/187
f 1213/1/216 1215/1/218 86/1/188 98/1/211
f 1216/1/219 1217/1/220 93/1/201 97/1/210
f 1217/1/220 1216/1/219 98/1/211 94/1/202
f 1217/1/220 1218/1/221 99/1/222 93/1/201
f 1218/1/221 1217/1/220 94/1/202 100/1/223
f 1218/1/221 1216/1/219 97/1/210 99/1/222
f 1216/1/219 1218/1/221 100/1/223 98/1/211
f 1219/1/224 1220/1/225 101/1/226 95/1/206
f 1220/1/225 1219/1/224 96/1/207 102/1/227
f 1220/1/225 1221/1/228 87/1/186 101/1/226
f 1221/1/228 1220/1/225 102/1/227 88/1/189
f 1221/1/228 1219/1/224 95/1/206 87/1/186
f 1219/1/224 1221/1/228 88/1/189 96/1/207
f 1222/1/229 1223/1/230 103/1/231 99/1/222
f 1223/1/230 1222/1/229 100/1/223 104/1/232
f 1223/1/230 1224/1/233 97/1/210 103/1/231
f 1224/1/233 1223/1/230 104/1/232 98/1/211
f 1224/1/233 1222/1/229 99/1/222 97/1/210
f 1222/1/229 1224/1/233 98/1/211 100/1/223
f 1225/1/234 1226/1/235 97/1/210 95/1/206
f 1226/1/235 1225/1/234 96/1/207 98/1/211
f 1226/1/235 1227/1/236 103/1/231 97/1/210
f 1227/1/236 1226/1/235 98/1/211 104/1/232
f 1227/1/236 1225/1/234 95/1/206 103/1/231
f 1225/1/234 1227/1/236 104/1/232 96/1/207
f 1228/1/237 1229/1/238 99/1/222 103/1/231
f 1229/1/238 1228/1/237 104/1/232 100/1/223
f 1229/1/238 1230/1/239 105/1/240 99/1/222
f 1230/1/239 1229/1/238 100/1/223 106/1/241
f 1230/1/239 1228/1/237 103/1/231 105/1/240
f 1228/1/237 1230/1/239 106/1/241 104/1/232
f 1231/1/242 1232/1/243 95/1/206 101/1/226
f 1232/1/243 1231/1/242 102/1/227 96/1/207
f 1232/1/243 1233/1/244 107/1/245 95/1/206
f 1233/1/244 1232/1/243 96/1/207 108/1/246
f 1233/1/244 1231/1/242 101/1/226 107/1/245
f 1231/1/242 1233/1/244 108/1/246 102/1/227
f 1234/1/247 1235/1/248 103/1/231 95/1/206
f 1235/1/248 1234/1/247 96/1/207 104/1/232
f 1235/1/248 1236/1/249 107/1/245 103/1/231
f 1236/1/249 1235/1/248 104/1/232 108/1/246
f 1236/1/249 1234/1/247 95/1/206 107/1/245
f 1234/1/247 1236/1/249 108/1/246 96/1/207
f 1237/1/250 1238/1/251 107/1/245 101/1/226
f 1238/1/251 1237/1/250 102/1/227 108/1/246
f 1238/1/251 1239/1/252 109/1/253 107/1/245
f 1239/1/252 1238/1/251 108/1/246 110/1/254
f 1239/1/252 1237/1/250 101/1/226 109/1/253
f 1237/1/250 1239/1/252 110/1/254 102/1/227
f 1240/1/255 1241/1/256 111/1/257 105/1/240
f 1241/1/256 1240/1/255 106/1/241 112/1/258
f 1241/1/256 1242/1/259 103/1/231 111/1/257
f 1242/1/259 1241/1/256 112/1/258 104/1/232
f 1242/1/259 1240/1/255 105/1/240 103/1/231
f 1240/1/255 1242/1/259 104/1/232 106/1/241
f 1243/1/260 1244/1/261 107/1/245 111/1/257
f 1244/1/261 1243/1/260 112/1/258 108/1/246
f 1244/1/261 1245/1/262 103/1/231 107/1/245
f 1245/1/262 1244/1/261 108/1/246 104/1/232
f 1245/1/262 1243/1/260 111/1/257 103/1/231
f 1243/1/260 1245/1/262 104/1/232 112/1/258
f 1246/1/263 1247/1/264 105/1/240 111/1/257
f 1247/1/264 1246/1/263 112/1/258 106/1/241
f 1247/1/264 1248/1/265 113/1/266 105/1/240
f 1248/1/265 1247/1/264 106/1/241 114/1/267
f 1248/1/265 1246/1/263 111/1/257 113/1/266
f 1246/1/263 1248/1/265 114/1/267 112/1/258
f 1249/1/268 1250/1/269 109/1/253 115/1/270
f 1250/1/269 1249/1/268 116/1/271 110/1/254
f 1250/1/269 1251/1/272 107/1/245 109/1/253
f 1251/1/272 1250/1/269 110/1/254 108/1/246
f 1251/1/272 1249/1/268 115/1/270 107/1/245
f 1249/1/268 1251/1/272 108/1/246 116/1/271
f 1252/1/273 1253/1/274 111/1/257 107/1/245
f 1253/1/274 1252/1/273 108/1/246 112/1/258
f 1253/1/274 1254/1/275 115/1/270 111/1/257
f 1254/1/275 1253/1/274 112/1/258 116/1/271
f 1254/1/275 1252/1/273 107/1/245 115/1/270
f 1252/1/273 1254/1/275 116/1/271 108/1/246
f 1255/1/276 1256/1/277 115/1/270 109/1/253
f 1256/1/277 1255/1/276 110/1/254 116/1/271
f 1256/1/277 1257/1/278 113/1/266 115/1/270
f 1257/1/278 1256/1/277 116/1/271 114/1/267
f 1257/1/278 1255/1/276 109/1/253 113/1/266
f 1255/1/276 1257/1/278 114/1/267 110/1/254
f 1258/1/279 1259/1/280 113/1/266 111/1/257
f 1259/1/280 1258/1/279 112/1/258 114/1/267
f 1259/1/280 1260/1/281 115/1/270 113/1/266
f 1260/1/281 1259/1/280 114/1/267 116/1/271
f 1260/1/281 1258/1/279 111/1/257 115/1/270
f 1258/1/279 1260/1/281 116/1/271 112/1/258
f 1261/1/282 1262/1/283 119/1/284 117/1/285
f 1262/1/283 1261/1/282 118/1/286 120/1/287
f 1262/1/283 1263/1/288 121/1/289 119/1/284
f 1263/1/288 1262/1/283 120/1/287 122/1/290
f 1263/1/288 1261/1/282 117/1/285 121/1/289
f 1261/1/282 1263/1/288 122/1/290 118/1/286
f 1264/1/291 1265/1/292 121/1/289 117/1/285
f 1265/1/292 1264/1/291 118/1/286 122/1/290
f 1265/1/292 1266/1/293 123/1/294 121/1/289
f 1266/1/293 1265/1/292 122/1/290 124/1/295
f 1266/1/293 1264/1/291 117/1/285 123/1/294
f 1264/1/291 1266/1/293 124/1/295 118/1/286
f 1267/1/296 1268/1/140 127/1/297 125/1/298
f 1268/1/140 1267/1/296 126/1/299 128/1/142
f 1268/1/140 1269/1/300 129/1/301 127/1/297
f 1269/1/300 1268/1/140 128/1/142 130/1/302
f 1269/1/300 1267/1/296 125/1/298 129/1/301
f 1267/1/296 1269/1/300 130/1/302 126/1/299
f 1270/1/303 1271/1/304 129/1/301 125/1/298
f 1271/1/304 1270/1/303 126/1/299 130/1/302
f 1271/1/304 1272/1/135 131/1/305 129/1/301
f 1272/1/135 1271/1/304 130/1/302 132/1/306
f 1272/1/135 1270/1/303 125/1/298 131/1/305
f 1270/1/303 1272/1/135 132/1/306 126/1/299
f 1273/1/296 1274/1/140 135/1/307 133/1/298
f 1274/1/140 1273/1/296 134/1/299 136/1/142
f 1274/1/140 1275/1/300 137/1/301 135/1/307
f 1275/1/300 1274/1/140 136/1/142 138/1/302
f 1275/1/300 1273/1/296 133/1/298 137/1/301
f 1273/1/296 1275/1/300 138/1/302 134/1/299
f 1276/1/303 1277/1/304 137/1/301 133/1/298
f 1277/1/304 1276/1/303 134/1/299 138/1/302
f 1277/1/304 1278/1/135 139/1/305 137/1/301
f 1278/1/135 1277/1/304 138/1/302 140/1/306
f 1278/1/135 1276/1/303 133/1/298 139/1/305
f 1276/1/303 1278/1/135 140/1/306 134/1/299
f 1279/1/308 1280/1/309 143/1/310 141/1/311
f 1280/1/309 1279/1/308 142/1/312 144/1/313
f 1280/1/309 1281/1/314 145/1/315 143/1/310
f 1281/1/314 1280/1/309 144/1/313 146/1/316
f 1281/1/314 1279/1/308 141/1/311 145/1/315
f 1279/1/308 1281/1/314 146/1/316 142/1/312
f 1282/1/317 1283/1/318 141/1/311 143/1/310
f 1283/1/318 1282/1/317 144/1/313 142/1/312
f 1283/1/318 1284/1/319 147/1/320 141/1/311
f 1284/1/319 1283/1/318 142/1/312 148/1/321
f 1284/1/319 1282/1/317 143/1/310 147/1/320
f 1282/1/317 1284/1/319 148/1/321 144/1/313
f 1285/1/322 1286/1/323 151/1/324 149/1/325
f 1286/1/323 1285/1/322 150/1/326 152/1/327
f 1286/1/323 1287/1/328 153/1/329 151/1/324
f 1287/1/328 1286/1/323 152/1/327 154/1/330
f 1287/1/328 1285/1/322 149/1/325 153/1/329
f 1285/1/322 1287/1/328 154/1/330 150/1/326
f 1288/1/331 1289/1/332 149/1/325 151/1/324
f 1289/1/332 1288/1/331 152/1/327 150/1/326
f 1289/1/332 1290/1/333 155/1/334 149/1/325
f 1290/1/333 1289/1/332 150/1/326 156/1/335
f 1290/1/333 1288/1/331 151/1/324 155/1/334
f 1288/1/331 1290/1/333 156/1/335 152/1/327
f 1291/1/336 1292/1/337 159/1/338 157/1/339
f 1292/1/337 1291/1/336 158/1/340 160/1/341
f 1292/1/337 1293/1/342 161/1/343 159/1/338
f 1293/1/342 1292/1/337 160/1/341 162/1/344
f 1293/1/342 1291/1/336 157/1/339 161/1/343
f 1291/1/336 1293/1/342 162/1/344 158/1/340
f 1294/1/345 1295/1/346 157/1/339 159/1/338
f 1295/1/346 1294/1/345 160/1/341 158/1/340
f 1295/1/346 1296/1/347 163/1/348 157/1/339
f 1296/1/347 1295/1/346 158/1/340 164/1/349
f 1296/1/347 1294/1/345 159/1/338 163/1/348
f 1294/1/345 1296/1/347 164/1/349 160/1/341
f 1297/1/336 1298/1/337 167/1/338 165/1/339
f 1298/1/337 1297/1/336 166/1/340 168/1/341
f 1298/1/337 1299/1/342 169/1/343 167/1/338
f 1299/1/342 1298/1/337 168/1/341 170/1/344
f 1299/1/342 1297/1/336 165/1/339 169/1/343
f 1297/1/336 1299/1/342 170/1/344 166/1/340
f 1300/1/345 1301/1/346 165/1/339 167/1/338
f 1301/1/346 1300/1/345 168/1/341 166/1/340
f 1301/1/346 1302/1/347 171/1/350 165/1/339
f 1302/1/347 1301/1/346 166/1/340 172/1/349
f 1302/1/347 1300/1/345 167/1/338 171/1/350
f 1300/1/345 1302/1/347 172/1/349 168/1/341
f 1303/1/351 1304/1/352 175/1/353 173/1/354
f 1304/1/352 1303/1/351 174/1/355 176/1/356
f 1304/1/352 1305/1/140 177/1/357 175/1/353
f 1305/1/140 1304/1/352 176/1/356 178/1/358
f 1305/1/140 1303/1/351 173/1/354 177/1/357
f 1303/1/351 1305/1/140 178/1/358 174/1/355
f 1306/1/359 1307/1/360 173/1/354 175/1/353
f 1307/1/360 1306/1/359 176/1/356 174/1/355
f 1307/1/360 1308/1/361 179/1/362 173/1/354
f 1308/1/361 1307/1/360 174/1/355 180/1/363
f 1308/1/361 1306/1/359 175/1/353 179/1/362
f 1306/1/359 1308/1/361 180/1/363 176/1/356
f 1309/1/364 1310/1/365 177/1/357 181/1/366
f 1310/1/365 1309/1/364 182/1/367 178/1/358
f 1310/1/365 1311/1/368 175/1/353 177/1/357
f 1311/1/368 1310/1/365 178/1/358 176/1/356
f 1311/1/368 1309/1/364 181/1/366 175/1/353
f 1309/1/364 1311/1/368 176/1/356 182/1/367
f 1312/1/369 1313/1/370 183/1/371 181/1/366
f 1313/1/370 1312/1/369 182/1/367 184/1/372
f 1313/1/370 1314/1/373 177/1/357 183/1/371
f 1314/1/373 1313/1/370 184/1/372 178/1/358
f 1314/1/373 1312/1/369 181/1/366 177/1/357
f 1312/1/369 1314/1/373 178/1/358 182/1/367
f 1315/1/351 1316/1/374 183/1/371 177/1/357
f 1316/1/374 1315/1/351 178/1/358 184/1/372
f 1316/1/374 1317/1/140 185/1/375 183/1/371
f 1317/1/140 1316/1/374 184/1/372 186/1/376
f 1317/1/140 1315/1/351 177/1/357 185/1/375
f 1315/1/351 1317/1/140 186/1/376 178/1/358
f 1318/1/377 1319/1/378 181/1/366 183/1/371
f 1319/1/378 1318/1/377 184/1/372 182/1/367
f 1319/1/378 1320/1/181 187/1/379 181/1/366
f 1320/1/181 1319/1/378 182/1/367 188/1/380
f 1320/1/181 1318/1/377 183/1/371 187/1/379
f 1318/1/377 1320/1/181 188/1/380 184/1/372
f 1321/1/381 1322/1/382 191/1/383 189/1/384
f 1322/1/382 1321/1/381 190/1/385 192/1/386
f 1322/1/382 1323/1/387 193/1/388 191/1/383
f 1323/1/387 1322/1/382 192/1/386 194/1/389
f 1323/1/387 1321/1/381 189/1/384 193/1/388
f 1321/1/381 1323/1/387 194/1/389 190/1/385
f 1324/1/390 1325/1/391 189/1/384 191/1/383
f 1325/1/391 1324/1/390 192/1/386 190/1/385
f 1325/1/391 1326/1/392 195/1/393 189/1/384
f 1326/1/392 1325/1/391 190/1/385 196/1/394
f 1326/1/392 1324/1/390 191/1/383 195/1/393
f 1324/1/390 1326/1/392 196/1/394 192/1/386
f 1327/1/395 1328/1/396 193/1/388 197/1/397
f 1328/1/396 1327/1/395 198/1/398 194/1/389
f 1328/1/396 1329/1/399 191/1/383 193/1/388
f 1329/1/399 1328/1/396 194/1/389 192/1/386
f 1329/1/399 1327/1/395 197/1/397 191/1/383
f 1327/1/395 1329/1/399 192/1/386 198/1/398
f 1330/1/400 1331/1/401 199/1/402 197/1/397
f 1331/1/401 1330/1/400 198/1/398 200/1/403
f 1331/1/401 1332/1/404 193/1/388 199/1/402
f 1332/1/404 1331/1/401 200/1/403 194/1/389
f 1332/1/404 1330/1/400 197/1/397 193/1/388
f 1330/1/400 1332/1/404 194/1/389 198/1/398
f 1333/1/405 1334/1/406 199/1/402 193/1/388
f 1334/1/406 1333/1/405 194/1/389 200/1/403
f 1334/1/406 1335/1/407 201/1/408 199/1/402
f 1335/1/407 1334/1/406 200/1/403 202/1/409
f 1335/1/407 1333/1/405 193/1/388 201/1/408
f 1333/1/405 1335/1/407 202/1/409 194/1/389
f 1336/1/410 1337/1/411 201/1/408 203/1/412
f 1337/1/411 1336/1/410 204/1/413 202/1/409
f 1337/1/411 1338/1/414 199/1/402 201/1/408
f 1338/1/414 1337/1/411 202/1/409 200/1/403
f 1338/1/414 1336/1/410 203/1/412 199/1/402
f 1336/1/410 1338/1/414 200/1/403 204/1/413
f 1339/1/415 1340/1/416 203/1/412 201/1/408
f 1340/1/416 1339/1/415 202/1/409 204/1/413
f 1340/1/416 1341/1/417 205/1/418 203/1/412
f 1341/1/417 1340/1/416 204/1/413 206/1/419
f 1341/1/417 1339/1/415 201/1/408 205/1/418
f 1339/1/415 1341/1/417 206/1/419 202/1/409
f 1342/1/420 1343/1/421 207/1/422 203/1/412
f 1343/1/421 1342/1/420 204/1/413 208/1/423
f 1343/1/421 1344/1/424 205/1/418 207/1/422
f 1344/1/424 1343/1/421 208/1/423 206/1/419
f 1344/1/424 1342/1/420 203/1/412 205/1/418
f 1342/1/420 1344/1/424 206/1/419 204/1/413
f 1345/1/425 1346/1/426 203/1/412 207/1/422
f 1346/1/426 1345/1/425 208/1/423 204/1/413
f 1346/1/426 1347/1/427 209/1/428 203/1/412
f 1347/1/427 1346/1/426 204/1/413 210/1/429
f 1347/1/427 1345/1/425 207/1/422 209/1/428
f 1345/1/425 1347/1/427 210/1/429 208/1/423
f 1348/1/430 1349/1/431 209/1/428 207/1/422
f 1349/1/431 1348/1/430 208/1/423 210/1/429
f 1349/1/431 1350/1/432 211/1/433 209/1/428
f 1350/1/432 1349/1/431 210/1/429 212/1/434
f 1350/1/432 1348/1/430 207/1/422 211/1/433
f 1348/1/430 1350/1/432 212/1/434 208/1/423
f 1351/1/435 1352/1/436 213/1/437 211/1/433
f 1352/1/436 1351/1/435 212/1/434 214/1/438
f 1352/1/436 1353/1/439 207/1/422 213/1/437
f 1353/1/439 1352/1/436 214/1/438 208/1/423
f 1353/1/439 1351/1/435 211/1/433 207/1/422
f 1351/1/435 1353/1/439 208/1/423 212/1/434
f 1354/1/440 1355/1/441 217/1/442 215/1/443
f 1355/1/441 1354/1/440 216/1/444 218/1/445
f 1355/1/441 1356/1/446 219/1/447 217/1/442
f 1356/1/446 1355/1/441 218/1/445 220/1/448
f 1356/1/446 1354/1/440 215/1/443 219/1/447
f 1354/1/440 1356/1/446 220/1/448 216/1/444
f 1357/1/449 1358/1/450 221/1/451 217/1/442
f 1358/1/450 1357/1/449 218/1/445 222/1/452
f 1358/1/450 1359/1/453 219/1/447 221/1/451
f 1359/1/453 1358/1/450 222/1/452 220/1/448
f 1359/1/453 1357/1/449 217/1/442 219/1/447
f 1357/1/449 1359/1/453 220/1/448 218/1/445
f 1360/1/454 1361/1/455 223/1/456 217/1/442
f 1361/1/455 1360/1/454 218/1/445 224/1/457
f 1361/1/455 1362/1/458 221/1/451 223/1/456
f 1362/1/458 1361/1/455 224/1/457 222/1/452
f 1362/1/458 1360/1/454 217/1/442 221/1/451
f 1360/1/454 1362/1/458 222/1/452 218/1/445
f 1363/1/459 1364/1/460 217/1/442 223/1/456
f 1364/1/460 1363/1/459 224/1/457 218/1/445
f 1364/1/460 1365/1/440 225/1/461 217/1/442
f 1365/1/440 1364/1/460 218/1/445 226/1/462
f 1365/1/440 1363/1/459 223/1/456 225/1/461
f 1363/1/459 1365/1/440 226/1/462 224/1/457
f 1366/1/463 1367/1/464 227/1/465 219/1/447
f 1367/1/464 1366/1/463 220/1/448 228/1/466
f 1367/1/464 1368/1/467 215/1/443 227/1/465
f 1368/1/467 1367/1/464 228/1/466 216/1/444
f 1368/1/467 1366/1/463 219/1/447 215/1/443
f 1366/1/463 1368/1/467 216/1/444 220/1/448
f 1369/1/440 1370/1/468 215/1/443 229/1/469
f 1370/1/468 1369/1/440 230/1/470 216/1/444
f 1370/1/468 1371/1/471 227/1/465 215/1/443
f 1371/1/471 1370/1/468 216/1/444 228/1/466
f 1371/1/471 1369/1/440 229/1/469 227/1/465
f 1369/1/440 1371/1/471 228/1/466 230/1/470
f 1372/1/472 1373/1/473 227/1/465 229/1/469
f 1373/1/473 1372/1/472 230/1/470 228/1/466
f 1373/1/473 1374/1/474 231/1/475 227/1/465
f 1374/1/474 1373/1/473 228/1/466 232/1/476
f 1374/1/474 1372/1/472 229/1/469 231/1/475
f 1372/1/472 1374/1/474 232/1/476 230/1/470
f 1375/1/477 1376/1/478 233/1/479 231/1/475
f 1376/1/478 1375/1/477 232/1/476 234/1/480
f 1376/1/478 1377/1/481 229/1/469 233/1/479
f 1377/1/481 1376/1/478 234/1/480 230/1/470
f 1377/1/481 1375/1/477 231/1/475 229/1/469
f 1375/1/477 1377/1/481 230/1/470 232/1/476
f 1378/1/482 1379/1/483 233/1/479 235/1/484
f 1379/1/483 1378/1/482 236/1/485 234/1/480
f 1379/1/483 1380/1/486 231/1/475 233/1/479
f 1380/1/486 1379/1/483 234/1/480 232/1/476
f 1380/1/486 1378/1/482 235/1/484 231/1/475
f 1378/1/482 1380/1/486 232/1/476 236/1/485
f 1381/1/487 1382/1/488 235/1/484 233/1/479
f 1382/1/488 1381/1/487 234/1/480 236/1/485
f 1382/1/488 1383/1/489 237/1/490 235/1/484
f 1383/1/489 1382/1/488 236/1/485 238/1/491
f 1383/1/489 1381/1/487 233/1/479 237/1/490
f 1381/1/487 1383/1/489 238/1/491 234/1/480
f 1384/1/458 1385/1/454 241/1/492 239/1/451
f 1385/1/454 1384/1/458 240/1/452 242/1/493
f 1385/1/454 1386/1/455 243/1/456 241/1/492
f 1386/1/455 1385/1/454 242/1/493 244/1/457
f 1386/1/455 1384/1/458 239/1/451 243/1/456
f 1384/1/458 1386/1/455 244/1/457 240/1/452
f 1387/1/494 1388/1/450 239/1/451 241/1/492
f 1388/1/450 1387/1/494 242/1/493 240/1/452
f 1388/1/450 1389/1/495 245/1/496 239/1/451
f 1389/1/495 1388/1/450 240/1/452 246/1/497
f 1389/1/495 1387/1/494 241/1/492 245/1/496
f 1387/1/494 1389/1/495 246/1/497 242/1/493
f 1390/1/498 1391/1/459 243/1/456 247/1/499
f 1391/1/459 1390/1/498 248/1/500 244/1/457
f 1391/1/459 1392/1/501 241/1/492 243/1/456
f 1392/1/501 1391/1/459 244/1/457 242/1/493
f 1392/1/501 1390/1/498 247/1/499 241/1/492
f 1390/1/498 1392/1/501 242/1/493 248/1/500
f 1393/1/502 1394/1/495 249/1/503 241/1/492
f 1394/1/495 1393/1/502 242/1/493 250/1/504
f 1394/1/495 1395/1/505 247/1/499 249/1/503
f 1395/1/505 1394/1/495 250/1/504 248/1/500
f 1395/1/505 1393/1/502 241/1/492 247/1/499
f 1393/1/502 1395/1/505 248/1/500 242/1/493
f 1396/1/463 1397/1/464 251/1/465 249/1/503
f 1397/1/464 1396/1/463 250/1/504 252/1/466
f 1397/1/464 1398/1/467 247/1/499 251/1/465
f 1398/1/467 1397/1/464 252/1/466 248/1/500
f 1398/1/467 1396/1/463 249/1/503 247/1/499
f 1396/1/463 1398/1/467 248/1/500 250/1/504
f 1399/1/440 1400/1/468 247/1/499 253/1/469
f 1400/1/468 1399/1/440 254/1/470 248/1/500
f 1400/1/468 1401/1/471 251/1/465 247/1/499
f 1401/1/471 1400/1/468 248/1/500 252/1/466
f 1401/1/471 1399/1/440 253/1/469 251/1/465
f 1399/1/440 1401/1/471 252/1/466 254/1/470
f 1402/1/472 1403/1/473 251/1/465 253/1/469
f 1403/1/473 1402/1/472 254/1/470 252/1/466
f 1403/1/473 1404/1/474 255/1/475 251/1/465
f 1404/1/474 1403/1/473 252/1/466 256/1/506
f 1404/1/474 1402/1/472 253/1/469 255/1/475
f 1402/1/472 1404/1/474 256/1/506 254/1/470
f 1405/1/477 1406/1/478 257/1/479 255/1/475
f 1406/1/478 1405/1/477 256/1/506 258/1/480
f 1406/1/478 1407/1/481 253/1/469 257/1/479
f 1407/1/481 1406/1/478 258/1/480 254/1/470
f 1407/1/481 1405/1/477 255/1/475 253/1/469
f 1405/1/477 1407/1/481 254/1/470 256/1/506
f 1408/1/482 1409/1/483 257/1/479 259/1/484
f 1409/1/483 1408/1/482 260/1/485 258/1/480
f 1409/1/483 1410/1/486 255/1/475 257/1/479
f 1410/1/486 1409/1/483 258/1/480 256/1/506
f 1410/1/486 1408/1/482 259/1/484 255/1/475
f 1408/1/482 1410/1/486 256/1/506 260/1/485
f 1411/1/487 1412/1/488 259/1/484 257/1/479
f 1412/1/488 1411/1/487 258/1/480 260/1/485
f 1412/1/488 1413/1/489 261/1/490 259/1/484
f 1413/1/489 1412/1/488 260/1/485 262/1/491
f 1413/1/489 1411/1/487 257/1/479 261/1/490
f 1411/1/487 1413/1/489 262/1/491 258/1/480
f 1414/1/507 1415/1/508 265/1/509 263/1/510
f 1415/1/508 1414/1/507 264/1/511 266/1/512
f 1415/1/508 1416/1/513 267/1/514 265/1/509
f 1416/1/513 1415/1/508 266/1/512 268/1/515
f 1416/1/513 1414/1/507 263/1/510 267/1/514
f 1414/1/507 1416/1/513 268/1/515 264/1/511
f 1417/1/516 1418/1/517 269/1/518 265/1/509
f 1418/1/517 1417/1/516 266/1/512 270/1/519
f 1418/1/517 1419/1/520 267/1/514 269/1/518
f 1419/1/520 1418/1/517 270/1/519 268/1/515
f 1419/1/520 1417/1/516 265/1/509 267/1/514
f 1417/1/516 1419/1/520 268/1/515 266/1/512
f 1420/1/521 1421/1/522 269/1/518 271/1/523
f 1421/1/522 1420/1/521 272/1/524 270/1/519
f 1421/1/522 1422/1/525 265/1/509 269/1/518
f 1422/1/525 1421/1/522 270/1/519 266/1/512
f 1422/1/525 1420/1/521 271/1/523 265/1/509
f 1420/1/521 1422/1/525 266/1/512 272/1/524
f 1423/1/526 1424/1/527 267/1/514 263/1/510
f 1424/1/527 1423/1/526 264/1/511 268/1/515
f 1424/1/527 1425/1/528 273/1/529 267/1/514
f 1425/1/528 1424/1/527 268/1/515 274/1/530
f 1425/1/528 1423/1/526 263/1/510 273/1/529
f 1423/1/526 1425/1/528 274/1/530 264/1/511
f 1426/1/531 1427/1/532 273/1/529 263/1/510
f 1427/1/532 1426/1/531 264/1/511 274/1/530
f 1427/1/532 1428/1/533 275/1/534 273/1/529
f 1428/1/533 1427/1/532 274/1/530 276/1/535
f 1428/1/533 1426/1/531 263/1/510 275/1/534
f 1426/1/531 1428/1/533 276/1/535 264/1/511
f 1429/1/536 1430/1/537 273/1/529 275/1/534
f 1430/1/537 1429/1/536 276/1/535 274/1/530
f 1430/1/537 1431/1/538 277/1/539 273/1/529
f 1431/1/538 1430/1/537 274/1/530 278/1/540
f 1431/1/538 1429/1/536 275/1/534 277/1/539
f 1429/1/536 1431/1/538 278/1/540 276/1/535
f 1432/1/79 1433/1/541 281/1/542 279/1/543
f 1433/1/541 1432/1/79 280/1/544 282/1/545
f 1433/1/541 1434/1/546 283/1/547 281/1/542
f 1434/1/546 1433/1/541 282/1/545 284/1/548
f 1434/1/546 1432/1/79 279/1/543 283/1/547
f 1432/1/79 1434/1/546 284/1/548 280/1/544
f 1435/1/549 1436/1/550 279/1/543 281/1/542
f 1436/1/550 1435/1/549 282/1/545 280/1/544
f 1436/1/550 1437/1/361 285/1/551 279/1/543
f 1437/1/361 1436/1/550 280/1/544 286/1/552
f 1437/1/361 1435/1/549 281/1/542 285/1/551
f 1435/1/549 1437/1/361 286/1/552 282/1/545
f 1438/1/553 1439/1/554 283/1/547 287/1/85
f 1439/1/554 1438/1/553 288/1/86 284/1/548
f 1439/1/554 1440/1/368 281/1/542 283/1/547
f 1440/1/368 1439/1/554 284/1/548 282/1/545
f 1440/1/368 1438/1/553 287/1/85 281/1/542
f 1438/1/553 1440/1/368 282/1/545 288/1/86
f 1441/1/555 1442/1/556 287/1/85 283/1/547
f 1442/1/556 1441/1/555 284/1/548 288/1/86
f 1442/1/556 1443/1/557 289/1/558 287/1/85
f 1443/1/557 1442/1/556 288/1/86 290/1/559
f 1443/1/557 1441/1/555 283/1/547 289/1/558
f 1441/1/555 1443/1/557 290/1/559 284/1/548
f 1444/1/560 1445/1/91 291/1/561 289/1/558
f 1445/1/91 1444/1/560 290/1/559 292/1/562
f 1445/1/91 1446/1/563 283/1/547 291/1/561
f 1446/1/563 1445/1/91 292/1/562 284/1/548
f 1446/1/563 1444/1/560 289/1/558 283/1/547
f 1444/1/560 1446/1/563 284/1/548 290/1/559
f 1447/1/564 1448/1/541 289/1/558 291/1/561
f 1448/1/541 1447/1/564 292/1/562 290/1/559
f 1448/1/541 1449/1/370 293/1/565 289/1/558
f 1449/1/370 1448/1/541 290/1/559 294/1/566
f 1449/1/370 1447/1/564 291/1/561 293/1/565
f 1447/1/564 1449/1/370 294/1/566 292/1/562
f 1450/1/351 1451/1/567 297/1/353 295/1/354
f 1451/1/567 1450/1/351 296/1/355 298/1/356
f 1451/1/567 1452/1/140 299/1/357 297/1/353
f 1452/1/140 1451/1/567 298/1/356 300/1/568
f 1452/1/140 1450/1/351 295/1/354 299/1/357
f 1450/1/351 1452/1/140 300/1/568 296/1/355
f 1453/1/569 1454/1/570 295/1/354 297/1/353
f 1454/1/570 1453/1/569 298/1/356 296/1/355
f 1454/1/570 1455/1/361 301/1/362 295/1/354
f 1455/1/361 1454/1/570 296/1/355 302/1/363
f 1455/1/361 1453/1/569 297/1/353 301/1/362
f 1453/1/569 1455/1/361 302/1/363 298/1/356
f 1456/1/364 1457/1/571 299/1/357 303/1/572
f 1457/1/571 1456/1/364 304/1/573 300/1/568
f 1457/1/571 1458/1/368 297/1/353 299/1/357
f 1458/1/368 1457/1/571 300/1/568 298/1/356
f 1458/1/368 1456/1/364 303/1/572 297/1/353
f 1456/1/364 1458/1/368 298/1/356 304/1/573
f 1459/1/574 1460/1/370 305/1/371 303/1/572
f 1460/1/370 1459/1/574 304/1/573 306/1/575
f 1460/1/370 1461/1/576 299/1/357 305/1/371
f 1461/1/576 1460/1/370 306/1/575 300/1/568
f 1461/1/576 1459/1/574 303/1/572 299/1/357
f 1459/1/574 1461/1/576 300/1/568 304/1/573
f 1462/1/351 1463/1/374 305/1/371 299/1/357
f 1463/1/374 1462/1/351 300/1/568 306/1/575
f 1463/1/374 1464/1/140 307/1/375 305/1/371
f 1464/1/140 1463/1/374 306/1/575 308/1/376
f 1464/1/140 1462/1/351 299/1/357 307/1/375
f 1462/1/351 1464/1/140 308/1/376 300/1/568
f 1465/1/377 1466/1/577 303/1/572 305/1/371
f 1466/1/577 1465/1/377 306/1/575 304/1/573
f 1466/1/577 1467/1/181 309/1/578 303/1/572
f 1467/1/181 1466/1/577 304/1/573 310/1/380
f 1467/1/181 1465/1/377 305/1/371 309/1/578
f 1465/1/377 1467/1/181 310/1/380 306/1/575
f 1468/1/579 1469/1/580 313/1/581 311/1/582
f 1469/1/580 1468/1/579 312/1/583 314/1/584
f 1469/1/580 1470/1/585 315/1/586 313/1/581
f 1470/1/585 1469/1/580 314/1/584 316/1/587
f 1470/1/585 1468/1/579 311/1/582 315/1/586
f 1468/1/579 1470/1/585 316/1/587 312/1/583
f 1471/1/588 1472/1/589 311/1/582 313/1/581
f 1472/1/589 1471/1/588 314/1/584 312/1/583
f 1472/1/589 1473/1/590 317/1/591 311/1/582
f 1473/1/590 1472/1/589 312/1/583 318/1/592
f 1473/1/590 1471/1/588 313/1/581 317/1/591
f 1471/1/588 1473/1/590 318/1/592 314/1/584
f 1474/1/593 1475/1/594 319/1/595 311/1/582
f 1475/1/594 1474/1/593 312/1/583 320/1/596
f 1475/1/594 1476/1/597 317/1/591 319/1/595
f 1476/1/597 1475/1/594 320/1/596 318/1/592
f 1476/1/597 1474/1/593 311/1/582 317/1/591
f 1474/1/593 1476/1/597 318/1/592 312/1/583
f 1477/1/598 1478/1/599 319/1/595 317/1/591
f 1478/1/599 1477/1/598 318/1/592 320/1/596
f 1478/1/599 1479/1/454 321/1/600 319/1/595
f 1479/1/454 1478/1/599 320/1/596 322/1/601
f 1479/1/454 1477/1/598 317/1/591 321/1/600
f 1477/1/598 1479/1/454 322/1/601 318/1/592
f 1480/1/602 1481/1/603 325/1/604 323/1/605
f 1481/1/603 1480/1/602 324/1/606 326/1/607
f 1481/1/603 1482/1/399 327/1/608 325/1/604
f 1482/1/399 1481/1/603 326/1/607 328/1/609
f 1482/1/399 1480/1/602 323/1/605 327/1/608
f 1480/1/602 1482/1/399 328/1/609 324/1/606
f 1483/1/580 1484/1/579 327/1/608 323/1/605
f 1484/1/579 1483/1/580 324/1/606 328/1/609
f 1484/1/579 1485/1/585 329/1/587 327/1/608
f 1485/1/585 1484/1/579 328/1/609 330/1/586
f 1485/1/585 1483/1/580 323/1/605 329/1/587
f 1483/1/580 1485/1/585 330/1/586 324/1/606
f 1486/1/610 1487/1/611 325/1/604 331/1/612
f 1487/1/611 1486/1/610 332/1/613 326/1/607
f 1487/1/611 1488/1/614 323/1/605 325/1/604
f 1488/1/614 1487/1/611 326/1/607 324/1/606
f 1488/1/614 1486/1/610 331/1/612 323/1/605
f 1486/1/610 1488/1/614 324/1/606 332/1/613
f 1489/1/599 1490/1/598 331/1/612 325/1/604
f 1490/1/598 1489/1/599 326/1/607 332/1/613
f 1490/1/598 1491/1/454 333/1/601 331/1/612
f 1491/1/454 1490/1/598 332/1/613 334/1/600
f 1491/1/454 1489/1/599 325/1/604 333/1/601
f 1489/1/599 1491/1/454 334/1/600 326/1/607
f 1492/1/615 1493/1/616 337/1/617 335/1/618
f 1493/1/616 1492/1/615 336/1/619 338/1/620
f 1493/1/616 1494/1/621 339/1/622 337/1/617
f 1494/1/621 1493/1/616 338/1/620 340/1/623
f 1494/1/621 1492/1/615 335/1/618 339/1/622
f 1492/1/615 1494/1/621 340/1/623 336/1/619
f 1495/1/624 1496/1/625 339/1/622 335/1/618
f 1496/1/625 1495/1/624 336/1/619 340/1/623
f 1496/1/625 1497/1/495 341/1/496 339/1/622
f 1497/1/495 1496/1/625 340/1/623 342/1/497
f 1497/1/495 1495/1/624 335/1/618 341/1/496
f 1495/1/624 1497/1/495 342/1/497 336/1/619
f 1498/1/621 1499/1/615 345/1/618 343/1/622
f 1499/1/615 1498/1/621 344/1/623 346/1/619
f 1499/1/615 1500/1/616 347/1/617 345/1/618
f 1500/1/616 1499/1/615 346/1/619 348/1/620
f 1500/1/616 1498/1/621 343/1/622 347/1/617
f 1498/1/621 1500/1/616 348/1/620 344/1/623
f 1501/1/624 1502/1/625 343/1/622 345/1/618
f 1502/1/625 1501/1/624 346/1/619 344/1/623
f 1502/1/625 1503/1/495 349/1/496 343/1/622
f 1503/1/495 1502/1/625 344/1/623 350/1/497
f 1503/1/495 1501/1/624 345/1/618 349/1/496
f 1501/1/624 1503/1/495 350/1/497 346/1/619
f 1504/1/626 1505/1/627 353/1/628 351/1/629
f 1505/1/627 1504/1/626 352/1/630 354/1/631
f 1505/1/627 1506/1/632 355/1/633 353/1/628
f 1506/1/632 1505/1/627 354/1/631 356/1/634
f 1506/1/632 1504/1/626 351/1/629 355/1/633
f 1504/1/626 1506/1/632 356/1/634 352/1/630
f 1507/1/635 1508/1/636 355/1/633 351/1/629
f 1508/1/636 1507/1/635 352/1/630 356/1/634
f 1508/1/636 1509/1/637 357/1/638 355/1/633
f 1509/1/637 1508/1/636 356/1/634 358/1/639
f 1509/1/637 1507/1/635 351/1/629 357/1/638
f 1507/1/635 1509/1/637 358/1/639 352/1/630
f 1510/1/640 1511/1/616 361/1/617 359/1/641
f 1511/1/616 1510/1/640 360/1/642 362/1/620
f 1511/1/616 1512/1/643 363/1/644 361/1/617
f 1512/1/643 1511/1/616 362/1/620 364/1/645
f 1512/1/643 1510/1/640 359/1/641 363/1/644
f 1510/1/640 1512/1/643 364/1/645 360/1/642
f 1513/1/646 1514/1/647 363/1/644 359/1/641
f 1514/1/647 1513/1/646 360/1/642 364/1/645
f 1514/1/647 1515/1/495 365/1/496 363/1/644
f 1515/1/495 1514/1/647 364/1/645 366/1/497
f 1515/1/495 1513/1/646 359/1/641 365/1/496
f 1513/1/646 1515/1/495 366/1/497 360/1/642
f 1516/1/463 1517/1/648 369/1/649 367/1/650
f 1517/1/648 1516/1/463 368/1/651 370/1/652
f 1517/1/648 1518/1/653 371/1/654 369/1/649
f 1518/1/653 1517/1/648 370/1/652 372/1/655
f 1518/1/653 1516/1/463 367/1/650 371/1/654
f 1516/1/463 1518/1/653 372/1/655 368/1/651
f 1519/1/440 1520/1/656 371/1/654 373/1/461
f 1520/1/656 1519/1/440 374/1/657 372/1/655
f 1520/1/656 1521/1/658 369/1/649 371/1/654
f 1521/1/658 1520/1/656 372/1/655 370/1/652
f 1521/1/658 1519/1/440 373/1/461 369/1/649
f 1519/1/440 1521/1/658 370/1/652 374/1/657
f 1522/1/463 1523/1/648 377/1/649 375/1/650
f 1523/1/648 1522/1/463 376/1/651 378/1/652
f 1523/1/648 1524/1/653 379/1/654 377/1/649
f 1524/1/653 1523/1/648 378/1/652 380/1/655
f 1524/1/653 1522/1/463 375/1/650 379/1/654
f 1522/1/463 1524/1/653 380/1/655 376/1/651
f 1525/1/440 1526/1/656 379/1/654 381/1/461
f 1526/1/656 1525/1/440 382/1/657 380/1/655
f 1526/1/656 1527/1/658 377/1/649 379/1/654
f 1527/1/658 1526/1/656 380/1/655 378/1/652
f 1527/1/658 1525/1/440 381/1/461 377/1/649
f 1525/1/440 1527/1/658 378/1/652 382/1/657
f 1528/1/659 1529/1/660 385/1/661 383/1/662
f 1529/1/660 1528/1/659 384/1/663 386/1/664
f 1529/1/660 1530/1/616 387/1/617 385/1/661
f 1530/1/616 1529/1/660 386/1/664 388/1/620
f 1530/1/616 1528/1/659 383/1/662 387/1/617
f 1528/1/659 1530/1/616 388/1/620 384/1/663
f 1531/1/665 1532/1/666 385/1/661 389/1/667
f 1532/1/666 1531/1/665 390/1/668 386/1/664
f 1532/1/666 1533/1/669 383/1/662 385/1/661
f 1533/1/669 1532/1/666 386/1/664 384/1/663
f 1533/1/669 1531/1/665 389/1/667 383/1/662
f 1531/1/665 1533/1/669 384/1/663 390/1/668
f 1534/1/670 1535/1/671 391/1/672 385/1/661
f 1535/1/671 1534/1/670 386/1/664 392/1/673
f 1535/1/671 1536/1/674 393/1/675 391/1/672
f 1536/1/674 1535/1/671 392/1/673 394/1/676
f 1536/1/674 1534/1/670 385/1/661 393/1/675
f 1534/1/670 1536/1/674 394/1/676 386/1/664
f 1537/1/677 1538/1/678 385/1/661 391/1/672
f 1538/1/678 1537/1/677 392/1/673 386/1/664
f 1538/1/678 1539/1/679 395/1/680 385/1/661
f 1539/1/679 1538/1/678 386/1/664 396/1/681
f 1539/1/679 1537/1/677 391/1/672 395/1/680
f 1537/1/677 1539/1/679 396/1/681 392/1/673
f 1540/1/682 1541/1/683 389/1/667 385/1/661
f 1541/1/683 1540/1/682 386/1/664 390/1/668
f 1541/1/683 1542/1/684 395/1/680 389/1/667
f 1542/1/684 1541/1/683 390/1/668 396/1/681
f 1542/1/684 1540/1/682 385/1/661 395/1/680
f 1540/1/682 1542/1/684 396/1/681 386/1/664
f 1543/1/685 1544/1/686 389/1/667 397/1/687
f 1544/1/686 1543/1/685 398/1/688 390/1/668
f 1544/1/686 1545/1/616 399/1/617 389/1/667
f 1545/1/616 1544/1/686 390/1/668 400/1/620
f 1545/1/616 1543/1/685 397/1/687 399/1/617
f 1543/1/685 1545/1/616 400/1/620 398/1/688
f 1546/1/689 1547/1/690 397/1/687 389/1/667
f 1547/1/690 1546/1/689 390/1/668 398/1/688
f 1547/1/690 1548/1/495 401/1/691 397/1/687
f 1548/1/495 1547/1/690 398/1/688 402/1/692
f 1548/1/495 1546/1/689 389/1/667 401/1/691
f 1546/1/689 1548/1/495 402/1/692 390/1/668
f 1549/1/693 1550/1/694 389/1/667 395/1/680
f 1550/1/694 1549/1/693 396/1/681 390/1/668
f 1550/1/694 1551/1/695 401/1/691 389/1/667
f 1551/1/695 1550/1/694 390/1/668 402/1/692
f 1551/1/695 1549/1/693 395/1/680 401/1/691
f 1549/1/693 1551/1/695 402/1/692 396/1/681
f 1552/1/696 1553/1/697 401/1/691 395/1/680
f 1553/1/697 1552/1/696 396/1/681 402/1/692
f 1553/1/697 1554/1/698 403/1/699 401/1/691
f 1554/1/698 1553/1/697 402/1/692 404/1/700
f 1554/1/698 1552/1/696 395/1/680 403/1/699
f 1552/1/696 1554/1/698 404/1/700 396/1/681
f 1555/1/701 1556/1/702 403/1/699 395/1/680
f 1556/1/702 1555/1/701 396/1/681 404/1/700
f 1556/1/702 1557/1/463 405/1/703 403/1/699
f 1557/1/463 1556/1/702 404/1/700 406/1/651
f 1557/1/463 1555/1/701 395/1/680 405/1/703
f 1555/1/701 1557/1/463 406/1/651 396/1/681
f 1558/1/704 1559/1/705 409/1/706 407/1/707
f 1559/1/705 1558/1/704 408/1/708 410/1/709
f 1559/1/705 1560/1/710 411/1/711 409/1/706
f 1560/1/710 1559/1/705 410/1/709 412/1/712
f 1560/1/710 1558/1/704 407/1/707 411/1/711
f 1558/1/704 1560/1/710 412/1/712 408/1/708
f 1561/1/713 1562/1/714 409/1/706 413/1/715
f 1562/1/714 1561/1/713 414/1/716 410/1/709
f 1562/1/714 1563/1/717 407/1/707 409/1/706
f 1563/1/717 1562/1/714 410/1/709 408/1/708
f 1563/1/717 1561/1/713 413/1/715 407/1/707
f 1561/1/713 1563/1/717 408/1/708 414/1/716
f 1564/1/718 1565/1/719 411/1/711 407/1/707
f 1565/1/719 1564/1/718 408/1/708 412/1/712
f 1565/1/719 1566/1/720 415/1/721 411/1/711
f 1566/1/720 1565/1/719 412/1/712 416/1/722
f 1566/1/720 1564/1/718 407/1/707 415/1/721
f 1564/1/718 1566/1/720 416/1/722 408/1/708
f 1567/1/723 1568/1/724 417/1/725 413/1/715
f 1568/1/724 1567/1/723 414/1/716 418/1/726
f 1568/1/724 1569/1/727 409/1/706 417/1/725
f 1569/1/727 1568/1/724 418/1/726 410/1/709
f 1569/1/727 1567/1/723 413/1/715 409/1/706
f 1567/1/723 1569/1/727 410/1/709 414/1/716
f 1570/1/728 1571/1/729 411/1/711 415/1/721
f 1571/1/729 1570/1/728 416/1/722 412/1/712
f 1571/1/729 1572/1/730 419/1/731 411/1/711
f 1572/1/730 1571/1/729 412/1/712 420/1/732
f 1572/1/730 1570/1/728 415/1/721 419/1/731
f 1570/1/728 1572/1/730 420/1/732 416/1/722
f 1573/1/733 1574/1/734 417/1/725 421/1/735
f 1574/1/734 1573/1/733 422/1/736 418/1/726
f 1574/1/734 1575/1/737 413/1/715 417/1/725
f 1575/1/737 1574/1/734 418/1/726 414/1/716
f 1575/1/737 1573/1/733 421/1/735 413/1/715
f 1573/1/733 1575/1/737 414/1/716 422/1/736
f 1576/1/738 1577/1/739 419/1/731 415/1/721
f 1577/1/739 1576/1/738 416/1/722 420/1/732
f 1577/1/739 1578/1/740 423/1/741 419/1/731
f 1578/1/740 1577/1/739 420/1/732 424/1/742
f 1578/1/740 1576/1/738 415/1/721 423/1/741
f 1576/1/738 1578/1/740 424/1/742 416/1/722
f 1579/1/743 1580/1/744 425/1/745 421/1/735
f 1580/1/744 1579/1/743 422/1/736 426/1/746
f 1580/1/744 1581/1/747 417/1/725 425/1/745
f 1581/1/747 1580/1/744 426/1/746 418/1/726
f 1581/1/747 1579/1/743 421/1/735 417/1/725
f 1579/1/743 1581/1/747 418/1/726 422/1/736
f 1582/1/748 1583/1/749 423/1/741 427/1/750
f 1583/1/749 1582/1/748 428/1/751 424/1/742
f 1583/1/749 1584/1/752 419/1/731 423/1/741
f 1584/1/752 1583/1/749 424/1/742 420/1/732
f 1584/1/752 1582/1/748 427/1/750 419/1/731
f 1582/1/748 1584/1/752 420/1/732 428/1/751
f 1585/1/753 1586/1/754 425/1/745 429/1/755
f 1586/1/754 1585/1/753 430/1/756 426/1/746
f 1586/1/754 1587/1/757 421/1/735 425/1/745
f 1587/1/757 1586/1/754 426/1/746 422/1/736
f 1587/1/757 1585/1/753 429/1/755 421/1/735
f 1585/1/753 1587/1/757 422/1/736 430/1/756
f 1588/1/758 1589/1/759 431/1/760 427/1/750
f 1589/1/759 1588/1/758 428/1/751 432/1/761
f 1589/1/759 1590/1/762 423/1/741 431/1/760
f 1590/1/762 1589/1/759 432/1/761 424/1/742
f 1590/1/762 1588/1/758 427/1/750 423/1/741
f 1588/1/758 1590/1/762 424/1/742 428/1/751
f 1591/1/763 1592/1/764 433/1/765 429/1/755
f 1592/1/764 1591/1/763 430/1/756 434/1/766
f 1592/1/764 1593/1/767 425/1/745 433/1/765
f 1593/1/767 1592/1/764 434/1/766 426/1/746
f 1593/1/767 1591/1/763 429/1/755 425/1/745
f 1591/1/763 1593/1/767 426/1/746 430/1/756
f 1594/1/768 1595/1/769 431/1/760 435/1/770
f 1595/1/769 1594/1/768 436/1/771 432/1/761
f 1595/1/769 1596/1/772 427/1/750 431/1/760
f 1596/1/772 1595/1/769 432/1/761 428/1/751
f 1596/1/772 1594/1/768 435/1/770 427/1/750
f 1594/1/768 1596/1/772 428/1/751 436/1/771
f 1597/1/773 1598/1/774 433/1/765 437/1/775
f 1598/1/774 1597/1/773 438/1/776 434/1/766
f 1598/1/774 1599/1/777 429/1/755 433/1/765
f 1599/1/777 1598/1/774 434/1/766 430/1/756
f 1599/1/777 1597/1/773 437/1/775 429/1/755
f 1597/1/773 1599/1/777 430/1/756 438/1/776
f 1600/1/778 1601/1/779 435/1/770 431/1/760
f 1601/1/779 1600/1/778 432/1/761 436/1/771
f 1601/1/779 1602/1/780 437/1/775 435/1/770
f 1602/1/780 1601/1/779 436/1/771 438/1/776
f 1602/1/780 1600/1/778 431/1/760 437/1/775
f 1600/1/778 1602/1/780 438/1/776 432/1/761
f 1603/1/781 1604/1/782 435/1/770 437/1/775
f 1604/1/782 1603/1/781 438/1/776 436/1/771
f 1604/1/782 1605/1/783 433/1/765 435/1/770
f 1605/1/783 1604/1/782 436/1/771 434/1/766
f 1605/1/783 1603/1/781 437/1/775 433/1/765
f 1603/1/781 1605/1/783 434/1/766 438/1/776
f 1606/1/784 1607/1/785 441/1/786 439/1/787
f 1607/1/785 1606/1/784 440/1/788 442/1/789
f 1607/1/785 1608/1/790 443/1/791 441/1/786
f 1608/1/790 1607/1/785 442/1/789 444/1/792
f 1608/1/790 1606/1/784 439/1/787 443/1/791
f 1606/1/784 1608/1/790 444/1/792 440/1/788
f 1609/1/793 1610/1/794 439/1/787 441/1/786
f 1610/1/794 1609/1/793 442/1/789 440/1/788
f 1610/1/794 1611/1/795 445/1/796 439/1/787
f 1611/1/795 1610/1/794 440/1/788 446/1/797
f 1611/1/795 1609/1/793 441/1/786 445/1/796
f 1609/1/793 1611/1/795 446/1/797 442/1/789
f 1612/1/798 1613/1/799 447/1/800 439/1/787
f 1613/1/799 1612/1/798 440/1/788 448/1/801
f 1613/1/799 1614/1/802 445/1/796 447/1/800
f 1614/1/802 1613/1/799 448/1/801 446/1/797
f 1614/1/802 1612/1/798 439/1/787 445/1/796
f 1612/1/798 1614/1/802 446/1/797 440/1/788
f 1615/1/803 1616/1/804 447/1/800 445/1/796
f 1616/1/804 1615/1/803 446/1/797 448/1/801
f 1616/1/804 1617/1/805 449/1/806 447/1/800
f 1617/1/805 1616/1/804 448/1/801 450/1/807
f 1617/1/805 1615/1/803 445/1/796 449/1/806
f 1615/1/803 1617/1/805 450/1/807 446/1/797
f 1618/1/784 1619/1/785 453/1/786 451/1/787
f 1619/1/785 1618/1/784 452/1/788 454/1/789
f 1619/1/785 1620/1/790 455/1/791 453/1/786
f 1620/1/790 1619/1/785 454/1/789 456/1/792
f 1620/1/790 1618/1/784 451/1/787 455/1/791
f 1618/1/784 1620/1/790 456/1/792 452/1/788
f 1621/1/793 1622/1/794 451/1/787 453/1/786
f 1622/1/794 1621/1/793 454/1/789 452/1/788
f 1622/1/794 1623/1/795 457/1/808 451/1/787
f 1623/1/795 1622/1/794 452/1/788 458/1/797
f 1623/1/795 1621/1/793 453/1/786 457/1/808
f 1621/1/793 1623/1/795 458/1/797 454/1/789
f 1624/1/809 1625/1/799 459/1/810 451/1/787
f 1625/1/799 1624/1/809 452/1/788 460/1/801
f 1625/1/799 1626/1/802 457/1/808 459/1/810
f 1626/1/802 1625/1/799 460/1/801 458/1/797
f 1626/1/802 1624/1/809 451/1/787 457/1/808
f 1624/1/809 1626/1/802 458/1/797 452/1/788
f 1627/1/803 1628/1/804 459/1/810 457/1/808
f 1628/1/804 1627/1/803 458/1/797 460/1/801
f 1628/1/804 1629/1/805 461/1/811 459/1/810
f 1629/1/805 1628/1/804 460/1/801 462/1/807
f 1629/1/805 1627/1/803 457/1/808 461/1/811
f 1627/1/803 1629/1/805 462/1/807 458/1/797
f 1630/1/812 1631/1/813 465/1/814 463/1/815
f 1631/1/813 1630/1/812 464/1/816 466/1/817
f 1631/1/813 1632/1/818 467/1/819 465/1/814
f 1632/1/818 1631/1/813 466/1/817 468/1/820
f 1632/1/818 1630/1/812 463/1/815 467/1/819
f 1630/1/812 1632/1/818 468/1/820 464/1/816
f 1633/1/821 1634/1/822 467/1/819 463/1/815
f 1634/1/822 1633/1/821 464/1/816 468/1/820
f 1634/1/822 1635/1/823 469/1/824 467/1/819
f 1635/1/823 1634/1/822 468/1/820 470/1/825
f 1635/1/823 1633/1/821 463/1/815 469/1/824
f 1633/1/821 1635/1/823 470/1/825 464/1/816
f 1636/1/826 1637/1/827 465/1/814 471/1/828
f 1637/1/827 1636/1/826 472/1/829 466/1/817
f 1637/1/827 1638/1/830 463/1/815 465/1/814
f 1638/1/830 1637/1/827 466/1/817 464/1/816
f 1638/1/830 1636/1/826 471/1/828 463/1/815
f 1636/1/826 1638/1/830 464/1/816 472/1/829
f 1639/1/831 1640/1/832 471/1/828 465/1/814
f 1640/1/832 1639/1/831 466/1/817 472/1/829
f 1640/1/832 1641/1/833 473/1/834 471/1/828
f 1641/1/833 1640/1/832 472/1/829 474/1/835
f 1641/1/833 1639/1/831 465/1/814 473/1/834
f 1639/1/831 1641/1/833 474/1/835 466/1/817
f 1642/1/812 1643/1/813 477/1/814 475/1/815
f 1643/1/813 1642/1/812 476/1/816 478/1/817
f 1643/1/813 1644/1/818 479/1/836 477/1/814
f 1644/1/818 1643/1/813 478/1/817 480/1/820
f 1644/1/818 1642/1/812 475/1/815 479/1/836
f 1642/1/812 1644/1/818 480/1/820 476/1/816
f 1645/1/821 1646/1/822 479/1/836 475/1/815
f 1646/1/822 1645/1/821 476/1/816 480/1/820
f 1646/1/822 1647/1/823 481/1/824 479/1/836
f 1647/1/823 1646/1/822 480/1/820 482/1/825
f 1647/1/823 1645/1/821 475/1/815 481/1/824
f 1645/1/821 1647/1/823 482/1/825 476/1/816
f 1648/1/826 1649/1/827 477/1/814 483/1/828
f 1649/1/827 1648/1/826 484/1/837 478/1/817
f 1649/1/827 1650/1/830 475/1/815 477/1/814
f 1650/1/830 1649/1/827 478/1/817 476/1/816
f 1650/1/830 1648/1/826 483/1/828 475/1/815
f 1648/1/826 1650/1/830 476/1/816 484/1/837
f 1651/1/831 1652/1/832 483/1/828 477/1/814
f 1652/1/832 1651/1/831 478/1/817 484/1/837
f 1652/1/832 1653/1/833 485/1/838 483/1/828
f 1653/1/833 1652/1/832 484/1/837 486/1/835
f 1653/1/833 1651/1/831 477/1/814 485/1/838
f 1651/1/831 1653/1/833 486/1/835 478/1/817
f 1654/1/839 1655/1/840 489/1/841 487/1/842
f 1655/1/840 1654/1/839 488/1/843 490/1/844
f 1655/1/840 1656/1/399 491/1/845 489/1/841
f 1656/1/399 1655/1/840 490/1/844 492/1/846
f 1656/1/399 1654/1/839 487/1/842 491/1/845
f 1654/1/839 1656/1/399 492/1/846 488/1/843
f 1657/1/847 1658/1/848 487/1/842 489/1/841
f 1658/1/848 1657/1/847 490/1/844 488/1/843
f 1658/1/848 1659/1/610 493/1/849 487/1/842
f 1659/1/610 1658/1/848 488/1/843 494/1/850
f 1659/1/610 1657/1/847 489/1/841 493/1/849
f 1657/1/847 1659/1/610 494/1/850 490/1/844
f 1660/1/594 1661/1/851 497/1/852 495/1/853
f 1661/1/851 1660/1/594 496/1/854 498/1/855
f 1661/1/851 1662/1/856 499/1/857 497/1/852
f 1662/1/856 1661/1/851 498/1/855 500/1/858
f 1662/1/856 1660/1/594 495/1/853 499/1/857
f 1660/1/594 1662/1/856 500/1/858 496/1/854
f 1663/1/588 1664/1/859 499/1/857 501/1/860
f 1664/1/859 1663/1/588 502/1/861 500/1/858
f 1664/1/859 1665/1/862 497/1/852 499/1/857
f 1665/1/862 1664/1/859 500/1/858 498/1/855
f 1665/1/862 1663/1/588 501/1/860 497/1/852
f 1663/1/588 1665/1/862 498/1/855 502/1/861
f 1666/1/863 1667/1/864 505/1/865 503/1/866
f 1667/1/864 1666/1/863 504/1/867 506/1/868
f 1667/1/864 1668/1/869 507/1/870 505/1/865
f 1668/1/869 1667/1/864 506/1/868 508/1/871
f 1668/1/869 1666/1/863 503/1/866 507/1/870
f 1666/1/863 1668/1/869 508/1/871 504/1/867
f 1669/1/872 1670/1/594 509/1/873 507/1/870
f 1670/1/594 1669/1/872 508/1/871 510/1/874
f 1670/1/594 1671/1/875 503/1/866 509/1/873
f 1671/1/875 1670/1/594 510/1/874 504/1/867
f 1671/1/875 1669/1/872 507/1/870 503/1/866
f 1669/1/872 1671/1/875 504/1/867 508/1/871
f 1672/1/399 1673/1/396 507/1/870 511/1/386
f 1673/1/396 1672/1/399 512/1/383 508/1/871
f 1673/1/396 1674/1/395 505/1/865 507/1/870
f 1674/1/395 1673/1/396 508/1/871 506/1/868
f 1674/1/395 1672/1/399 511/1/386 505/1/865
f 1672/1/399 1674/1/395 506/1/868 512/1/383
f 1675/1/382 1676/1/381 513/1/385 511/1/386
f 1676/1/381 1675/1/382 512/1/383 514/1/384
f 1676/1/381 1677/1/387 507/1/870 513/1/385
f 1677/1/387 1676/1/381 514/1/384 508/1/871
f 1677/1/387 1675/1/382 511/1/386 507/1/870
f 1675/1/382 1677/1/387 508/1/871 512/1/383
f 1678/1/391 1679/1/390 511/1/386 513/1/385
f 1679/1/390 1678/1/391 514/1/384 512/1/383
f 1679/1/390 1680/1/392 515/1/394 511/1/386
f 1680/1/392 1679/1/390 512/1/383 516/1/393
f 1680/1/392 1678/1/391 513/1/385 515/1/394
f 1678/1/391 1680/1/392 516/1/393 514/1/384
f 1681/1/876 1682/1/877 519/1/878 517/1/879
f 1682/1/877 1681/1/876 518/1/880 520/1/881
f 1682/1/877 1683/1/882 521/1/883 519/1/878
f 1683/1/882 1682/1/877 520/1/881 522/1/884
f 1683/1/882 1681/1/876 517/1/879 521/1/883
f 1681/1/876 1683/1/882 522/1/884 518/1/880
f 1684/1/885 1685/1/886 523/1/887 521/1/883
f 1685/1/886 1684/1/885 522/1/884 524/1/888
f 1685/1/886 1686/1/889 517/1/879 523/1/887
f 1686/1/889 1685/1/886 524/1/888 518/1/880
f 1686/1/889 1684/1/885 521/1/883 517/1/879
f 1684/1/885 1686/1/889 518/1/880 522/1/884
f 1687/1/890 1688/1/891 527/1/892 525/1/893
f 1688/1/891 1687/1/890 526/1/894 528/1/895
f 1688/1/891 1689/1/896 529/1/897 527/1/892
f 1689/1/896 1688/1/891 528/1/895 530/1/898
f 1689/1/896 1687/1/890 525/1/893 529/1/897
f 1687/1/890 1689/1/896 530/1/898 526/1/894
f 1690/1/899 1691/1/900 525/1/893 527/1/892
f 1691/1/900 1690/1/899 528/1/895 526/1/894
f 1691/1/900 1692/1/901 531/1/902 525/1/893
f 1692/1/901 1691/1/900 526/1/894 532/1/903
f 1692/1/901 1690/1/899 527/1/892 531/1/902
f 1690/1/899 1692/1/901 532/1/903 528/1/895
f 1693/1/904 1694/1/905 535/1/906 533/1/907
f 1694/1/905 1693/1/904 534/1/908 536/1/909
f 1694/1/905 1695/1/910 537/1/911 535/1/906
f 1695/1/910 1694/1/905 536/1/909 538/1/912
f 1695/1/910 1693/1/904 533/1/907 537/1/911
f 1693/1/904 1695/1/910 538/1/912 534/1/908
f 1696/1/913 1697/1/914 535/1/906 539/1/915
f 1697/1/914 1696/1/913 540/1/916 536/1/909
f 1697/1/914 1698/1/917 533/1/907 535/1/906
f 1698/1/917 1697/1/914 536/1/909 534/1/908
f 1698/1/917 1696/1/913 539/1/915 533/1/907
f 1696/1/913 1698/1/917 534/1/908 540/1/916
f 1699/1/918 1700/1/919 535/1/906 541/1/920
f 1700/1/919 1699/1/918 542/1/921 536/1/909
f 1700/1/919 1701/1/922 539/1/915 535/1/906
f 1701/1/922 1700/1/919 536/1/909 540/1/916
f 1701/1/922 1699/1/918 541/1/920 539/1/915
f 1699/1/918 1701/1/922 540/1/916 542/1/921
f 1702/1/923 1703/1/924 541/1/920 535/1/906
f 1703/1/924 1702/1/923 536/1/909 542/1/921
f 1703/1/924 1704/1/387 543/1/925 541/1/920
f 1704/1/387 1703/1/924 542/1/921 544/1/926
f 1704/1/387 1702/1/923 535/1/906 543/1/925
f 1702/1/923 1704/1/387 544/1/926 536/1/909
f 1705/1/910 1706/1/905 547/1/909 545/1/912
f 1706/1/905 1705/1/910 546/1/911 548/1/906
f 1706/1/905 1707/1/904 549/1/908 547/1/909
f 1707/1/904 1706/1/905 548/1/906 550/1/907
f 1707/1/904 1705/1/910 545/1/912 549/1/908
f 1705/1/910 1707/1/904 550/1/907 546/1/911
f 1708/1/917 1709/1/914 547/1/909 549/1/908
f 1709/1/914 1708/1/917 550/1/907 548/1/906
f 1709/1/914 1710/1/913 551/1/916 547/1/909
f 1710/1/913 1709/1/914 548/1/906 552/1/915
f 1710/1/913 1708/1/917 549/1/908 551/1/916
f 1708/1/917 1710/1/913 552/1/915 550/1/907
f 1711/1/919 1712/1/918 553/1/921 547/1/909
f 1712/1/918 1711/1/919 548/1/906 554/1/920
f 1712/1/918 1713/1/922 551/1/916 553/1/921
f 1713/1/922 1712/1/918 554/1/920 552/1/915
f 1713/1/922 1711/1/919 547/1/909 551/1/916
f 1711/1/919 1713/1/922 552/1/915 548/1/906
f 1714/1/924 1715/1/923 547/1/909 553/1/921
f 1715/1/923 1714/1/924 554/1/920 548/1/906
f 1715/1/923 1716/1/387 555/1/926 547/1/909
f 1716/1/387 1715/1/923 548/1/906 556/1/925
f 1716/1/387 1714/1/924 553/1/921 555/1/926
f 1714/1/924 1716/1/387 556/1/925 554/1/920
f 1717/1/927 1718/1/928 559/1/929 557/1/930
f 1718/1/928 1717/1/927 558/1/931 560/1/932
f 1718/1/928 1719/1/594 561/1/873 559/1/929
f 1719/1/594 1718/1/928 560/1/932 562/1/933
f 1719/1/594 1717/1/927 557/1/930 561/1/873
f 1717/1/927 1719/1/594 562/1/933 558/1/931
f 1720/1/934 1721/1/935 557/1/930 559/1/929
f 1721/1/935 1720/1/934 560/1/932 558/1/931
f 1721/1/935 1722/1/936 563/1/937 557/1/930
f 1722/1/936 1721/1/935 558/1/931 564/1/938
f 1722/1/936 1720/1/934 559/1/929 563/1/937
f 1720/1/934 1722/1/936 564/1/938 560/1/932
f 1723/1/936 1724/1/935 567/1/931 565/1/938
f 1724/1/935 1723/1/936 566/1/937 568/1/930
f 1724/1/935 1725/1/934 569/1/932 567/1/931
f 1725/1/934 1724/1/935 568/1/930 570/1/929
f 1725/1/934 1723/1/936 565/1/938 569/1/932
f 1723/1/936 1725/1/934 570/1/929 566/1/937
f 1726/1/928 1727/1/927 567/1/931 569/1/932
f 1727/1/927 1726/1/928 570/1/929 568/1/930
f 1727/1/927 1728/1/594 571/1/933 567/1/931
f 1728/1/594 1727/1/927 568/1/930 572/1/873
f 1728/1/594 1726/1/928 569/1/932 571/1/933
f 1726/1/928 1728/1/594 572/1/873 570/1/929
f 1729/1/939 1730/1/940 575/1/941 573/1/942
f 1730/1/940 1729/1/939 574/1/943 576/1/944
f 1730/1/940 1731/1/945 577/1/946 575/1/941
f 1731/1/945 1730/1/940 576/1/944 578/1/947
f 1731/1/945 1729/1/939 573/1/942 577/1/946
f 1729/1/939 1731/1/945 578/1/947 574/1/943
f 1732/1/948 1733/1/949 573/1/942 575/1/941
f 1733/1/949 1732/1/948 576/1/944 574/1/943
f 1733/1/949 1734/1/950 579/1/951 573/1/942
f 1734/1/950 1733/1/949 574/1/943 580/1/952
f 1734/1/950 1732/1/948 575/1/941 579/1/951
f 1732/1/948 1734/1/950 580/1/952 576/1/944
f 1735/1/953 1736/1/954 581/1/955 575/1/941
f 1736/1/954 1735/1/953 576/1/944 582/1/956
f 1736/1/954 1737/1/957 577/1/946 581/1/955
f 1737/1/957 1736/1/954 582/1/956 578/1/947
f 1737/1/957 1735/1/953 575/1/941 577/1/946
f 1735/1/953 1737/1/957 578/1/947 576/1/944
f 1738/1/958 1739/1/959 581/1/955 577/1/946
f 1739/1/959 1738/1/958 578/1/947 582/1/956
f 1739/1/959 1740/1/960 583/1/961 581/1/955
f 1740/1/960 1739/1/959 582/1/956 584/1/962
f 1740/1/960 1738/1/958 577/1/946 583/1/961
f 1738/1/958 1740/1/960 584/1/962 578/1/947
f 1741/1/963 1742/1/964 581/1/955 583/1/961
f 1742/1/964 1741/1/963 584/1/962 582/1/956
f 1742/1/964 1743/1/965 585/1/966 581/1/955
f 1743/1/965 1742/1/964 582/1/956 586/1/967
f 1743/1/965 1741/1/963 583/1/961 585/1/966
f 1741/1/963 1743/1/965 586/1/967 584/1/962
f 1744/1/968 1745/1/969 585/1/966 583/1/961
f 1745/1/969 1744/1/968 584/1/962 586/1/967
f 1745/1/969 1746/1/970 587/1/971 585/1/966
f 1746/1/970 1745/1/969 586/1/967 588/1/972
f 1746/1/970 1744/1/968 583/1/961 587/1/971
f 1744/1/968 1746/1/970 588/1/972 584/1/962
f 1747/1/973 1748/1/974 585/1/966 587/1/971
f 1748/1/974 1747/1/973 588/1/972 586/1/967
f 1748/1/974 1749/1/975 589/1/976 585/1/966
f 1749/1/975 1748/1/974 586/1/967 590/1/977
f 1749/1/975 1747/1/973 587/1/971 589/1/976
f 1747/1/973 1749/1/975 590/1/977 588/1/972
f 1750/1/978 1751/1/979 589/1/976 587/1/971
f 1751/1/979 1750/1/978 588/1/972 590/1/977
f 1751/1/979 1752/1/980 591/1/981 589/1/976
f 1752/1/980 1751/1/979 590/1/977 592/1/982
f 1752/1/980 1750/1/978 587/1/971 591/1/981
f 1750/1/978 1752/1/980 592/1/982 588/1/972
f 1753/1/983 1754/1/984 595/1/985 593/1/986
f 1754/1/984 1753/1/983 594/1/987 596/1/988
f 1754/1/984 1755/1/989 597/1/990 595/1/985
f 1755/1/989 1754/1/984 596/1/988 598/1/991
f 1755/1/989 1753/1/983 593/1/986 597/1/990
f 1753/1/983 1755/1/989 598/1/991 594/1/987
f 1756/1/992 1757/1/993 593/1/986 595/1/985
f 1757/1/993 1756/1/992 596/1/988 594/1/987
f 1757/1/993 1758/1/994 599/1/995 593/1/986
f 1758/1/994 1757/1/993 594/1/987 600/1/996
f 1758/1/994 1756/1/992 595/1/985 599/1/995
f 1756/1/992 1758/1/994 600/1/996 596/1/988
f 1759/1/997 1760/1/998 601/1/999 597/1/990
f 1760/1/998 1759/1/997 598/1/991 602/1/1000
f 1760/1/998 1761/1/1001 593/1/986 601/1/999
f 1761/1/1001 1760/1/998 602/1/1000 594/1/987
f 1761/1/1001 1759/1/997 597/1/990 593/1/986
f 1759/1/997 1761/1/1001 594/1/987 598/1/991
f 1762/1/1002 1763/1/1003 597/1/990 601/1/999
f 1763/1/1003 1762/1/1002 602/1/1000 598/1/991
f 1763/1/1003 1764/1/1004 603/1/1005 597/1/990
f 1764/1/1004 1763/1/1003 598/1/991 604/1/1006
f 1764/1/1004 1762/1/1002 601/1/999 603/1/1005
f 1762/1/1002 1764/1/1004 604/1/1006 602/1/1000
f 1765/1/1007 1766/1/1008 601/1/999 605/1/1009
f 1766/1/1008 1765/1/1007 606/1/1010 602/1/1000
f 1766/1/1008 1767/1/1011 603/1/1005 601/1/999
f 1767/1/1011 1766/1/1008 602/1/1000 604/1/1006
f 1767/1/1011 1765/1/1007 605/1/1009 603/1/1005
f 1765/1/1007 1767/1/1011 604/1/1006 606/1/1010
f 1768/1/1012 1769/1/1013 607/1/1014 605/1/1009
f 1769/1/1013 1768/1/1012 606/1/1010 608/1/1015
f 1769/1/1013 1770/1/1016 601/1/999 607/1/1014
f 1770/1/1016 1769/1/1013 608/1/1015 602/1/1000
f 1770/1/1016 1768/1/1012 605/1/1009 601/1/999
f 1768/1/1012 1770/1/1016 602/1/1000 606/1/1010
f 1771/1/1017 1772/1/1018 607/1/1014 609/1/1019
f 1772/1/1018 1771/1/1017 610/1/1020 608/1/1015
f 1772/1/1018 1773/1/1021 605/1/1009 607/1/1014
f 1773/1/1021 1772/1/1018 608/1/1015 606/1/1010
f 1773/1/1021 1771/1/1017 609/1/1019 605/1/1009
f 1771/1/1017 1773/1/1021 606/1/1010 610/1/1020
f 1774/1/1022 1775/1/1023 611/1/1024 609/1/1019
f 1775/1/1023 1774/1/1022 610/1/1020 612/1/1025
f 1775/1/1023 1776/1/1026 607/1/1014 611/1/1024
f 1776/1/1026 1775/1/1023 612/1/1025 608/1/1015
f 1776/1/1026 1774/1/1022 609/1/1019 607/1/1014
f 1774/1/1022 1776/1/1026 608/1/1015 610/1/1020
f 1777/1/1027 1778/1/1028 615/1/1029 613/1/1030
f 1778/1/1028 1777/1/1027 614/1/1031 616/1/1032
f 1778/1/1028 1779/1/1033 617/1/1034 615/1/1029
f 1779/1/1033 1778/1/1028 616/1/1032 618/1/1035
f 1779/1/1033 1777/1/1027 613/1/1030 617/1/1034
f 1777/1/1027 1779/1/1033 618/1/1035 614/1/1031
f 1780/1/1036 1781/1/1037 619/1/1038 613/1/1030
f 1781/1/1037 1780/1/1036 614/1/1031 620/1/1039
f 1781/1/1037 1782/1/1040 615/1/1029 619/1/1038
f 1782/1/1040 1781/1/1037 620/1/1039 616/1/1032
f 1782/1/1040 1780/1/1036 613/1/1030 615/1/1029
f 1780/1/1036 1782/1/1040 616/1/1032 614/1/1031
f 1783/1/1041 1784/1/1042 613/1/1030 619/1/1038
f 1784/1/1042 1783/1/1041 620/1/1039 614/1/1031
f 1784/1/1042 1785/1/1043 621/1/1044 613/1/1030
f 1785/1/1043 1784/1/1042 614/1/1031 622/1/1045
f 1785/1/1043 1783/1/1041 619/1/1038 621/1/1044
f 1783/1/1041 1785/1/1043 622/1/1045 620/1/1039
f 1786/1/1046 1787/1/1047 623/1/1048 621/1/1044
f 1787/1/1047 1786/1/1046 622/1/1045 624/1/1049
f 1787/1/1047 1788/1/1050 619/1/1038 623/1/1048
f 1788/1/1050 1787/1/1047 624/1/1049 620/1/1039
f 1788/1/1050 1786/1/1046 621/1/1044 619/1/1038
f 1786/1/1046 1788/1/1050 620/1/1039 622/1/1045
f 1789/1/1051 1790/1/1052 621/1/1044 623/1/1048
f 1790/1/1052 1789/1/1051 624/1/1049 622/1/1045
f 1790/1/1052 1791/1/1053 625/1/1054 621/1/1044
f 1791/1/1053 1790/1/1052 622/1/1045 626/1/1055
f 1791/1/1053 1789/1/1051 623/1/1048 625/1/1054
f 1789/1/1051 1791/1/1053 626/1/1055 624/1/1049
f 1792/1/1027 1793/1/1033 629/1/1035 627/1/1031
f 1793/1/1033 1792/1/1027 628/1/1030 630/1/1034
f 1793/1/1033 1794/1/1028 631/1/1032 629/1/1035
f 1794/1/1028 1793/1/1033 630/1/1034 632/1/1029
f 1794/1/1028 1792/1/1027 627/1/1031 631/1/1032
f 1792/1/1027 1794/1/1028 632/1/1029 628/1/1030
f 1795/1/1037 1796/1/1036 627/1/1031 633/1/1039
f 1796/1/1036 1795/1/1037 634/1/1038 628/1/1030
f 1796/1/1036 1797/1/1040 631/1/1032 627/1/1031
f 1797/1/1040 1796/1/1036 628/1/1030 632/1/1029
f 1797/1/1040 1795/1/1037 633/1/1039 631/1/1032
f 1795/1/1037 1797/1/1040 632/1/1029 634/1/1038
f 1798/1/1041 1799/1/1043 635/1/1045 633/1/1039
f 1799/1/1043 1798/1/1041 634/1/1038 636/1/1044
f 1799/1/1043 1800/1/1042 627/1/1031 635/1/1045
f 1800/1/1042 1799/1/1043 636/1/1044 628/1/1030
f 1800/1/1042 1798/1/1041 633/1/1039 627/1/1031
f 1798/1/1041 1800/1/1042 628/1/1030 634/1/1038
f 1801/1/1047 1802/1/1046 635/1/1045 637/1/1049
f 1802/1/1046 1801/1/1047 638/1/1048 636/1/1044
f 1802/1/1046 1803/1/1050 633/1/1039 635/1/1045
f 1803/1/1050 1802/1/1046 636/1/1044 634/1/1038
f 1803/1/1050 1801/1/1047 637/1/1049 633/1/1039
f 1801/1/1047 1803/1/1050 634/1/1038 638/1/1048
f 1804/1/1052 1805/1/1051 637/1/1049 635/1/1045
f 1805/1/1051 1804/1/1052 636/1/1044 638/1/1048
f 1805/1/1051 1806/1/1053 639/1/1055 637/1/1049
f 1806/1/1053 1805/1/1051 638/1/1048 640/1/1054
f 1806/1/1053 1804/1/1052 635/1/1045 639/1/1055
f 1804/1/1052 1806/1/1053 640/1/1054 636/1/1044
f 1807/1/1056 1808/1/1057 643/1/1058 641/1/1059
f 1808/1/1057 1807/1/1056 642/1/1060 644/1/1061
f 1808/1/1057 1809/1/1062 645/1/1063 643/1/1058
f 1809/1/1062 1808/1/1057 644/1/1061 646/1/1064
f 1809/1/1062 1807/1/1056 641/1/1059 645/1/1063
f 1807/1/1056 1809/1/1062 646/1/1064 642/1/1060
f 1810/1/1065 1811/1/1066 647/1/1067 643/1/1058
f 1811/1/1066 1810/1/1065 644/1/1061 648/1/1068
f 1811/1/1066 1812/1/1069 645/1/1063 647/1/1067
f 1812/1/1069 1811/1/1066 648/1/1068 646/1/1064
f 1812/1/1069 1810/1/1065 643/1/1058 645/1/1063
f 1810/1/1065 1812/1/1069 646/1/1064 644/1/1061
f 1813/1/1070 1814/1/1071 641/1/1059 643/1/1058
f 1814/1/1071 1813/1/1070 644/1/1061 642/1/1060
f 1814/1/1071 1815/1/1072 649/1/1073 641/1/1059
f 1815/1/1072 1814/1/1071 642/1/1060 650/1/1074
f 1815/1/1072 1813/1/1070 643/1/1058 649/1/1073
f 1813/1/1070 1815/1/1072 650/1/1074 644/1/1061
f 1816/1/1075 1817/1/1076 643/1/1058 647/1/1067
f 1817/1/1076 1816/1/1075 648/1/1068 644/1/1061
f 1817/1/1076 1818/1/1077 651/1/1078 643/1/1058
f 1818/1/1077 1817/1/1076 644/1/1061 652/1/1079
f 1818/1/1077 1816/1/1075 647/1/1067 651/1/1078
f 1816/1/1075 1818/1/1077 652/1/1079 648/1/1068
f 1819/1/1080 1820/1/1081 653/1/1082 641/1/1059
f 1820/1/1081 1819/1/1080 642/1/1060 654/1/1083
f 1820/1/1081 1821/1/1084 649/1/1073 653/1/1082
f 1821/1/1084 1820/1/1081 654/1/1083 650/1/1074
f 1821/1/1084 1819/1/1080 641/1/1059 649/1/1073
f 1819/1/1080 1821/1/1084 650/1/1074 642/1/1060
f 1822/1/1085 1823/1/1086 651/1/1078 647/1/1067
f 1823/1/1086 1822/1/1085 648/1/1068 652/1/1079
f 1823/1/1086 1824/1/1087 655/1/1088 651/1/1078
f 1824/1/1087 1823/1/1086 652/1/1079 656/1/1089
f 1824/1/1087 1822/1/1085 647/1/1067 655/1/1088
f 1822/1/1085 1824/1/1087 656/1/1089 648/1/1068
f 1825/1/1090 1826/1/1091 653/1/1082 657/1/1092
f 1826/1/1091 1825/1/1090 658/1/1093 654/1/1083
f 1826/1/1091 1827/1/1094 641/1/1059 653/1/1082
f 1827/1/1094 1826/1/1091 654/1/1083 642/1/1060
f 1827/1/1094 1825/1/1090 657/1/1092 641/1/1059
f 1825/1/1090 1827/1/1094 642/1/1060 658/1/1093
f 1828/1/1095 1829/1/1096 651/1/1078 655/1/1088
f 1829/1/1096 1828/1/1095 656/1/1089 652/1/1079
f 1829/1/1096 1830/1/1097 659/1/1098 651/1/1078
f 1830/1/1097 1829/1/1096 652/1/1079 660/1/1099
f 1830/1/1097 1828/1/1095 655/1/1088 659/1/1098
f 1828/1/1095 1830/1/1097 660/1/1099 656/1/1089
f 1831/1/1100 1832/1/1101 653/1/1082 661/1/1102
f 1832/1/1101 1831/1/1100 662/1/1103 654/1/1083
f 1832/1/1101 1833/1/1104 657/1/1092 653/1/1082
f 1833/1/1104 1832/1/1101 654/1/1083 658/1/1093
f 1833/1/1104 1831/1/1100 661/1/1102 657/1/1092
f 1831/1/1100 1833/1/1104 658/1/1093 662/1/1103
f 1834/1/1105 1835/1/1106 659/1/1098 655/1/1088
f 1835/1/1106 1834/1/1105 656/1/1089 660/1/1099
f 1835/1/1106 1836/1/1107 661/1/1102 659/1/1098
f 1836/1/1107 1835/1/1106 660/1/1099 662/1/1103
f 1836/1/1107 1834/1/1105 655/1/1088 661/1/1102
f 1834/1/1105 1836/1/1107 662/1/1103 656/1/1089
f 1837/1/1108 1838/1/1109 661/1/1102 653/1/1082
f 1838/1/1109 1837/1/1108 654/1/1083 662/1/1103
f 1838/1/1109 1839/1/1110 663/1/1111 661/1/1102
f 1839/1/1110 1838/1/1109 662/1/1103 664/1/1112
f 1839/1/1110 1837/1/1108 653/1/1082 663/1/1111
f 1837/1/1108 1839/1/1110 664/1/1112 654/1/1083
f 1840/1/1113 1841/1/1114 659/1/1098 661/1/1102
f 1841/1/1114 1840/1/1113 662/1/1103 660/1/1099
f 1841/1/1114 1842/1/1115 663/1/1111 659/1/1098
f 1842/1/1115 1841/1/1114 660/1/1099 664/1/1112
f 1842/1/1115 1840/1/1113 661/1/1102 663/1/1111
f 1840/1/1113 1842/1/1115 664/1/1112 662/1/1103
f 1843/1/1116 1844/1/1117 667/1/1118 665/1/1059
f 1844/1/1117 1843/1/1116 666/1/1119 668/1/1061
f 1844/1/1117 1845/1/1120 669/1/1063 667/1/1118
f 1845/1/1120 1844/1/1117 668/1/1061 670/1/1064
f 1845/1/1120 1843/1/1116 665/1/1059 669/1/1063
f 1843/1/1116 1845/1/1120 670/1/1064 666/1/1119
f 1846/1/1121 1847/1/1122 671/1/1123 667/1/1118
f 1847/1/1122 1846/1/1121 668/1/1061 672/1/1124
f 1847/1/1122 1848/1/1069 669/1/1063 671/1/1123
f 1848/1/1069 1847/1/1122 672/1/1124 670/1/1064
f 1848/1/1069 1846/1/1121 667/1/1118 669/1/1063
f 1846/1/1121 1848/1/1069 670/1/1064 668/1/1061
f 1849/1/1125 1850/1/1126 665/1/1059 667/1/1118
f 1850/1/1126 1849/1/1125 668/1/1061 666/1/1119
f 1850/1/1126 1851/1/1127 673/1/1128 665/1/1059
f 1851/1/1127 1850/1/1126 666/1/1119 674/1/1129
f 1851/1/1127 1849/1/1125 667/1/1118 673/1/1128
f 1849/1/1125 1851/1/1127 674/1/1129 668/1/1061
f 1852/1/1130 1853/1/1076 667/1/1118 671/1/1123
f 1853/1/1076 1852/1/1130 672/1/1124 668/1/1061
f 1853/1/1076 1854/1/1131 675/1/1078 667/1/1118
f 1854/1/1131 1853/1/1076 668/1/1061 676/1/1132
f 1854/1/1131 1852/1/1130 671/1/1123 675/1/1078
f 1852/1/1130 1854/1/1131 676/1/1132 672/1/1124
f 1855/1/1133 1856/1/1081 677/1/1082 665/1/1059
f 1856/1/1081 1855/1/1133 666/1/1119 678/1/1083
f 1856/1/1081 1857/1/1134 673/1/1128 677/1/1082
f 1857/1/1134 1856/1/1081 678/1/1083 674/1/1129
f 1857/1/1134 1855/1/1133 665/1/1059 673/1/1128
f 1855/1/1133 1857/1/1134 674/1/1129 666/1/1119
f 1858/1/1135 1859/1/1136 675/1/1078 671/1/1123
f 1859/1/1136 1858/1/1135 672/1/1124 676/1/1132
f 1859/1/1136 1860/1/1087 679/1/1088 675/1/1078
f 1860/1/1087 1859/1/1136 676/1/1132 680/1/1137
f 1860/1/1087 1858/1/1135 671/1/1123 679/1/1088
f 1858/1/1135 1860/1/1087 680/1/1137 672/1/1124
f 1861/1/1090 1862/1/1138 677/1/1082 681/1/1092
f 1862/1/1138 1861/1/1090 682/1/1093 678/1/1083
f 1862/1/1138 1863/1/1139 665/1/1059 677/1/1082
f 1863/1/1139 1862/1/1138 678/1/1083 666/1/1119
f 1863/1/1139 1861/1/1090 681/1/1092 665/1/1059
f 1861/1/1090 1863/1/1139 666/1/1119 682/1/1093
f 1864/1/1140 1865/1/1141 675/1/1078 679/1/1088
f 1865/1/1141 1864/1/1140 680/1/1137 676/1/1132
f 1865/1/1141 1866/1/1142 683/1/1098 675/1/1078
f 1866/1/1142 1865/1/1141 676/1/1132 684/1/1099
f 1866/1/1142 1864/1/1140 679/1/1088 683/1/1098
f 1864/1/1140 1866/1/1142 684/1/1099 680/1/1137
f 1867/1/1100 1868/1/1143 677/1/1082 685/1/1102
f 1868/1/1143 1867/1/1100 686/1/1103 678/1/1083
f 1868/1/1143 1869/1/1104 681/1/1092 677/1/1082
f 1869/1/1104 1868/1/1143 678/1/1083 682/1/1093
f 1869/1/1104 1867/1/1100 685/1/1102 681/1/1092
f 1867/1/1100 1869/1/1104 682/1/1093 686/1/1103
f 1870/1/1105 1871/1/1144 683/1/1098 679/1/1088
f 1871/1/1144 1870/1/1105 680/1/1137 684/1/1099
f 1871/1/1144 1872/1/1107 685/1/1102 683/1/1098
f 1872/1/1107 1871/1/1144 684/1/1099 686/1/1103
f 1872/1/1107 1870/1/1105 679/1/1088 685/1/1102
f 1870/1/1105 1872/1/1107 686/1/1103 680/1/1137
f 1873/1/1145 1874/1/1146 685/1/1102 677/1/1082
f 1874/1/1146 1873/1/1145 678/1/1083 686/1/1103
f 1874/1/1146 1875/1/1147 687/1/1111 685/1/1102
f 1875/1/1147 1874/1/1146 686/1/1103 688/1/1112
f 1875/1/1147 1873/1/1145 677/1/1082 687/1/1111
f 1873/1/1145 1875/1/1147 688/1/1112 678/1/1083
f 1876/1/1113 1877/1/1114 683/1/1098 685/1/1102
f 1877/1/1114 1876/1/1113 686/1/1103 684/1/1099
f 1877/1/1114 1878/1/1115 687/1/1111 683/1/1098
f 1878/1/1115 1877/1/1114 684/1/1099 688/1/1112
f 1878/1/1115 1876/1/1113 685/1/1102 687/1/1111
f 1876/1/1113 1878/1/1115 688/1/1112 686/1/1103
f 1879/1/1148 1880/1/1149 691/1/1150 689/1/1151
f 1880/1/1149 1879/1/1148 690/1/1152 692/1/1153
f 1880/1/1149 1881/1/1154 693/1/1155 691/1/1150
f 1881/1/1154 1880/1/1149 692/1/1153 694/1/1156
f 1881/1/1154 1879/1/1148 689/1/1151 693/1/1155
f 1879/1/1148 1881/1/1154 694/1/1156 690/1/1152
f 1882/1/1157 1883/1/1158 691/1/1150 695/1/1159
f 1883/1/1158 1882/1/1157 696/1/1160 692/1/1153
f 1883/1/1158 1884/1/1161 689/1/1151 691/1/1150
f 1884/1/1161 1883/1/1158 692/1/1153 690/1/1152
f 1884/1/1161 1882/1/1157 695/1/1159 689/1/1151
f 1882/1/1157 1884/1/1161 690/1/1152 696/1/1160
f 1885/1/1162 1886/1/1163 693/1/1155 689/1/1151
f 1886/1/1163 1885/1/1162 690/1/1152 694/1/1156
f 1886/1/1163 1887/1/1164 697/1/1165 693/1/1155
f 1887/1/1164 1886/1/1163 694/1/1156 698/1/1166
f 1887/1/1164 1885/1/1162 689/1/1151 697/1/1165
f 1885/1/1162 1887/1/1164 698/1/1166 690/1/1152
f 1888/1/1167 1889/1/1168 699/1/1169 695/1/1159
f 1889/1/1168 1888/1/1167 696/1/1160 700/1/1170
f 1889/1/1168 1890/1/1171 691/1/1150 699/1/1169
f 1890/1/1171 1889/1/1168 700/1/1170 692/1/1153
f 1890/1/1171 1888/1/1167 695/1/1159 691/1/1150
f 1888/1/1167 1890/1/1171 692/1/1153 696/1/1160
f 1891/1/1172 1892/1/1173 693/1/1155 697/1/1165
f 1892/1/1173 1891/1/1172 698/1/1166 694/1/1156
f 1892/1/1173 1893/1/1174 701/1/1175 693/1/1155
f 1893/1/1174 1892/1/1173 694/1/1156 702/1/1176
f 1893/1/1174 1891/1/1172 697/1/1165 701/1/1175
f 1891/1/1172 1893/1/1174 702/1/1176 698/1/1166
f 1894/1/1177 1895/1/1178 699/1/1169 703/1/1179
f 1895/1/1178 1894/1/1177 704/1/1180 700/1/1170
f 1895/1/1178 1896/1/1181 695/1/1159 699/1/1169
f 1896/1/1181 1895/1/1178 700/1/1170 696/1/1160
f 1896/1/1181 1894/1/1177 703/1/1179 695/1/1159
f 1894/1/1177 1896/1/1181 696/1/1160 704/1/1180
f 1897/1/1182 1898/1/1183 701/1/1175 697/1/1165
f 1898/1/1183 1897/1/1182 698/1/1166 702/1/1176
f 1898/1/1183 1899/1/1184 705/1/1185 701/1/1175
f 1899/1/1184 1898/1/1183 702/1/1176 706/1/1186
f 1899/1/1184 1897/1/1182 697/1/1165 705/1/1185
f 1897/1/1182 1899/1/1184 706/1/1186 698/1/1166
f 1900/1/1187 1901/1/1188 707/1/1189 703/1/1179
f 1901/1/1188 1900/1/1187 704/1/1180 708/1/1190
f 1901/1/1188 1902/1/1191 699/1/1169 707/1/1189
f 1902/1/1191 1901/1/1188 708/1/1190 700/1/1170
f 1902/1/1191 1900/1/1187 703/1/1179 699/1/1169
f 1900/1/1187 1902/1/1191 700/1/1170 704/1/1180
f 1903/1/1192 1904/1/1193 705/1/1185 709/1/1194
f 1904/1/1193 1903/1/1192 710/1/1195 706/1/1186
f 1904/1/1193 1905/1/1196 701/1/1175 705/1/1185
f 1905/1/1196 1904/1/1193 706/1/1186 702/1/1176
f 1905/1/1196 1903/1/1192 709/1/1194 701/1/1175
f 1903/1/1192 1905/1/1196 702/1/1176 710/1/1195
f 1906/1/1197 1907/1/1198 707/1/1189 711/1/1199
f 1907/1/1198 1906/1/1197 712/1/1200 708/1/1190
f 1907/1/1198 1908/1/1201 703/1/1179 707/1/1189
f 1908/1/1201 1907/1/1198 708/1/1190 704/1/1180
f 1908/1/1201 1906/1/1197 711/1/1199 703/1/1179
f 1906/1/1197 1908/1/1201 704/1/1180 712/1/1200
f 1909/1/1202 1910/1/1203 713/1/1204 709/1/1194
f 1910/1/1203 1909/1/1202 710/1/1195 714/1/1205
f 1910/1/1203 1911/1/1206 705/1/1185 713/1/1204
f 1911/1/1206 1910/1/1203 714/1/1205 706/1/1186
f 1911/1/1206 1909/1/1202 709/1/1194 705/1/1185
f 1909/1/1202 1911/1/1206 706/1/1186 710/1/1195
f 1912/1/1207 1913/1/1208 715/1/1209 711/1/1199
f 1913/1/1208 1912/1/1207 712/1/1200 716/1/1210
f 1913/1/1208 1914/1/1211 707/1/1189 715/1/1209
f 1914/1/1211 1913/1/1208 716/1/1210 708/1/1190
f 1914/1/1211 1912/1/1207 711/1/1199 707/1/1189
f 1912/1/1207 1914/1/1211 708/1/1190 712/1/1200
f 1915/1/1212 1916/1/1213 713/1/1204 717/1/1214
f 1916/1/1213 1915/1/1212 718/1/1215 714/1/1205
f 1916/1/1213 1917/1/1216 709/1/1194 713/1/1204
f 1917/1/1216 1916/1/1213 714/1/1205 710/1/1195
f 1917/1/1216 1915/1/1212 717/1/1214 709/1/1194
f 1915/1/1212 1917/1/1216 710/1/1195 718/1/1215
f 1918/1/1217 1919/1/1218 715/1/1209 719/1/1219
f 1919/1/1218 1918/1/1217 720/1/1220 716/1/1210
f 1919/1/1218 1920/1/1221 711/1/1199 715/1/1209
f 1920/1/1221 1919/1/1218 716/1/1210 712/1/1200
f 1920/1/1221 1918/1/1217 719/1/1219 711/1/1199
f 1918/1/1217 1920/1/1221 712/1/1200 720/1/1220
f 1921/1/1222 1922/1/1223 719/1/1219 717/1/1214
f 1922/1/1223 1921/1/1222 718/1/1215 720/1/1220
f 1922/1/1223 1923/1/1224 713/1/1204 719/1/1219
f 1923/1/1224 1922/1/1223 720/1/1220 714/1/1205
f 1923/1/1224 1921/1/1222 717/1/1214 713/1/1204
f 1921/1/1222 1923/1/1224 714/1/1205 718/1/1215
f 1924/1/1225 1925/1/1226 717/1/1214 719/1/1219
f 1925/1/1226 1924/1/1225 720/1/1220 718/1/1215
f 1925/1/1226 1926/1/1227 715/1/1209 717/1/1214
f 1926/1/1227 1925/1/1226 718/1/1215 716/1/1210
f 1926/1/1227 1924/1/1225 719/1/1219 715/1/1209
f 1924/1/1225 1926/1/1227 716/1/1210 720/1/1220
f 1927/1/1228 1928/1/1229 723/1/1230 721/1/1231
f 1928/1/1229 1927/1/1228 722/1/1232 724/1/1233
f 1928/1/1229 1929/1/1234 725/1/1235 723/1/1230
f 1929/1/1234 1928/1/1229 724/1/1233 726/1/1236
f 1929/1/1234 1927/1/1228 721/1/1231 725/1/1235
f 1927/1/1228 1929/1/1234 726/1/1236 722/1/1232
f 1930/1/1237 1931/1/1238 721/1/1231 723/1/1230
f 1931/1/1238 1930/1/1237 724/1/1233 722/1/1232
f 1931/1/1238 1932/1/1239 727/1/1240 721/1/1231
f 1932/1/1239 1931/1/1238 722/1/1232 728/1/1241
f 1932/1/1239 1930/1/1237 723/1/1230 727/1/1240
f 1930/1/1237 1932/1/1239 728/1/1241 724/1/1233
f 1933/1/1242 1934/1/1243 729/1/1244 725/1/1235
f 1934/1/1243 1933/1/1242 726/1/1236 730/1/1245
f 1934/1/1243 1935/1/1246 721/1/1231 729/1/1244
f 1935/1/1246 1934/1/1243 730/1/1245 722/1/1232
f 1935/1/1246 1933/1/1242 725/1/1235 721/1/1231
f 1933/1/1242 1935/1/1246 722/1/1232 726/1/1236
f 1936/1/1247 1937/1/1248 723/1/1230 731/1/1249
f 1937/1/1248 1936/1/1247 732/1/1250 724/1/1233
f 1937/1/1248 1938/1/1251 727/1/1240 723/1/1230
f 1938/1/1251 1937/1/1248 724/1/1233 728/1/1241
f 1938/1/1251 1936/1/1247 731/1/1249 727/1/1240
f 1936/1/1247 1938/1/1251 728/1/1241 732/1/1250
f 1939/1/1252 1940/1/1253 733/1/1254 725/1/1235
f 1940/1/1253 1939/1/1252 726/1/1236 734/1/1255
f 1940/1/1253 1941/1/1256 729/1/1244 733/1/1254
f 1941/1/1256 1940/1/1253 734/1/1255 730/1/1245
f 1941/1/1256 1939/1/1252 725/1/1235 729/1/1244
f 1939/1/1252 1941/1/1256 730/1/1245 726/1/1236
f 1942/1/1257 1943/1/1258 727/1/1240 731/1/1249
f 1943/1/1258 1942/1/1257 732/1/1250 728/1/1241
f 1943/1/1258 1944/1/1259 735/1/1260 727/1/1240
f 1944/1/1259 1943/1/1258 728/1/1241 736/1/1261
f 1944/1/1259 1942/1/1257 731/1/1249 735/1/1260
f 1942/1/1257 1944/1/1259 736/1/1261 732/1/1250
f 1945/1/1262 1946/1/1263 735/1/1260 733/1/1254
f 1946/1/1263 1945/1/1262 734/1/1255 736/1/1261
f 1946/1/1263 1947/1/1264 729/1/1244 735/1/1260
f 1947/1/1264 1946/1/1263 736/1/1261 730/1/1245
f 1947/1/1264 1945/1/1262 733/1/1254 729/1/1244
f 1945/1/1262 1947/1/1264 730/1/1245 734/1/1255
f 1948/1/1265 1949/1/1266 735/1/1260 731/1/1249
f 1949/1/1266 1948/1/1265 732/1/1250 736/1/1261
f 1949/1/1266 1950/1/1267 733/1/1254 735/1/1260
f 1950/1/1267 1949/1/1266 736/1/1261 734/1/1255
f 1950/1/1267 1948/1/1265 731/1/1249 733/1/1254
f 1948/1/1265 1950/1/1267 734/1/1255 732/1/1250
f 1951/1/1268 1952/1/1269 739/1/1270 737/1/1271
f 1952/1/1269 1951/1/1268 738/1/1272 740/1/1273
f 1952/1/1269 1953/1/1274 741/1/1275 739/1/1270
f 1953/1/1274 1952/1/1269 740/1/1273 742/1/1276
f 1953/1/1274 1951/1/1268 737/1/1271 741/1/1275
f 1951/1/1268 1953/1/1274 742/1/1276 738/1/1272
f 1954/1/1277 1955/1/1278 739/1/1270 743/1/1279
f 1955/1/1278 1954/1/1277 744/1/1280 740/1/1273
f 1955/1/1278 1956/1/1161 737/1/1271 739/1/1270
f 1956/1/1161 1955/1/1278 740/1/1273 738/1/1272
f 1956/1/1161 1954/1/1277 743/1/1279 737/1/1271
f 1954/1/1277 1956/1/1161 738/1/1272 744/1/1280
f 1957/1/1281 1958/1/1282 741/1/1275 737/1/1271
f 1958/1/1282 1957/1/1281 738/1/1272 742/1/1276
f 1958/1/1282 1959/1/1164 745/1/1283 741/1/1275
f 1959/1/1164 1958/1/1282 742/1/1276 746/1/1284
f 1959/1/1164 1957/1/1281 737/1/1271 745/1/1283
f 1957/1/1281 1959/1/1164 746/1/1284 738/1/1272
f 1960/1/1285 1961/1/1168 747/1/1286 743/1/1279
f 1961/1/1168 1960/1/1285 744/1/1280 748/1/1287
f 1961/1/1168 1962/1/1288 739/1/1270 747/1/1286
f 1962/1/1288 1961/1/1168 748/1/1287 740/1/1273
f 1962/1/1288 1960/1/1285 743/1/1279 739/1/1270
f 1960/1/1285 1962/1/1288 740/1/1273 744/1/1280
f 1963/1/1289 1964/1/1173 741/1/1275 745/1/1283
f 1964/1/1173 1963/1/1289 746/1/1284 742/1/1276
f 1964/1/1173 1965/1/1290 749/1/1291 741/1/1275
f 1965/1/1290 1964/1/1173 742/1/1276 750/1/1292
f 1965/1/1290 1963/1/1289 745/1/1283 749/1/1291
f 1963/1/1289 1965/1/1290 750/1/1292 746/1/1284
f 1966/1/1293 1967/1/1294 747/1/1286 751/1/1295
f 1967/1/1294 1966/1/1293 752/1/1296 748/1/1287
f 1967/1/1294 1968/1/1181 743/1/1279 747/1/1286
f 1968/1/1181 1967/1/1294 748/1/1287 744/1/1280
f 1968/1/1181 1966/1/1293 751/1/1295 743/1/1279
f 1966/1/1293 1968/1/1181 744/1/1280 752/1/1296
f 1969/1/1297 1970/1/1298 749/1/1291 745/1/1283
f 1970/1/1298 1969/1/1297 746/1/1284 750/1/1292
f 1970/1/1298 1971/1/1184 753/1/1299 749/1/1291
f 1971/1/1184 1970/1/1298 750/1/1292 754/1/1300
f 1971/1/1184 1969/1/1297 745/1/1283 753/1/1299
f 1969/1/1297 1971/1/1184 754/1/1300 746/1/1284
f 1972/1/1301 1973/1/1188 755/1/1302 751/1/1295
f 1973/1/1188 1972/1/1301 752/1/1296 756/1/1303
f 1973/1/1188 1974/1/1304 747/1/1286 755/1/1302
f 1974/1/1304 1973/1/1188 756/1/1303 748/1/1287
f 1974/1/1304 1972/1/1301 751/1/1295 747/1/1286
f 1972/1/1301 1974/1/1304 748/1/1287 752/1/1296
f 1975/1/1305 1976/1/1306 753/1/1299 757/1/1307
f 1976/1/1306 1975/1/1305 758/1/1308 754/1/1300
f 1976/1/1306 1977/1/1196 749/1/1291 753/1/1299
f 1977/1/1196 1976/1/1306 754/1/1300 750/1/1292
f 1977/1/1196 1975/1/1305 757/1/1307 749/1/1291
f 1975/1/1305 1977/1/1196 750/1/1292 758/1/1308
f 1978/1/1309 1979/1/1310 755/1/1302 759/1/1311
f 1979/1/1310 1978/1/1309 760/1/1312 756/1/1303
f 1979/1/1310 1980/1/1201 751/1/1295 755/1/1302
f 1980/1/1201 1979/1/1310 756/1/1303 752/1/1296
f 1980/1/1201 1978/1/1309 759/1/1311 751/1/1295
f 1978/1/1309 1980/1/1201 752/1/1296 760/1/1312
f 1981/1/1313 1982/1/1203 761/1/1314 757/1/1307
f 1982/1/1203 1981/1/1313 758/1/1308 762/1/1315
f 1982/1/1203 1983/1/1316 753/1/1299 761/1/1314
f 1983/1/1316 1982/1/1203 762/1/1315 754/1/1300
f 1983/1/1316 1981/1/1313 757/1/1307 753/1/1299
f 1981/1/1313 1983/1/1316 754/1/1300 758/1/1308
f 1984/1/1317 1985/1/1208 763/1/1318 759/1/1311
f 1985/1/1208 1984/1/1317 760/1/1312 764/1/1319
f 1985/1/1208 1986/1/1320 755/1/1302 763/1/1318
f 1986/1/1320 1985/1/1208 764/1/1319 756/1/1303
f 1986/1/1320 1984/1/1317 759/1/1311 755/1/1302
f 1984/1/1317 1986/1/1320 756/1/1303 760/1/1312
f 1987/1/1321 1988/1/1322 761/1/1314 765/1/1323
f 1988/1/1322 1987/1/1321 766/1/1324 762/1/1315
f 1988/1/1322 1989/1/1216 757/1/1307 761/1/1314
f 1989/1/1216 1988/1/1322 762/1/1315 758/1/1308
f 1989/1/1216 1987/1/1321 765/1/1323 757/1/1307
f 1987/1/1321 1989/1/1216 758/1/1308 766/1/1324
f 1990/1/1325 1991/1/1326 763/1/1318 767/1/1327
f 1991/1/1326 1990/1/1325 768/1/1328 764/1/1319
f 1991/1/1326 1992/1/1221 759/1/1311 763/1/1318
f 1992/1/1221 1991/1/1326 764/1/1319 760/1/1312
f 1992/1/1221 1990/1/1325 767/1/1327 759/1/1311
f 1990/1/1325 1992/1/1221 760/1/1312 768/1/1328
f 1993/1/1329 1994/1/1223 767/1/1327 765/1/1323
f 1994/1/1223 1993/1/1329 766/1/1324 768/1/1328
f 1994/1/1223 1995/1/1330 761/1/1314 767/1/1327
f 1995/1/1330 1994/1/1223 768/1/1328 762/1/1315
f 1995/1/1330 1993/1/1329 765/1/1323 761/1/1314
f 1993/1/1329 1995/1/1330 762/1/1315 766/1/1324
f 1996/1/1331 1997/1/1332 765/1/1323 767/1/1327
f 1997/1/1332 1996/1/1331 768/1/1328 766/1/1324
f 1997/1/1332 1998/1/1333 763/1/1318 765/1/1323
f 1998/1/1333 1997/1/1332 766/1/1324 764/1/1319
f 1998/1/1333 1996/1/1331 767/1/1327 763/1/1318
f 1996/1/1331 1998/1/1333 764/1/1319 768/1/1328
f 1999/1/1334 2000/1/610 771/1/1335 769/1/1336
f 2000/1/610 1999/1/1334 770/1/1337 772/1/1338
f 2000/1/610 2001/1/1339 773/1/1340 771/1/1335
f 2001/1/1339 2000/1/610 772/1/1338 774/1/1341
f 2001/1/1339 1999/1/1334 769/1/1336 773/1/1340
f 1999/1/1334 2001/1/1339 774/1/1341 770/1/1337
f 2002/1/1342 2003/1/1343 773/1/1340 769/1/1336
f 2003/1/1343 2002/1/1342 770/1/1337 774/1/1341
f 2003/1/1343 2004/1/399 775/1/1344 773/1/1340
f 2004/1/399 2003/1/1343 774/1/1341 776/1/1345
f 2004/1/399 2002/1/1342 769/1/1336 775/1/1344
f 2002/1/1342 2004/1/399 776/1/1345 770/1/1337
f 2005/1/1346 2006/1/594 779/1/1347 777/1/1348
f 2006/1/594 2005/1/1346 778/1/1349 780/1/1350
f 2006/1/594 2007/1/1351 781/1/1352 779/1/1347
f 2007/1/1351 2006/1/594 780/1/1350 782/1/1353
f 2007/1/1351 2005/1/1346 777/1/1348 781/1/1352
f 2005/1/1346 2007/1/1351 782/1/1353 778/1/1349
f 2008/1/1354 2009/1/1355 781/1/1352 777/1/1348
f 2009/1/1355 2008/1/1354 778/1/1349 782/1/1353
f 2009/1/1355 2010/1/588 783/1/861 781/1/1352
f 2010/1/588 2009/1/1355 782/1/1353 784/1/860
f 2010/1/588 2008/1/1354 777/1/1348 783/1/861
f 2008/1/1354 2010/1/588 784/1/860 778/1/1349
f 2011/1/924 2012/1/923 787/1/1356 785/1/921
f 2012/1/923 2011/1/924 786/1/920 788/1/1357
f 2012/1/923 2013/1/387 789/1/926 787/1/1356
f 2013/1/387 2012/1/923 788/1/1357 790/1/925
f 2013/1/387 2011/1/924 785/1/921 789/1/926
f 2011/1/924 2013/1/387 790/1/925 786/1/920
f 2014/1/919 2015/1/918 785/1/921 787/1/1356
f 2015/1/918 2014/1/919 788/1/1357 786/1/920
f 2015/1/918 2016/1/922 791/1/916 785/1/921
f 2016/1/922 2015/1/918 786/1/920 792/1/915
f 2016/1/922 2014/1/919 787/1/1356 791/1/916
f 2014/1/919 2016/1/922 792/1/915 788/1/1357
f 2017/1/914 2018/1/913 791/1/916 787/1/1356
f 2018/1/913 2017/1/914 788/1/1357 792/1/915
f 2018/1/913 2019/1/917 793/1/1358 791/1/916
f 2019/1/917 2018/1/913 792/1/915 794/1/1359
f 2019/1/917 2017/1/914 787/1/1356 793/1/1358
f 2017/1/914 2019/1/917 794/1/1359 788/1/1357
f 2020/1/1360 2021/1/1361 795/1/1362 793/1/1358
f 2021/1/1361 2020/1/1360 794/1/1359 796/1/1363
f 2021/1/1361 2022/1/1364 787/1/1356 795/1/1362
f 2022/1/1364 2021/1/1361 796/1/1363 788/1/1357
f 2022/1/1364 2020/1/1360 793/1/1358 787/1/1356
f 2020/1/1360 2022/1/1364 788/1/1357 794/1/1359
f 2023/1/1365 2024/1/1366 793/1/1358 795/1/1362
f 2024/1/1366 2023/1/1365 796/1/1363 794/1/1359
f 2024/1/1366 2025/1/392 797/1/393 793/1/1358
f 2025/1/392 2024/1/1366 794/1/1359 798/1/394
f 2025/1/392 2023/1/1365 795/1/1362 797/1/393
f 2023/1/1365 2025/1/392 798/1/394 796/1/1363
f 2026/1/1361 2027/1/1360 801/1/1359 799/1/1363
f 2027/1/1360 2026/1/1361 800/1/1362 802/1/1358
f 2027/1/1360 2028/1/1364 803/1/1357 801/1/1359
f 2028/1/1364 2027/1/1360 802/1/1358 804/1/1356
f 2028/1/1364 2026/1/1361 799/1/1363 803/1/1357
f 2026/1/1361 2028/1/1364 804/1/1356 800/1/1362
f 2029/1/1366 2030/1/1365 799/1/1363 801/1/1359
f 2030/1/1365 2029/1/1366 802/1/1358 800/1/1362
f 2030/1/1365 2031/1/392 805/1/394 799/1/1363
f 2031/1/392 2030/1/1365 800/1/1362 806/1/393
f 2031/1/392 2029/1/1366 801/1/1359 805/1/394
f 2029/1/1366 2031/1/392 806/1/393 802/1/1358
f 2032/1/914 2033/1/917 801/1/1359 803/1/1357
f 2033/1/917 2032/1/914 804/1/1356 802/1/1358
f 2033/1/917 2034/1/913 807/1/915 801/1/1359
f 2034/1/913 2033/1/917 802/1/1358 808/1/916
f 2034/1/913 2032/1/914 803/1/1357 807/1/915
f 2032/1/914 2034/1/913 808/1/916 804/1/1356
f 2035/1/918 2036/1/919 803/1/1357 809/1/920
f 2036/1/919 2035/1/918 810/1/921 804/1/1356
f 2036/1/919 2037/1/922 807/1/915 803/1/1357
f 2037/1/922 2036/1/919 804/1/1356 808/1/916
f 2037/1/922 2035/1/918 809/1/920 807/1/915
f 2035/1/918 2037/1/922 808/1/916 810/1/921
f 2038/1/923 2039/1/924 809/1/920 803/1/1357
f 2039/1/924 2038/1/923 804/1/1356 810/1/921
f 2039/1/924 2040/1/387 811/1/925 809/1/920
f 2040/1/387 2039/1/924 810/1/921 812/1/926
f 2040/1/387 2038/1/923 803/1/1357 811/1/925
f 2038/1/923 2040/1/387 812/1/926 804/1/1356
f 2041/1/936 2042/1/935 815/1/931 813/1/938
f 2042/1/935 2041/1/936 814/1/937 816/1/930
f 2042/1/935 2043/1/934 817/1/932 815/1/931
f 2043/1/934 2042/1/935 816/1/930 818/1/929
f 2043/1/934 2041/1/936 813/1/938 817/1/932
f 2041/1/936 2043/1/934 818/1/929 814/1/937
f 2044/1/928 2045/1/927 815/1/931 817/1/932
f 2045/1/927 2044/1/928 818/1/929 816/1/930
f 2045/1/927 2046/1/594 819/1/933 815/1/931
f 2046/1/594 2045/1/927 816/1/930 820/1/873
f 2046/1/594 2044/1/928 817/1/932 819/1/933
f 2044/1/928 2046/1/594 820/1/873 818/1/929
f 2047/1/927 2048/1/928 823/1/929 821/1/930
f 2048/1/928 2047/1/927 822/1/931 824/1/932
f 2048/1/928 2049/1/594 825/1/873 823/1/929
f 2049/1/594 2048/1/928 824/1/932 826/1/933
f 2049/1/594 2047/1/927 821/1/930 825/1/873
f 2047/1/927 2049/1/594 826/1/933 822/1/931
f 2050/1/934 2051/1/935 821/1/930 823/1/929
f 2051/1/935 2050/1/934 824/1/932 822/1/931
f 2051/1/935 2052/1/936 827/1/937 821/1/930
f 2052/1/936 2051/1/935 822/1/931 828/1/938
f 2052/1/936 2050/1/934 823/1/929 827/1/937
f 2050/1/934 2052/1/936 828/1/938 824/1/932
f 2053/1/1367 2054/1/705 831/1/1368 829/1/1369
f 2054/1/705 2053/1/1367 830/1/1370 832/1/1371
f 2054/1/705 2055/1/1372 833/1/1373 831/1/1368
f 2055/1/1372 2054/1/705 832/1/1371 834/1/1374
f 2055/1/1372 2053/1/1367 829/1/1369 833/1/1373
f 2053/1/1367 2055/1/1372 834/1/1374 830/1/1370
f 2056/1/1375 2057/1/1376 831/1/1368 835/1/1377
f 2057/1/1376 2056/1/1375 836/1/1378 832/1/1371
f 2057/1/1376 2058/1/717 829/1/1369 831/1/1368
f 2058/1/717 2057/1/1376 832/1/1371 830/1/1370
f 2058/1/717 2056/1/1375 835/1/1377 829/1/1369
f 2056/1/1375 2058/1/717 830/1/1370 836/1/1378
f 2059/1/1379 2060/1/1380 833/1/1373 829/1/1369
f 2060/1/1380 2059/1/1379 830/1/1370 834/1/1374
f 2060/1/1380 2061/1/720 837/1/1381 833/1/1373
f 2061/1/720 2060/1/1380 834/1/1374 838/1/1382
f 2061/1/720 2059/1/1379 829/1/1369 837/1/1381
f 2059/1/1379 2061/1/720 838/1/1382 830/1/1370
f 2062/1/1383 2063/1/724 839/1/1384 835/1/1377
f 2063/1/724 2062/1/1383 836/1/1378 840/1/1385
f 2063/1/724 2064/1/1386 831/1/1368 839/1/1384
f 2064/1/1386 2063/1/724 840/1/1385 832/1/1371
f 2064/1/1386 2062/1/1383 835/1/1377 831/1/1368
f 2062/1/1383 2064/1/1386 832/1/1371 836/1/1378
f 2065/1/1387 2066/1/729 833/1/1373 837/1/1381
f 2066/1/729 2065/1/1387 838/1/1382 834/1/1374
f 2066/1/729 2067/1/1388 841/1/1389 833/1/1373
f 2067/1/1388 2066/1/729 834/1/1374 842/1/1390
f 2067/1/1388 2065/1/1387 837/1/1381 841/1/1389
f 2065/1/1387 2067/1/1388 842/1/1390 838/1/1382
f 2068/1/1391 2069/1/1392 839/1/1384 843/1/1393
f 2069/1/1392 2068/1/1391 844/1/1394 840/1/1385
f 2069/1/1392 2070/1/1395 835/1/1377 839/1/1384
f 2070/1/1395 2069/1/1392 840/1/1385 836/1/1378
f 2070/1/1395 2068/1/1391 843/1/1393 835/1/1377
f 2068/1/1391 2070/1/1395 836/1/1378 844/1/1394
f 2071/1/1396 2072/1/1397 841/1/1389 837/1/1381
f 2072/1/1397 2071/1/1396 838/1/1382 842/1/1390
f 2072/1/1397 2073/1/740 845/1/1398 841/1/1389
f 2073/1/740 2072/1/1397 842/1/1390 846/1/1399
f 2073/1/740 2071/1/1396 837/1/1381 845/1/1398
f 2071/1/1396 2073/1/740 846/1/1399 838/1/1382
f 2074/1/1400 2075/1/744 847/1/1401 843/1/1393
f 2075/1/744 2074/1/1400 844/1/1394 848/1/1402
f 2075/1/744 2076/1/1403 839/1/1384 847/1/1401
f 2076/1/1403 2075/1/744 848/1/1402 840/1/1385
f 2076/1/1403 2074/1/1400 843/1/1393 839/1/1384
f 2074/1/1400 2076/1/1403 840/1/1385 844/1/1394
f 2077/1/1404 2078/1/1405 845/1/1398 849/1/1406
f 2078/1/1405 2077/1/1404 850/1/1407 846/1/1399
f 2078/1/1405 2079/1/752 841/1/1389 845/1/1398
f 2079/1/752 2078/1/1405 846/1/1399 842/1/1390
f 2079/1/752 2077/1/1404 849/1/1406 841/1/1389
f 2077/1/1404 2079/1/752 842/1/1390 850/1/1407
f 2080/1/1408 2081/1/1409 847/1/1401 851/1/1410
f 2081/1/1409 2080/1/1408 852/1/1411 848/1/1402
f 2081/1/1409 2082/1/757 843/1/1393 847/1/1401
f 2082/1/757 2081/1/1409 848/1/1402 844/1/1394
f 2082/1/757 2080/1/1408 851/1/1410 843/1/1393
f 2080/1/1408 2082/1/757 844/1/1394 852/1/1411
f 2083/1/1412 2084/1/1413 853/1/1414 849/1/1406
f 2084/1/1413 2083/1/1412 850/1/1407 854/1/1415
f 2084/1/1413 2085/1/1416 845/1/1398 853/1/1414
f 2085/1/1416 2084/1/1413 854/1/1415 846/1/1399
f 2085/1/1416 2083/1/1412 849/1/1406 845/1/1398
f 2083/1/1412 2085/1/1416 846/1/1399 850/1/1407
f 2086/1/1417 2087/1/1418 855/1/1419 851/1/1410
f 2087/1/1418 2086/1/1417 852/1/1411 856/1/1420
f 2087/1/1418 2088/1/1421 847/1/1401 855/1/1419
f 2088/1/1421 2087/1/1418 856/1/1420 848/1/1402
f 2088/1/1421 2086/1/1417 851/1/1410 847/1/1401
f 2086/1/1417 2088/1/1421 848/1/1402 852/1/1411
f 2089/1/1422 2090/1/1423 853/1/1414 857/1/1424
f 2090/1/1423 2089/1/1422 858/1/1425 854/1/1415
f 2090/1/1423 2091/1/772 849/1/1406 853/1/1414
f 2091/1/772 2090/1/1423 854/1/1415 850/1/1407
f 2091/1/772 2089/1/1422 857/1/1424 849/1/1406
f 2089/1/1422 2091/1/772 850/1/1407 858/1/1425
f 2092/1/1426 2093/1/1427 855/1/1419 859/1/1428
f 2093/1/1427 2092/1/1426 860/1/1429 856/1/1420
f 2093/1/1427 2094/1/777 851/1/1410 855/1/1419
f 2094/1/777 2093/1/1427 856/1/1420 852/1/1411
f 2094/1/777 2092/1/1426 859/1/1428 851/1/1410
f 2092/1/1426 2094/1/777 852/1/1411 860/1/1429
f 2095/1/1430 2096/1/1431 859/1/1428 857/1/1424
f 2096/1/1431 2095/1/1430 858/1/1425 860/1/1429
f 2096/1/1431 2097/1/1432 853/1/1414 859/1/1428
f 2097/1/1432 2096/1/1431 860/1/1429 854/1/1415
f 2097/1/1432 2095/1/1430 857/1/1424 853/1/1414
f 2095/1/1430 2097/1/1432 854/1/1415 858/1/1425
f 2098/1/1433 2099/1/782 857/1/1424 859/1/1428
f 2099/1/782 2098/1/1433 860/1/1429 858/1/1425
f 2099/1/782 2100/1/1434 855/1/1419 857/1/1424
f 2100/1/1434 2099/1/782 858/1/1425 856/1/1420
f 2100/1/1434 2098/1/1433 859/1/1428 855/1/1419
f 2098/1/1433 2100/1/1434 856/1/1420 860/1/1429
f 2101/1/1435 2102/1/1436 863/1/1437 861/1/1438
f 2102/1/1436 2101/1/1435 862/1/1439 864/1/1440
f 2102/1/1436 2103/1/1441 865/1/1442 863/1/1437
f 2103/1/1441 2102/1/1436 864/1/1440 866/1/1443
f 2103/1/1441 2101/1/1435 861/1/1438 865/1/1442
f 2101/1/1435 2103/1/1441 866/1/1443 862/1/1439
f 2104/1/1444 2105/1/1445 865/1/1442 861/1/1438
f 2105/1/1445 2104/1/1444 862/1/1439 866/1/1443
f 2105/1/1445 2106/1/1446 867/1/1447 865/1/1442
f 2106/1/1446 2105/1/1445 866/1/1443 868/1/1448
f 2106/1/1446 2104/1/1444 861/1/1438 867/1/1447
f 2104/1/1444 2106/1/1446 868/1/1448 862/1/1439
f 2107/1/1449 2108/1/1450 869/1/1451 867/1/1447
f 2108/1/1450 2107/1/1449 868/1/1448 870/1/1452
f 2108/1/1450 2109/1/1453 861/1/1438 869/1/1451
f 2109/1/1453 2108/1/1450 870/1/1452 862/1/1439
f 2109/1/1453 2107/1/1449 867/1/1447 861/1/1438
f 2107/1/1449 2109/1/1453 862/1/1439 868/1/1448
f 2110/1/1454 2111/1/1455 861/1/1438 871/1/1456
f 2111/1/1455 2110/1/1454 872/1/1457 862/1/1439
f 2111/1/1455 2112/1/1458 869/1/1451 861/1/1438
f 2112/1/1458 2111/1/1455 862/1/1439 870/1/1452
f 2112/1/1458 2110/1/1454 871/1/1456 869/1/1451
f 2110/1/1454 2112/1/1458 870/1/1452 872/1/1457
f 2113/1/1459 2114/1/1460 869/1/1451 871/1/1456
f 2114/1/1460 2113/1/1459 872/1/1457 870/1/1452
f 2114/1/1460 2115/1/1461 873/1/1462 869/1/1451
f 2115/1/1461 2114/1/1460 870/1/1452 874/1/1463
f 2115/1/1461 2113/1/1459 871/1/1456 873/1/1462
f 2113/1/1459 2115/1/1461 874/1/1463 872/1/1457
f 2116/1/1464 2117/1/1465 871/1/1456 875/1/1466
f 2117/1/1465 2116/1/1464 876/1/1467 872/1/1457
f 2117/1/1465 2118/1/1468 873/1/1462 871/1/1456
f 2118/1/1468 2117/1/1465 872/1/1457 874/1/1463
f 2118/1/1468 2116/1/1464 875/1/1466 873/1/1462
f 2116/1/1464 2118/1/1468 874/1/1463 876/1/1467
f 2119/1/1469 2120/1/1470 875/1/1466 877/1/1471
f 2120/1/1470 2119/1/1469 878/1/1472 876/1/1467
f 2120/1/1470 2121/1/1473 873/1/1462 875/1/1466
f 2121/1/1473 2120/1/1470 876/1/1467 874/1/1463
f 2121/1/1473 2119/1/1469 877/1/1471 873/1/1462
f 2119/1/1469 2121/1/1473 874/1/1463 878/1/1472
f 2122/1/1474 2123/1/1475 873/1/1462 877/1/1471
f 2123/1/1475 2122/1/1474 878/1/1472 874/1/1463
f 2123/1/1475 2124/1/1476 879/1/1477 873/1/1462
f 2124/1/1476 2123/1/1475 874/1/1463 880/1/1478
f 2124/1/1476 2122/1/1474 877/1/1471 879/1/1477
f 2122/1/1474 2124/1/1476 880/1/1478 878/1/1472
f 2125/1/1479 2126/1/1480 877/1/1471 881/1/1481
f 2126/1/1480 2125/1/1479 882/1/1482 878/1/1472
f 2126/1/1480 2127/1/1483 879/1/1477 877/1/1471
f 2127/1/1483 2126/1/1480 878/1/1472 880/1/1478
f 2127/1/1483 2125/1/1479 881/1/1481 879/1/1477
f 2125/1/1479 2127/1/1483 880/1/1478 882/1/1482
f 2128/1/1484 2129/1/1485 881/1/1481 877/1/1471
f 2129/1/1485 2128/1/1484 878/1/1472 882/1/1482
f 2129/1/1485 2130/1/1486 883/1/1487 881/1/1481
f 2130/1/1486 2129/1/1485 882/1/1482 884/1/1488
f 2130/1/1486 2128/1/1484 877/1/1471 883/1/1487
f 2128/1/1484 2130/1/1486 884/1/1488 878/1/1472
f 2131/1/1489 2132/1/1490 885/1/1491 881/1/1481
f 2132/1/1490 2131/1/1489 882/1/1482 886/1/1492
f 2132/1/1490 2133/1/1493 883/1/1487 885/1/1491
f 2133/1/1493 2132/1/1490 886/1/1492 884/1/1488
f 2133/1/1493 2131/1/1489 881/1/1481 883/1/1487
f 2131/1/1489 2133/1/1493 884/1/1488 882/1/1482
f 2134/1/1494 2135/1/1495 881/1/1481 885/1/1491
f 2135/1/1495 2134/1/1494 886/1/1492 882/1/1482
f 2135/1/1495 2136/1/1496 887/1/1497 881/1/1481
f 2136/1/1496 2135/1/1495 882/1/1482 888/1/1498
f 2136/1/1496 2134/1/1494 885/1/1491 887/1/1497
f 2134/1/1494 2136/1/1496 888/1/1498 886/1/1492
f 2137/1/1499 2138/1/1500 891/1/1501 889/1/1502
f 2138/1/1500 2137/1/1499 890/1/1503 892/1/1504
f 2138/1/1500 2139/1/1505 893/1/1506 891/1/1501
f 2139/1/1505 2138/1/1500 892/1/1504 894/1/1507
f 2139/1/1505 2137/1/1499 889/1/1502 893/1/1506
f 2137/1/1499 2139/1/1505 894/1/1507 890/1/1503
f 2140/1/1508 2141/1/1509 889/1/1502 891/1/1501
f 2141/1/1509 2140/1/1508 892/1/1504 890/1/1503
f 2141/1/1509 2142/1/1510 895/1/1511 889/1/1502
f 2142/1/1510 2141/1/1509 890/1/1503 896/1/1512
f 2142/1/1510 2140/1/1508 891/1/1501 895/1/1511
f 2140/1/1508 2142/1/1510 896/1/1512 892/1/1504
f 2143/1/1513 2144/1/495 891/1/1501 893/1/1506
f 2144/1/495 2143/1/1513 894/1/1507 892/1/1504
f 2144/1/495 2145/1/1514 897/1/1515 891/1/1501
f 2145/1/1514 2144/1/495 892/1/1504 898/1/1516
f 2145/1/1514 2143/1/1513 893/1/1506 897/1/1515
f 2143/1/1513 2145/1/1514 898/1/1516 894/1/1507
f 2146/1/1517 2147/1/1518 897/1/1515 893/1/1506
f 2147/1/1518 2146/1/1517 894/1/1507 898/1/1516
f 2147/1/1518 2148/1/616 899/1/620 897/1/1515
f 2148/1/616 2147/1/1518 898/1/1516 900/1/617
f 2148/1/616 2146/1/1517 893/1/1506 899/1/620
f 2146/1/1517 2148/1/616 900/1/617 894/1/1507
f 2149/1/1519 2150/1/440 903/1/462 901/1/1520
f 2150/1/440 2149/1/1519 902/1/1521 904/1/461
f 2150/1/440 2151/1/1522 905/1/1523 903/1/462
f 2151/1/1522 2150/1/440 904/1/461 906/1/1524
f 2151/1/1522 2149/1/1519 901/1/1520 905/1/1523
f 2149/1/1519 2151/1/1522 906/1/1524 902/1/1521
f 2152/1/1525 2153/1/1526 905/1/1523 901/1/1520
f 2153/1/1526 2152/1/1525 902/1/1521 906/1/1524
f 2153/1/1526 2154/1/463 907/1/651 905/1/1523
f 2154/1/463 2153/1/1526 906/1/1524 908/1/703
f 2154/1/463 2152/1/1525 901/1/1520 907/1/651
f 2152/1/1525 2154/1/463 908/1/703 902/1/1521
f 2155/1/1519 2156/1/440 911/1/462 909/1/1520
f 2156/1/440 2155/1/1519 910/1/1521 912/1/461
f 2156/1/440 2157/1/1522 913/1/1523 911/1/462
f 2157/1/1522 2156/1/440 912/1/461 914/1/1524
f 2157/1/1522 2155/1/1519 909/1/1520 913/1/1523
f 2155/1/1519 2157/1/1522 914/1/1524 910/1/1521
f 2158/1/1525 2159/1/1526 913/1/1523 909/1/1520
f 2159/1/1526 2158/1/1525 910/1/1521 914/1/1524
f 2159/1/1526 2160/1/463 915/1/651 913/1/1523
f 2160/1/463 2159/1/1526 914/1/1524 916/1/703
f 2160/1/463 2158/1/1525 909/1/1520 915/1/651
f 2158/1/1525 2160/1/463 916/1/703 910/1/1521
f 2161/1/1527 2162/1/1528 919/1/1529 917/1/1530
f 2162/1/1528 2161/1/1527 918/1/1531 920/1/1532
f 2162/1/1528 2163/1/440 921/1/462 919/1/1529
f 2163/1/440 2162/1/1528 920/1/1532 922/1/461
f 2163/1/440 2161/1/1527 917/1/1530 921/1/462
f 2161/1/1527 2163/1/440 922/1/461 918/1/1531
f 2164/1/1533 2165/1/1534 917/1/1530 919/1/1529
f 2165/1/1534 2164/1/1533 920/1/1532 918/1/1531
f 2165/1/1534 2166/1/463 923/1/651 917/1/1530
f 2166/1/463 2165/1/1534 918/1/1531 924/1/703
f 2166/1/463 2164/1/1533 919/1/1529 923/1/651
f 2164/1/1533 2166/1/463 924/1/703 920/1/1532
f 2167/1/1527 2168/1/1528 927/1/1529 925/1/1530
f 2168/1/1528 2167/1/1527 926/1/1531 928/1/1532
f 2168/1/1528 2169/1/440 929/1/462 927/1/1529
f 2169/1/440 2168/1/1528 928/1/1532 930/1/461
f 2169/1/440 2167/1/1527 925/1/1530 929/1/462
f 2167/1/1527 2169/1/440 930/1/461 926/1/1531
f 2170/1/1533 2171/1/1534 925/1/1530 927/1/1529
f 2171/1/1534 2170/1/1533 928/1/1532 926/1/1531
f 2171/1/1534 2172/1/463 931/1/651 925/1/1530
f 2172/1/463 2171/1/1534 926/1/1531 932/1/703
f 2172/1/463 2170/1/1533 927/1/1529 931/1/651
f 2170/1/1533 2172/1/463 932/1/703 928/1/1532
f 2173/1/1535 2174/1/440 935/1/462 933/1/1536
f 2174/1/440 2173/1/1535 934/1/1537 936/1/1538
f 2174/1/440 2175/1/1539 937/1/1540 935/1/462
f 2175/1/1539 2174/1/440 936/1/1538 938/1/1541
f 2175/1/1539 2173/1/1535 933/1/1536 937/1/1540
f 2173/1/1535 2175/1/1539 938/1/1541 934/1/1537
f 2176/1/1542 2177/1/1543 937/1/1540 933/1/1536
f 2177/1/1543 2176/1/1542 934/1/1537 938/1/1541
f 2177/1/1543 2178/1/463 939/1/651 937/1/1540
f 2178/1/463 2177/1/1543 938/1/1541 940/1/1544
f 2178/1/463 2176/1/1542 933/1/1536 939/1/651
f 2176/1/1542 2178/1/463 940/1/1544 934/1/1537
f 2179/1/550 2180/1/549 943/1/1545 941/1/1546
f 2180/1/549 2179/1/550 942/1/1547 944/1/1548
f 2180/1/549 2181/1/361 945/1/1549 943/1/1545
f 2181/1/361 2180/1/549 944/1/1548 946/1/1550
f 2181/1/361 2179/1/550 941/1/1546 945/1/1549
f 2179/1/550 2181/1/361 946/1/1550 942/1/1547
f 2182/1/1551 2183/1/145 947/1/1552 941/1/1546
f 2183/1/145 2182/1/1551 942/1/1547 948/1/1553
f 2183/1/145 2184/1/84 943/1/1545 947/1/1552
f 2184/1/84 2183/1/145 948/1/1553 944/1/1548
f 2184/1/84 2182/1/1551 941/1/1546 943/1/1545
f 2182/1/1551 2184/1/84 944/1/1548 942/1/1547
f 2185/1/1554 2186/1/1555 947/1/1552 949/1/81
f 2186/1/1555 2185/1/1554 950/1/80 948/1/1553
f 2186/1/1555 2187/1/1556 941/1/1546 947/1/1552
f 2187/1/1556 2186/1/1555 948/1/1553 942/1/1547
f 2187/1/1556 2185/1/1554 949/1/81 941/1/1546
f 2185/1/1554 2187/1/1556 942/1/1547 950/1/80
f 2188/1/1557 2189/1/1558 949/1/81 947/1/1552
f 2189/1/1558 2188/1/1557 948/1/1553 950/1/80
f 2189/1/1558 2190/1/1559 951/1/1560 949/1/81
f 2190/1/1559 2189/1/1558 950/1/80 952/1/1561
f 2190/1/1559 2188/1/1557 947/1/1552 951/1/1560
f 2188/1/1557 2190/1/1559 952/1/1561 948/1/1553
f 2191/1/1562 2192/1/95 953/1/1563 951/1/1560
f 2192/1/95 2191/1/1562 952/1/1561 954/1/1564
f 2192/1/95 2193/1/1565 947/1/1552 953/1/1563
f 2193/1/1565 2192/1/95 954/1/1564 948/1/1553
f 2193/1/1565 2191/1/1562 951/1/1560 947/1/1552
f 2191/1/1562 2193/1/1565 948/1/1553 952/1/1561
f 2194/1/1566 2195/1/1551 951/1/1560 953/1/1563
f 2195/1/1551 2194/1/1566 954/1/1564 952/1/1561
f 2195/1/1551 2196/1/370 955/1/566 951/1/1560
f 2196/1/370 2195/1/1551 952/1/1561 956/1/565
f 2196/1/370 2194/1/1566 953/1/1563 955/1/566
f 2194/1/1566 2196/1/370 956/1/565 954/1/1564
f 2197/1/570 2198/1/569 959/1/1567 957/1/1568
f 2198/1/569 2197/1/570 958/1/1569 960/1/1570
f 2198/1/569 2199/1/361 961/1/363 959/1/1567
f 2199/1/361 2198/1/569 960/1/1570 962/1/362
f 2199/1/361 2197/1/570 957/1/1568 961/1/363
f 2197/1/570 2199/1/361 962/1/362 958/1/1569
f 2200/1/378 2201/1/1571 957/1/1568 959/1/1567
f 2201/1/1571 2200/1/378 960/1/1570 958/1/1569
f 2201/1/1571 2202/1/181 963/1/1572 957/1/1568
f 2202/1/181 2201/1/1571 958/1/1569 964/1/1573
f 2202/1/181 2200/1/378 959/1/1567 963/1/1572
f 2200/1/378 2202/1/181 964/1/1573 960/1/1570
f 2203/1/1574 2204/1/1575 963/1/1572 965/1/1576
f 2204/1/1575 2203/1/1574 966/1/1577 964/1/1573
f 2204/1/1575 2205/1/1556 957/1/1568 963/1/1572
f 2205/1/1556 2204/1/1575 964/1/1573 958/1/1569
f 2205/1/1556 2203/1/1574 965/1/1576 957/1/1568
f 2203/1/1574 2205/1/1556 958/1/1569 966/1/1577
f 2206/1/576 2207/1/370 967/1/575 965/1/1576
f 2207/1/370 2206/1/576 966/1/1577 968/1/371
f 2207/1/370 2208/1/574 963/1/1572 967/1/575
f 2208/1/574 2207/1/370 968/1/371 964/1/1573
f 2208/1/574 2206/1/576 965/1/1576 963/1/1572
f 2206/1/576 2208/1/574 964/1/1573 966/1/1577
f 2209/1/577 2210/1/1578 967/1/575 963/1/1572
f 2210/1/1578 2209/1/577 964/1/1573 968/1/371
f 2210/1/1578 2211/1/181 969/1/380 967/1/575
f 2211/1/181 2210/1/1578 968/1/371 970/1/578
f 2211/1/181 2209/1/577 963/1/1572 969/1/380
f 2209/1/577 2211/1/181 970/1/578 964/1/1573
f 2212/1/374 2213/1/351 965/1/1576 967/1/575
f 2213/1/351 2212/1/374 968/1/371 966/1/1577
f 2213/1/351 2214/1/140 971/1/376 965/1/1576
f 2214/1/140 2213/1/351 966/1/1577 972/1/375
f 2214/1/140 2212/1/374 967/1/575 971/1/376
f 2212/1/374 2214/1/140 972/1/375 968/1/371
f 2215/1/1579 2216/1/1580 975/1/1581 973/1/1582
f 2216/1/1580 2215/1/1579 974/1/1583 976/1/1584
f 2216/1/1580 2217/1/1585 977/1/1586 975/1/1581
f 2217/1/1585 2216/1/1580 976/1/1584 978/1/1587
f 2217/1/1585 2215/1/1579 973/1/1582 977/1/1586
f 2215/1/1579 2217/1/1585 978/1/1587 974/1/1583
f 2218/1/1588 2219/1/1589 973/1/1582 975/1/1581
f 2219/1/1589 2218/1/1588 976/1/1584 974/1/1583
f 2219/1/1589 2220/1/1590 979/1/1591 973/1/1582
f 2220/1/1590 2219/1/1589 974/1/1583 980/1/1592
f 2220/1/1590 2218/1/1588 975/1/1581 979/1/1591
f 2218/1/1588 2220/1/1590 980/1/1592 976/1/1584
f 2221/1/1593 2222/1/1594 981/1/1595 977/1/1586
f 2222/1/1594 2221/1/1593 978/1/1587 982/1/1596
f 2222/1/1594 2223/1/1597 973/1/1582 981/1/1595
f 2223/1/1597 2222/1/1594 982/1/1596 974/1/1583
f 2223/1/1597 2221/1/1593 977/1/1586 973/1/1582
f 2221/1/1593 2223/1/1597 974/1/1583 978/1/1587
f 2224/1/1598 2225/1/1599 983/1/1600 977/1/1586
f 2225/1/1599 2224/1/1598 978/1/1587 984/1/1601
f 2225/1/1599 2226/1/1602 981/1/1595 983/1/1600
f 2226/1/1602 2225/1/1599 984/1/1601 982/1/1596
f 2226/1/1602 2224/1/1598 977/1/1586 981/1/1595
f 2224/1/1598 2226/1/1602 982/1/1596 978/1/1587
f 2227/1/1603 2228/1/1604 985/1/1605 983/1/1600
f 2228/1/1604 2227/1/1603 984/1/1601 986/1/1606
f 2228/1/1604 2229/1/1607 981/1/1595 985/1/1605
f 2229/1/1607 2228/1/1604 986/1/1606 982/1/1596
f 2229/1/1607 2227/1/1603 983/1/1600 981/1/1595
f 2227/1/1603 2229/1/1607 982/1/1596 984/1/1601
f 2230/1/1608 2231/1/1609 985/1/1605 987/1/1610
f 2231/1/1609 2230/1/1608 988/1/1611 986/1/1606
f 2231/1/1609 2232/1/1612 983/1/1600 985/1/1605
f 2232/1/1612 2231/1/1609 986/1/1606 984/1/1601
f 2232/1/1612 2230/1/1608 987/1/1610 983/1/1600
f 2230/1/1608 2232/1/1612 984/1/1601 988/1/1611
f 2233/1/365 2234/1/1613 991/1/1567 989/1/1568
f 2234/1/1613 2233/1/365 990/1/1569 992/1/1570
f 2234/1/1613 2235/1/361 993/1/363 991/1/1567
f 2235/1/361 2234/1/1613 992/1/1570 994/1/362
f 2235/1/361 2233/1/365 989/1/1568 993/1/363
f 2233/1/365 2235/1/361 994/1/362 990/1/1569
f 2236/1/577 2237/1/1614 989/1/1568 991/1/1567
f 2237/1/1614 2236/1/577 992/1/1570 990/1/1569
f 2237/1/1614 2238/1/181 995/1/1572 989/1/1568
f 2238/1/181 2237/1/1614 990/1/1569 996/1/1573
f 2238/1/181 2236/1/577 991/1/1567 995/1/1572
f 2236/1/577 2238/1/181 996/1/1573 992/1/1570
f 2239/1/1574 2240/1/569 995/1/1572 997/1/1615
f 2240/1/569 2239/1/1574 998/1/1577 996/1/1573
f 2240/1/569 2241/1/1556 989/1/1568 995/1/1572
f 2241/1/1556 2240/1/569 996/1/1573 990/1/1569
f 2241/1/1556 2239/1/1574 997/1/1615 989/1/1568
f 2239/1/1574 2241/1/1556 990/1/1569 998/1/1577
f 2242/1/576 2243/1/370 999/1/575 997/1/1615
f 2243/1/370 2242/1/576 998/1/1577 1000/1/371
f 2243/1/370 2244/1/574 995/1/1572 999/1/575
f 2244/1/574 2243/1/370 1000/1/371 996/1/1573
f 2244/1/574 2242/1/576 997/1/1615 995/1/1572
f 2242/1/576 2244/1/574 996/1/1573 998/1/1577
f 2245/1/577 2246/1/1616 999/1/575 995/1/1572
f 2246/1/1616 2245/1/577 996/1/1573 1000/1/371
f 2246/1/1616 2247/1/181 1001/1/1617 999/1/575
f 2247/1/181 2246/1/1616 1000/1/371 1002/1/578
f 2247/1/181 2245/1/577 995/1/1572 1001/1/1617
f 2245/1/577 2247/1/181 1002/1/578 996/1/1573
f 2248/1/374 2249/1/351 997/1/1615 999/1/575
f 2249/1/351 2248/1/374 1000/1/371 998/1/1577
f 2249/1/351 2250/1/140 1003/1/376 997/1/1615
f 2250/1/140 2249/1/351 998/1/1577 1004/1/375
f 2250/1/140 2248/1/374 999/1/575 1003/1/376
f 2248/1/374 2250/1/140 1004/1/375 1000/1/371
f 2251/1/1618 2252/1/1619 1007/1/1620 1005/1/1621
f 2252/1/1619 2251/1/1618 1006/1/1622 1008/1/1623
f 2252/1/1619 2253/1/1624 1009/1/1625 1007/1/1620
f 2253/1/1624 2252/1/1619 1008/1/1623 1010/1/1626
f 2253/1/1624 2251/1/1618 1005/1/1621 1009/1/1625
f 2251/1/1618 2253/1/1624 1010/1/1626 1006/1/1622
f 2254/1/1627 2255/1/1628 1007/1/1620 1009/1/1625
f 2255/1/1628 2254/1/1627 1010/1/1626 1008/1/1623
f 2255/1/1628 2256/1/1629 1011/1/1630 1007/1/1620
f 2256/1/1629 2255/1/1628 1008/1/1623 1012/1/1631
f 2256/1/1629 2254/1/1627 1009/1/1625 1011/1/1630
f 2254/1/1627 2256/1/1629 1012/1/1631 1010/1/1626
f 2257/1/1618 2258/1/1619 1015/1/1620 1013/1/1632
f 2258/1/1619 2257/1/1618 1014/1/1622 1016/1/1623
f 2258/1/1619 2259/1/1633 1017/1/1625 1015/1/1620
f 2259/1/1633 2258/1/1619 1016/1/1623 1018/1/1626
f 2259/1/1633 2257/1/1618 1013/1/1632 1017/1/1625
f 2257/1/1618 2259/1/1633 1018/1/1626 1014/1/1622
f 2260/1/1627 2261/1/1628 1015/1/1620 1017/1/1625
f 2261/1/1628 2260/1/1627 1018/1/1626 1016/1/1623
f 2261/1/1628 2262/1/1629 1019/1/1630 1015/1/1620
f 2262/1/1629 2261/1/1628 1016/1/1623 1020/1/1631
f 2262/1/1629 2260/1/1627 1017/1/1625 1019/1/1630
f 2260/1/1627 2262/1/1629 1020/1/1631 1018/1/1626
f 2263/1/1634 2264/1/1635 1023/1/1636 1021/1/1637
f 2264/1/1635 2263/1/1634 1022/1/1638 1024/1/1639
f 2264/1/1635 2265/1/1640 1025/1/1641 1023/1/1636
f 2265/1/1640 2264/1/1635 1024/1/1639 1026/1/1642
f 2265/1/1640 2263/1/1634 1021/1/1637 1025/1/1641
f 2263/1/1634 2265/1/1640 1026/1/1642 1022/1/1638
f 2266/1/1643 2267/1/1644 1027/1/1645 1023/1/1636
f 2267/1/1644 2266/1/1643 1024/1/1639 1028/1/1646
f 2267/1/1644 2268/1/1647 1025/1/1641 1027/1/1645
f 2268/1/1647 2267/1/1644 1028/1/1646 1026/1/1642
f 2268/1/1647 2266/1/1643 1023/1/1636 1025/1/1641
f 2266/1/1643 2268/1/1647 1026/1/1642 1024/1/1639
f 2269/1/1648 2270/1/1649 1027/1/1645 1029/1/1650
f 2270/1/1649 2269/1/1648 1030/1/1651 1028/1/1646
f 2270/1/1649 2271/1/1652 1023/1/1636 1027/1/1645
f 2271/1/1652 2270/1/1649 1028/1/1646 1024/1/1639
f 2271/1/1652 2269/1/1648 1029/1/1650 1023/1/1636
f 2269/1/1648 2271/1/1652 1024/1/1639 1030/1/1651
f 2272/1/1653 2273/1/1654 1027/1/1645 1031/1/1655
f 2273/1/1654 2272/1/1653 1032/1/1656 1028/1/1646
f 2273/1/1654 2274/1/1657 1029/1/1650 1027/1/1645
f 2274/1/1657 2273/1/1654 1028/1/1646 1030/1/1651
f 2274/1/1657 2272/1/1653 1031/1/1655 1029/1/1650
f 2272/1/1653 2274/1/1657 1030/1/1651 1032/1/1656
f 2275/1/1658 2276/1/1659 1031/1/1655 1027/1/1645
f 2276/1/1659 2275/1/1658 1028/1/1646 1032/1/1656
f 2276/1/1659 2277/1/1660 1033/1/1661 1031/1/1655
f 2277/1/1660 2276/1/1659 1032/1/1656 1034/1/1662
f 2277/1/1660 2275/1/1658 1027/1/1645 1033/1/1661
f 2275/1/1658 2277/1/1660 1034/1/1662 1028/1/1646
f 2278/1/1663 2279/1/1664 1031/1/1655 1033/1/1661
f 2279/1/1664 2278/1/1663 1034/1/1662 1032/1/1656
f 2279/1/1664 2280/1/1665 1035/1/1666 1031/1/1655
f 2280/1/1665 2279/1/1664 1032/1/1656 1036/1/1667
f 2280/1/1665 2278/1/1663 1033/1/1661 1035/1/1666
f 2278/1/1663 2280/1/1665 1036/1/1667 1034/1/1662
f 2281/1/1668 2282/1/1669 1035/1/1666 1033/1/1661
f 2282/1/1669 2281/1/1668 1034/1/1662 1036/1/1667
f 2282/1/1669 2283/1/1670 1037/1/1671 1035/1/1666
f 2283/1/1670 2282/1/1669 1036/1/1667 1038/1/1672
f 2283/1/1670 2281/1/1668 1033/1/1661 1037/1/1671
f 2281/1/1668 2283/1/1670 1038/1/1672 1034/1/1662
f 2284/1/1673 2285/1/1674 1033/1/1661 1039/1/1675
f 2285/1/1674 2284/1/1673 1040/1/1676 1034/1/1662
f 2285/1/1674 2286/1/1677 1037/1/1671 1033/1/1661
f 2286/1/1677 2285/1/1674 1034/1/1662 1038/1/1672
f 2286/1/1677 2284/1/1673 1039/1/1675 1037/1/1671
f 2284/1/1673 2286/1/1677 1038/1/1672 1040/1/1676
f 2287/1/1678 2288/1/1679 1043/1/1680 1041/1/1681
f 2288/1/1679 2287/1/1678 1042/1/1682 1044/1/1683
f 2288/1/1679 2289/1/1684 1045/1/1685 1043/1/1680
f 2289/1/1684 2288/1/1679 1044/1/1683 1046/1/1686
f 2289/1/1684 2287/1/1678 1041/1/1681 1045/1/1685
f 2287/1/1678 2289/1/1684 1046/1/1686 1042/1/1682
f 2290/1/1687 2291/1/1688 1041/1/1681 1043/1/1680
f 2291/1/1688 2290/1/1687 1044/1/1683 1042/1/1682
f 2291/1/1688 2292/1/1689 1047/1/1690 1041/1/1681
f 2292/1/1689 2291/1/1688 1042/1/1682 1048/1/1691
f 2292/1/1689 2290/1/1687 1043/1/1680 1047/1/1690
f 2290/1/1687 2292/1/1689 1048/1/1691 1044/1/1683
f 2293/1/1692 2294/1/1693 1051/1/1694 1049/1/1546
f 2294/1/1693 2293/1/1692 1050/1/1547 1052/1/1695
f 2294/1/1693 2295/1/361 1053/1/552 1051/1/1694
f 2295/1/361 2294/1/1693 1052/1/1695 1054/1/551
f 2295/1/361 2293/1/1692 1049/1/1546 1053/1/552
f 2293/1/1692 2295/1/361 1054/1/551 1050/1/1547
f 2296/1/1696 2297/1/1697 1055/1/1552 1049/1/1546
f 2297/1/1697 2296/1/1696 1050/1/1547 1056/1/1553
f 2297/1/1697 2298/1/84 1051/1/1694 1055/1/1552
f 2298/1/84 2297/1/1697 1056/1/1553 1052/1/1695
f 2298/1/84 2296/1/1696 1049/1/1546 1051/1/1694
f 2296/1/1696 2298/1/84 1052/1/1695 1050/1/1547
f 2299/1/1698 2300/1/1699 1055/1/1552 1057/1/81
f 2300/1/1699 2299/1/1698 1058/1/80 1056/1/1553
f 2300/1/1699 2301/1/1556 1049/1/1546 1055/1/1552
f 2301/1/1556 2300/1/1699 1056/1/1553 1050/1/1547
f 2301/1/1556 2299/1/1698 1057/1/81 1049/1/1546
f 2299/1/1698 2301/1/1556 1050/1/1547 1058/1/80
f 2302/1/1700 2303/1/1701 1057/1/81 1055/1/1552
f 2303/1/1701 2302/1/1700 1056/1/1553 1058/1/80
f 2303/1/1701 2304/1/1559 1059/1/1560 1057/1/81
f 2304/1/1559 2303/1/1701 1058/1/80 1060/1/1561
f 2304/1/1559 2302/1/1700 1055/1/1552 1059/1/1560
f 2302/1/1700 2304/1/1559 1060/1/1561 1056/1/1553
f 2305/1/554 2306/1/95 1061/1/1702 1059/1/1560
f 2306/1/95 2305/1/554 1060/1/1561 1062/1/1703
f 2306/1/95 2307/1/1565 1055/1/1552 1061/1/1702
f 2307/1/1565 2306/1/95 1062/1/1703 1056/1/1553
f 2307/1/1565 2305/1/554 1059/1/1560 1055/1/1552
f 2305/1/554 2307/1/1565 1056/1/1553 1060/1/1561
f 2308/1/1704 2309/1/1696 1059/1/1560 1061/1/1702
f 2309/1/1696 2308/1/1704 1062/1/1703 1060/1/1561
f 2309/1/1696 2310/1/370 1063/1/566 1059/1/1560
f 2310/1/370 2309/1/1696 1060/1/1561 1064/1/565
f 2310/1/370 2308/1/1704 1061/1/1702 1063/1/566
f 2308/1/1704 2310/1/370 1064/1/565 1062/1/1703
f 2311/1/1705 2312/1/1706 1067/1/1707 1065/1/1708
f 2312/1/1706 2311/1/1705 1066/1/1709 1068/1/1710
f 2312/1/1706 2313/1/1711 1069/1/1712 1067/1/1707
f 2313/1/1711 2312/1/1706 1068/1/1710 1070/1/1713
f 2313/1/1711 2311/1/1705 1065/1/1708 1069/1/1712
f 2311/1/1705 2313/1/1711 1070/1/1713 1066/1/1709
f 2314/1/1714 2315/1/1715 1065/1/1708 1067/1/1707
f 2315/1/1715 2314/1/1714 1068/1/1710 1066/1/1709
f 2315/1/1715 2316/1/1716 1071/1/1717 1065/1/1708
f 2316/1/1716 2315/1/1715 1066/1/1709 1072/1/1718
f 2316/1/1716 2314/1/1714 1067/1/1707 1071/1/1717
f 2314/1/1714 2316/1/1716 1072/1/1718 1068/1/1710
f 2317/1/1719 2318/1/1720 1067/1/1707 1073/1/1721
f 2318/1/1720 2317/1/1719 1074/1/1722 1068/1/1710
f 2318/1/1720 2319/1/1723 1071/1/1717 1067/1/1707
f 2319/1/1723 2318/1/1720 1068/1/1710 1072/1/1718
f 2319/1/1723 2317/1/1719 1073/1/1721 1071/1/1717
f 2317/1/1719 2319/1/1723 1072/1/1718 1074/1/1722
f 2320/1/1724 2321/1/1725 1073/1/1721 1067/1/1707
f 2321/1/1725 2320/1/1724 1068/1/1710 1074/1/1722
f 2321/1/1725 2322/1/1726 1075/1/1727 1073/1/1721
f 2322/1/1726 2321/1/1725 1074/1/1722 1076/1/1728
f 2322/1/1726 2320/1/1724 1067/1/1707 1075/1/1727
f 2320/1/1724 2322/1/1726 1076/1/1728 1068/1/1710
f 2323/1/1729 2324/1/1730 1075/1/1727 1077/1/1731
f 2324/1/1730 2323/1/1729 1078/1/1732 1076/1/1728
f 2324/1/1730 2325/1/1733 1073/1/1721 1075/1/1727
f 2325/1/1733 2324/1/1730 1076/1/1728 1074/1/1722
f 2325/1/1733 2323/1/1729 1077/1/1731 1073/1/1721
f 2323/1/1729 2325/1/1733 1074/1/1722 1078/1/1732
f 2326/1/1734 2327/1/1735 1077/1/1731 1075/1/1727
f 2327/1/1735 2326/1/1734 1076/1/1728 1078/1/1732
f 2327/1/1735 2328/1/1736 1079/1/1737 1077/1/1731
f 2328/1/1736 2327/1/1735 1078/1/1732 1080/1/1738
f 2328/1/1736 2326/1/1734 1075/1/1727 1079/1/1737
f 2326/1/1734 2328/1/1736 1080/1/1738 1076/1/1728
f 2329/1/139 2330/1/136 1081/1/138 1077/1/1731
f 2330/1/136 2329/1/139 1078/1/1732 1082/1/137
f 2330/1/136 2331/1/135 1079/1/1737 1081/1/138
f 2331/1/135 2330/1/136 1082/1/137 1080/1/1738
f 2331/1/135 2329/1/139 1077/1/1731 1079/1/1737
f 2329/1/139 2331/1/135 1080/1/1738 1078/1/1732
f 2332/1/140 2333/1/144 1081/1/138 1083/1/143
f 2333/1/144 2332/1/140 1084/1/142 1082/1/137
f 2333/1/144 2334/1/141 1077/1/1731 1081/1/138
f 2334/1/141 2333/1/144 1082/1/137 1078/1/1732
f 2334/1/141 2332/1/140 1083/1/143 1077/1/1731
f 2332/1/140 2334/1/141 1078/1/1732 1084/1/142
f 2335/1/1739 2336/1/1740 1085/1/1741 1073/1/1721
f 2336/1/1740 2335/1/1739 1074/1/1722 1086/1/1742
f 2336/1/1740 2337/1/1743 1077/1/1731 1085/1/1741
f 2337/1/1743 2336/1/1740 1086/1/1742 1078/1/1732
f 2337/1/1743 2335/1/1739 1073/1/1721 1077/1/1731
f 2335/1/1739 2337/1/1743 1078/1/1732 1074/1/1722
f 2338/1/1744 2339/1/1745 1073/1/1721 1085/1/1741
f 2339/1/1745 2338/1/1744 1086/1/1742 1074/1/1722
f 2339/1/1745 2340/1/1746 1087/1/1747 1073/1/1721
f 2340/1/1746 2339/1/1745 1074/1/1722 1088/1/1748
f 2340/1/1746 2338/1/1744 1085/1/1741 1087/1/1747
f 2338/1/1744 2340/1/1746 1088/1/1748 1086/1/1742
f 2341/1/139 2342/1/136 1089/1/138 1087/1/1747
f 2342/1/136 2341/1/139 1088/1/1748 1090/1/137
f 2342/1/136 2343/1/135 1085/1/1741 1089/1/138
f 2343/1/135 2342/1/136 1090/1/137 1086/1/1742
f 2343/1/135 2341/1/139 1087/1/1747 1085/1/1741
f 2341/1/139 2343/1/135 1086/1/1742 1088/1/1748
f 2344/1/141 2345/1/140 1091/1/143 1087/1/1747
f 2345/1/140 2344/1/141 1088/1/1748 1092/1/142
f 2345/1/140 2346/1/144 1089/1/138 1091/1/143
f 2346/1/144 2345/1/140 1092/1/142 1090/1/137
f 2346/1/144 2344/1/141 1087/1/1747 1089/1/138
f 2344/1/141 2346/1/144 1090/1/137 1088/1/1748
